accident_index,latitude,longitude,accident_severity,number_of_vehicles,number_of_casualties,date,day_of_week,time,road_type,speed_limit,junction_detail,light_conditions,weather_conditions,road_surface_conditions,urban_or_rural_area,first_road_class,police_force
DEMO100000,52.6529441604021,-1.8613442905753383,2,2,2,15/08/2025,5,12:43,3,60.0,8,6,2.0,1.0,1,3,1
DEMO100001,56.085475439488306,-3.2777537153928127,2,2,3,30/10/2025,4,10:52,3,40.0,1,4,1.0,2.0,1,5,5
DEMO100002,53.100369382352966,-1.0403790814503622,2,3,4,22/08/2025,5,01:08,12,30.0,3,1,1.0,6.0,1,4,42
DEMO100003,53.58820406372743,-3.3564930120307963,3,2,3,05/08/2025,2,02:14,2,50.0,0,1,9.0,1.0,1,4,7
DEMO100004,53.71595979025626,-3.3640256329498883,3,1,2,20/06/2025,5,14:02,2,70.0,3,1,1.0,3.0,1,1,29
DEMO100005,51.70031129131907,-3.0637336082793545,3,1,1,31/03/2025,1,13:29,3,30.0,8,1,1.0,2.0,1,5,13
DEMO100006,52.2647301822139,-1.9070442209534642,3,6,9,13/04/2025,7,13:29,3,20.0,9,1,1.0,3.0,2,4,8
DEMO100007,55.668804486285616,-4.325534342477436,3,3,3,30/09/2025,2,03:01,7,30.0,6,6,7.0,1.0,2,6,35
DEMO100008,53.49449806361517,-2.681614351654517,3,3,4,26/01/2025,7,12:39,3,40.0,2,1,5.0,1.0,1,5,3
DEMO100009,52.59159056707429,-2.1011860635339525,3,3,3,31/01/2025,5,01:00,9,30.0,8,6,2.0,1.0,1,4,35
DEMO100010,53.111565496693835,-0.8033865468115935,3,2,2,25/05/2025,7,03:47,9,40.0,7,7,8.0,2.0,1,6,18
DEMO100011,54.45475969026038,-5.616314499015036,3,4,4,10/10/2025,5,11:42,6,30.0,6,1,1.0,3.0,2,2,16
DEMO100012,55.850810729490675,-4.06205230103925,2,2,3,28/08/2025,4,14:48,9,70.0,6,7,7.0,1.0,1,2,15
DEMO100013,55.80602086197386,-3.384174258847558,3,2,3,04/08/2025,1,15:07,2,30.0,6,1,1.0,1.0,1,2,19
DEMO100014,55.68298806477643,-4.331748142485018,2,2,2,14/07/2025,1,23:52,7,60.0,2,5,1.0,1.0,2,2,32
DEMO100015,56.026446517572566,-3.2848875555641444,2,4,5,10/02/2025,1,20:32,7,70.0,6,7,1.0,1.0,1,2,13
DEMO100016,52.9415839666756,-1.3205435477281213,3,1,2,02/05/2025,5,09:51,3,40.0,0,6,9.0,3.0,2,5,30
DEMO100017,52.568178886193124,-2.0209951644111186,3,3,4,30/01/2025,4,18:41,1,30.0,7,1,7.0,1.0,1,1,22
DEMO100018,51.378694460565676,-3.2033181569206324,1,3,6,04/10/2025,6,02:39,6,60.0,6,1,3.0,,1,4,12
DEMO100019,53.528941176690886,-3.345761043745804,3,7,7,02/10/2025,4,20:01,6,30.0,3,1,1.0,1.0,1,6,2
DEMO100020,52.75184433664231,-0.8747032310769219,2,3,4,05/04/2025,6,09:41,7,40.0,2,7,1.0,3.0,2,4,21
DEMO100021,51.37252359455816,-2.6204275176554277,3,1,1,17/04/2025,4,18:26,3,20.0,7,1,,2.0,1,1,16
DEMO100022,53.2815908382923,-2.3631222126622777,3,2,2,26/04/2025,6,23:50,3,30.0,6,1,1.0,1.0,1,6,21
DEMO100023,54.64851325300758,-6.308416404536125,3,3,5,21/11/2025,5,16:41,12,40.0,1,1,1.0,1.0,2,1,39
DEMO100024,56.27954950281195,-3.0004354788139613,3,1,3,28/06/2025,6,22:04,2,50.0,3,1,3.0,2.0,1,3,18
DEMO100025,53.44745919243306,-1.7202010166908481,2,2,3,06/10/2025,1,00:53,12,70.0,0,1,3.0,4.0,1,1,17
DEMO100026,51.43619377260942,-2.472233463867598,3,2,4,13/06/2025,5,04:03,9,40.0,3,1,7.0,1.0,1,2,32
DEMO100027,55.91775665547981,-3.3997106556956918,3,2,2,12/09/2025,5,15:17,7,30.0,7,4,2.0,1.0,1,3,19
DEMO100028,52.85039574430177,-1.1307216694190225,3,2,5,12/07/2025,6,12:13,3,40.0,3,1,1.0,1.0,1,3,38
DEMO100029,53.60733102792173,-3.2993749130511754,2,4,7,12/04/2025,6,02:58,9,20.0,2,1,2.0,1.0,2,6,28
DEMO100030,53.4825471038831,-3.032466296275654,3,1,2,16/11/2025,7,17:09,12,30.0,2,1,1.0,1.0,1,3,6
DEMO100031,53.179565174092744,-2.2612432676439598,2,2,2,16/09/2025,2,01:50,9,30.0,3,1,3.0,5.0,1,1,39
DEMO100032,52.68209325449192,-1.851612491291095,3,2,2,08/10/2025,3,23:13,7,20.0,0,6,5.0,1.0,1,1,14
DEMO100033,52.798099608634026,-0.9460780687746608,3,3,3,13/12/2025,6,03:39,6,20.0,9,1,1.0,3.0,1,6,41
DEMO100034,51.363531609200926,-3.055143421192356,3,3,3,01/04/2025,2,10:05,2,20.0,7,1,1.0,1.0,1,4,13
DEMO100035,51.57981212271137,0.24732415641215946,3,3,3,03/02/2025,1,19:23,12,30.0,7,1,6.0,1.0,1,6,12
DEMO100036,51.37391640578988,-3.522410884907646,2,1,1,01/08/2025,5,12:37,1,60.0,1,1,2.0,1.0,2,2,7
DEMO100037,56.35700855557893,-2.686381451441804,3,3,3,30/04/2025,3,17:42,6,30.0,9,6,2.0,1.0,2,3,4
DEMO100038,53.757866870194796,-1.3234527097004714,3,4,4,09/06/2025,1,16:52,3,60.0,7,6,4.0,3.0,1,2,36
DEMO100039,53.495068174549814,-1.5762740988501718,2,2,4,27/03/2025,4,22:48,9,60.0,3,1,2.0,1.0,1,5,34
DEMO100040,52.2081915334552,-1.6530330196684269,3,3,4,26/05/2025,1,11:31,9,60.0,8,1,1.0,1.0,1,3,36
DEMO100041,55.84236926797638,-2.7643395017490273,2,3,5,24/05/2025,6,23:18,7,30.0,2,1,5.0,,1,1,16
DEMO100042,55.84063591750595,-3.984777354933359,3,3,3,08/05/2025,4,12:15,2,30.0,9,5,7.0,1.0,1,4,17
DEMO100043,51.63392744513249,-2.8248801622536295,3,4,5,28/09/2025,7,21:59,3,30.0,1,1,1.0,1.0,2,5,5
DEMO100044,,-0.11795265758795791,2,1,3,05/08/2025,2,17:36,2,30.0,8,7,1.0,3.0,1,5,20
DEMO100045,54.81319700911698,-5.7489527249118355,3,2,2,23/06/2025,1,03:54,12,20.0,9,1,4.0,1.0,1,6,38
DEMO100046,,-2.99916133081322,3,4,5,11/02/2025,2,15:26,2,30.0,6,7,3.0,1.0,1,1,17
DEMO100047,51.54054032629356,-3.073533206731163,2,1,2,28/07/2025,1,21:29,12,40.0,9,1,1.0,1.0,1,1,34
DEMO100048,55.73003890686275,-4.129464007969017,3,5,5,05/03/2025,3,03:49,2,,0,1,2.0,1.0,1,5,1
DEMO100049,55.77956863204606,-3.425082949509204,3,1,1,25/04/2025,5,20:43,9,30.0,7,1,4.0,1.0,1,4,4
DEMO100050,55.561372299573875,-2.8862174412681187,3,1,1,01/06/2025,7,02:12,7,30.0,2,1,2.0,4.0,2,2,43
DEMO100051,53.5347433167042,-2.2206205932077636,3,2,2,21/02/2025,5,20:31,9,40.0,2,7,,1.0,2,1,35
DEMO100052,51.56740594065908,-2.598653103319491,3,2,2,23/05/2025,5,18:12,7,50.0,3,1,1.0,6.0,2,2,31
DEMO100053,53.343260082907655,-3.20749226163717,2,4,5,08/04/2025,2,03:45,9,50.0,7,1,2.0,1.0,1,1,31
DEMO100054,53.123369233446795,-3.0496574290496996,2,2,3,07/11/2025,5,17:01,9,60.0,7,7,7.0,1.0,1,2,39
DEMO100055,51.40729870433787,0.09701876632294013,2,3,3,10/11/2025,1,02:49,3,40.0,2,1,2.0,1.0,1,2,8
DEMO100056,53.02195846570656,-1.100563949359526,1,2,4,02/01/2025,4,13:55,12,30.0,3,1,1.0,1.0,2,5,14
DEMO100057,52.519325629762065,-1.7205695193555708,2,2,4,08/08/2025,5,22:01,7,30.0,2,1,7.0,1.0,1,1,21
DEMO100058,55.98515367461915,-4.259951886130614,3,4,5,22/08/2025,5,04:37,3,20.0,7,1,1.0,3.0,1,6,7
DEMO100059,55.573066683686534,-4.230671249500155,3,3,3,18/05/2025,7,04:04,3,30.0,1,7,,2.0,1,5,23
DEMO100060,54.524399438764746,-6.324119254617006,3,2,3,21/06/2025,6,10:21,6,60.0,3,1,1.0,2.0,2,6,7
DEMO100061,,-4.157883405284829,3,3,4,16/10/2025,4,08:20,9,40.0,9,5,4.0,1.0,1,1,13
DEMO100062,51.568466758234784,-2.6346853485604136,3,1,2,18/05/2025,7,01:31,9,40.0,9,1,4.0,3.0,1,5,44
DEMO100063,54.48869207909215,-5.853942708954089,3,2,2,24/01/2025,5,10:55,3,30.0,6,1,5.0,1.0,1,1,25
DEMO100064,51.55078201358973,-3.1041022642841862,3,3,3,16/05/2025,5,06:27,7,40.0,2,5,1.0,2.0,1,5,17
DEMO100065,53.62991133628201,-0.9411105496461794,3,6,7,03/04/2025,4,02:23,1,30.0,7,5,2.0,2.0,2,5,35
DEMO100066,51.52065924656306,-3.1614560214402148,3,1,2,20/05/2025,2,06:05,3,30.0,6,4,1.0,1.0,2,4,19
DEMO100067,51.401720217066334,-2.477085175909321,3,2,2,25/03/2025,2,00:53,9,40.0,0,1,8.0,1.0,1,2,22
DEMO100068,51.44412989447619,-0.034851514003929496,3,3,3,24/02/2025,1,21:18,3,20.0,9,1,1.0,4.0,1,2,1
DEMO100069,53.84276523982049,-3.0674429875118965,3,3,3,26/12/2025,5,23:27,3,30.0,2,5,3.0,1.0,1,6,18
DEMO100070,55.893380122582734,-3.0870950121289047,3,1,1,17/02/2025,1,08:05,1,20.0,3,4,4.0,2.0,1,3,41
DEMO100071,53.40469478208987,-1.9576765370275493,3,3,5,15/09/2025,1,21:17,1,30.0,6,1,1.0,4.0,1,2,33
DEMO100072,53.15196488450961,-2.948805962738347,3,1,1,19/09/2025,5,11:33,2,30.0,9,1,1.0,1.0,2,5,43
DEMO100073,,-1.6844095062403086,1,1,3,14/08/2025,4,21:54,2,50.0,8,6,1.0,1.0,1,6,35
DEMO100074,55.76635182668103,-4.067231012498864,1,1,1,29/11/2025,6,04:19,6,30.0,1,1,2.0,1.0,1,2,44
DEMO100075,53.40263365682139,-2.8220639411722312,2,1,1,02/01/2025,4,06:33,9,20.0,8,5,9.0,2.0,1,3,2
DEMO100076,53.6488282671084,-1.1048876464723567,3,2,3,21/04/2025,1,17:52,2,30.0,9,5,2.0,1.0,1,3,24
DEMO100077,53.55563253723284,-2.1579664135648775,3,3,3,09/03/2025,7,05:21,9,30.0,8,1,9.0,1.0,1,1,19
DEMO100078,53.12261854823869,-1.1765408736717504,1,1,1,30/07/2025,3,19:17,7,60.0,1,1,1.0,1.0,1,4,28
DEMO100079,56.09975545488274,-4.2620121209338535,3,2,3,20/08/2025,3,10:02,3,60.0,7,4,1.0,6.0,1,6,18
DEMO100080,54.57631099098941,-5.832036848643892,3,2,4,24/11/2025,1,09:54,3,50.0,8,4,7.0,3.0,2,2,43
DEMO100081,53.301580093311145,-3.316128010140988,2,2,4,19/05/2025,1,10:06,3,40.0,1,7,6.0,1.0,1,6,35
DEMO100082,52.3676583066671,-1.554532750190329,3,2,2,28/03/2025,5,19:12,9,50.0,7,4,,5.0,2,3,10
DEMO100083,55.956477278255335,-3.24682316448042,3,1,1,04/12/2025,4,00:08,9,30.0,8,1,4.0,2.0,1,3,43
DEMO100084,53.426754981954794,-1.4921803714409128,2,4,5,03/09/2025,3,18:42,3,50.0,7,1,6.0,4.0,1,1,10
DEMO100085,55.96217152254967,-4.564570239230207,2,5,7,07/10/2025,2,18:21,1,30.0,1,5,5.0,1.0,2,2,20
DEMO100086,52.33376932439728,-1.86412813390571,3,2,2,12/06/2025,4,19:42,3,30.0,2,1,3.0,1.0,1,4,16
DEMO100087,53.82499291303573,-1.8744272440595815,2,3,5,13/06/2025,5,23:36,7,60.0,7,6,1.0,3.0,2,4,1
DEMO100088,55.76983270732275,-3.5920954908142555,2,1,1,23/05/2025,5,18:00,2,60.0,1,1,1.0,1.0,1,3,22
DEMO100089,55.92999066477211,-3.36353884814621,3,2,2,01/10/2025,3,12:18,6,30.0,2,1,3.0,1.0,2,5,18
DEMO100090,53.65961140260816,-3.0507730170096137,3,3,7,18/03/2025,2,11:00,7,70.0,3,1,2.0,2.0,1,1,12
DEMO100091,55.91225624804058,-3.394127269937309,3,2,2,23/12/2025,2,09:03,7,40.0,0,7,1.0,1.0,1,3,29
DEMO100092,51.32238801486931,-3.110501260493554,2,2,2,06/03/2025,4,19:28,2,40.0,6,5,1.0,1.0,1,2,25
DEMO100093,51.51759153927698,-2.29360597086772,3,3,5,18/06/2025,3,09:15,6,40.0,9,4,,1.0,2,3,27
DEMO100094,51.64260316912151,-3.1267275090068583,3,3,4,25/04/2025,5,13:05,6,60.0,3,1,2.0,1.0,1,5,35
DEMO100095,53.662416374921946,-2.0810568547738217,3,3,3,23/08/2025,6,02:24,9,70.0,2,7,1.0,1.0,1,3,22
DEMO100096,53.236898285287744,-2.2470243557978558,3,3,4,06/09/2025,6,07:27,6,50.0,2,7,1.0,1.0,2,1,38
DEMO100097,55.71804315393385,-4.112418387687595,3,1,2,02/12/2025,2,06:59,3,30.0,6,1,1.0,1.0,1,3,34
DEMO100098,53.30195588431213,-1.5589600204720584,3,1,3,16/10/2025,4,10:39,2,40.0,3,6,6.0,2.0,1,1,8
DEMO100099,52.759465126005104,-1.8146735479766418,3,2,3,01/04/2025,2,12:23,7,30.0,9,7,3.0,1.0,1,6,23
DEMO100100,55.70057315871181,-3.1247339226826742,2,3,3,17/03/2025,1,17:28,7,50.0,7,1,1.0,1.0,1,3,40
DEMO100101,53.17584846854014,-2.5065371244034367,3,2,2,20/11/2025,4,10:05,9,70.0,3,1,2.0,1.0,2,1,33
DEMO100102,56.002244258756534,-2.8992143901076206,2,3,3,28/06/2025,6,03:23,7,60.0,3,4,2.0,1.0,1,1,26
DEMO100103,51.379277629339455,-0.19728696929932643,3,2,2,05/02/2025,3,13:34,9,30.0,7,1,3.0,1.0,1,1,2
DEMO100104,55.77484358701157,-3.2672245319433224,1,2,4,29/10/2025,3,01:01,9,,2,6,3.0,1.0,1,4,28
DEMO100105,56.070248860418324,-3.0798184637333383,3,3,5,25/08/2025,1,20:55,3,30.0,3,4,3.0,1.0,1,5,5
DEMO100106,55.969713666307534,-3.5735181921355608,3,2,2,10/01/2025,5,18:30,3,30.0,2,1,4.0,1.0,2,4,3
DEMO100107,53.56206021242427,-1.1662609230513012,3,1,2,13/10/2025,1,05:47,12,70.0,6,1,1.0,1.0,1,5,21
DEMO100108,53.540614988528965,-3.2273726898652986,3,4,4,10/08/2025,7,06:16,9,30.0,7,5,1.0,1.0,2,3,38
DEMO100109,55.64672384939395,-3.8175877777832716,3,3,3,13/08/2025,3,00:50,12,60.0,8,1,1.0,2.0,1,2,39
DEMO100110,53.49853409325538,-1.278745035178697,3,3,4,12/11/2025,3,08:22,6,30.0,2,1,2.0,2.0,1,1,34
DEMO100111,56.154740456529375,-3.430800382318043,2,1,1,30/06/2025,1,00:55,12,50.0,9,1,2.0,4.0,1,4,44
DEMO100112,52.93242704193406,-1.078112091175667,3,3,3,18/06/2025,3,22:31,2,70.0,7,6,4.0,1.0,1,6,31
DEMO100113,53.95105762805433,-3.221041516721094,3,4,4,14/08/2025,4,03:38,7,40.0,8,1,1.0,1.0,1,2,28
DEMO100114,53.12886062226633,-1.4205181523013388,3,3,5,14/03/2025,5,15:12,6,40.0,7,1,3.0,1.0,1,6,30
DEMO100115,,-1.7575886557718734,3,2,3,25/02/2025,2,13:59,1,20.0,8,6,1.0,1.0,1,1,34
DEMO100116,51.33742395081955,0.024430319320450644,1,2,3,04/11/2025,2,05:11,3,30.0,8,1,1.0,1.0,1,2,17
DEMO100117,52.47111725682533,-1.9999618085277817,2,5,6,20/03/2025,4,19:01,3,,0,5,4.0,1.0,1,6,17
DEMO100118,53.62636290386503,-2.0541935288070396,2,3,4,04/07/2025,5,02:26,1,30.0,3,1,1.0,1.0,1,1,37
DEMO100119,52.47104847558621,-1.8362806540631766,2,2,3,09/04/2025,3,21:50,12,40.0,9,6,1.0,2.0,1,2,35
DEMO100120,53.41848217940914,-3.2837757238235437,3,3,4,26/03/2025,3,17:55,12,30.0,3,1,1.0,2.0,1,6,16
DEMO100121,55.90802059218339,-4.049951780443749,2,1,1,07/08/2025,4,15:51,9,30.0,8,1,4.0,1.0,1,4,37
DEMO100122,53.25078943564721,-1.3454792617597244,3,4,4,20/10/2025,1,21:33,12,60.0,9,1,1.0,1.0,2,6,5
DEMO100123,53.24937518379282,-3.106700328441882,3,2,3,11/06/2025,3,09:55,9,60.0,2,7,8.0,1.0,2,2,19
DEMO100124,51.448610392893045,-2.94506818927293,2,4,6,20/02/2025,4,06:29,12,70.0,9,6,9.0,1.0,1,4,16
DEMO100125,52.88018322025846,-1.223011725199723,3,3,4,31/03/2025,1,03:28,3,30.0,3,1,5.0,1.0,1,1,14
DEMO100126,51.3494449519962,-0.31647098484666625,3,2,3,02/03/2025,7,22:10,3,30.0,0,1,1.0,1.0,1,3,26
DEMO100127,55.93048224875476,-3.234066969723001,3,1,2,19/11/2025,3,09:47,9,30.0,8,1,4.0,1.0,2,6,36
DEMO100128,52.71973429028706,-1.2468278019519443,3,2,6,27/04/2025,7,19:18,6,70.0,8,1,1.0,5.0,1,1,10
DEMO100129,53.51833329811499,-1.826256039989369,3,4,5,17/05/2025,6,07:11,9,40.0,3,1,6.0,1.0,1,2,1
DEMO100130,53.060933398918145,-1.7908639404987539,1,4,5,26/01/2025,7,22:22,7,70.0,1,7,2.0,1.0,1,4,30
DEMO100131,53.077863416192855,-0.7628566882831933,3,6,7,12/06/2025,4,20:36,3,60.0,7,1,1.0,1.0,2,6,27
DEMO100132,52.335244420981056,-1.6186524410011598,1,2,2,30/11/2025,7,07:16,3,30.0,8,7,1.0,1.0,2,3,24
DEMO100133,52.781038371743804,-0.8033568405862328,2,3,4,30/05/2025,5,11:21,9,30.0,8,1,5.0,1.0,1,2,36
DEMO100134,56.191129877302714,-2.9718303929009466,3,2,5,26/08/2025,2,19:19,6,30.0,2,6,6.0,5.0,1,4,37
DEMO100135,53.76557666228696,-1.648429211819421,2,4,4,08/03/2025,6,05:35,3,40.0,2,1,,1.0,1,1,43
DEMO100136,53.48372132534791,-1.512338513982543,2,2,2,22/02/2025,6,00:42,7,70.0,7,1,2.0,,1,5,33
DEMO100137,51.29995046009309,-0.27564557024579067,2,3,4,25/09/2025,4,06:40,3,30.0,1,6,4.0,6.0,1,6,29
DEMO100138,51.40304844019624,-2.458028390470771,2,1,2,24/01/2025,5,14:08,6,60.0,8,1,5.0,1.0,2,6,15
DEMO100139,53.62292481073624,-2.878094085143832,2,3,3,13/06/2025,5,03:20,7,30.0,1,7,5.0,1.0,1,4,10
DEMO100140,54.621357972333946,-6.012385792524879,2,3,3,26/04/2025,6,08:38,6,50.0,6,6,1.0,1.0,1,6,33
DEMO100141,53.435837286455836,-2.1374478684093905,3,2,3,06/01/2025,1,22:12,12,30.0,9,7,3.0,1.0,2,4,38
DEMO100142,53.90274676287162,-1.2706726197239826,3,1,1,13/07/2025,7,01:04,6,40.0,6,6,6.0,4.0,1,1,10
DEMO100143,51.511386411323436,-2.5885924506177385,3,2,3,18/12/2025,4,01:19,12,50.0,8,1,1.0,1.0,1,5,24
DEMO100144,54.97251150674413,-6.20938808361522,3,2,3,26/01/2025,7,10:40,9,30.0,2,1,1.0,2.0,2,1,30
DEMO100145,51.488957788690676,-3.0695359815128263,3,1,2,25/10/2025,6,00:39,9,70.0,3,5,,1.0,2,3,40
DEMO100146,51.623956896270435,-0.42132885351160887,2,4,4,16/07/2025,3,00:07,9,50.0,8,1,2.0,2.0,1,6,27
DEMO100147,53.45653035026854,-2.436725794300134,2,2,2,22/09/2025,1,04:40,7,30.0,9,4,5.0,2.0,1,2,1
DEMO100148,55.77533165146094,-3.1220153894225513,3,4,5,05/02/2025,3,02:11,6,30.0,7,1,1.0,2.0,1,6,3
DEMO100149,51.5833242179581,0.020680634292788352,3,3,4,14/11/2025,5,19:44,7,30.0,2,5,2.0,3.0,1,5,30
DEMO100150,51.217662737240225,-3.1562211928206145,2,2,2,05/01/2025,7,02:33,3,30.0,1,1,1.0,2.0,1,2,22
DEMO100151,53.97838399228172,-1.7922072216686988,3,1,2,27/11/2025,4,12:07,3,30.0,8,1,7.0,1.0,1,4,28
DEMO100152,54.36029557709405,-5.261676339196269,2,3,5,29/08/2025,5,16:21,1,30.0,7,7,5.0,1.0,2,4,7
DEMO100153,53.64141947972572,-1.67431641603609,2,2,4,04/05/2025,7,15:49,9,60.0,1,6,2.0,1.0,1,5,7
DEMO100154,53.23399660099857,-2.8824116025238804,2,1,2,03/01/2025,5,15:25,2,70.0,6,1,4.0,1.0,1,1,41
DEMO100155,53.492862036200314,-1.6103017027145659,3,2,4,11/08/2025,1,08:41,7,30.0,1,1,1.0,1.0,2,2,39
DEMO100156,52.28466860858398,-2.1159640502891914,2,1,1,01/02/2025,6,21:44,2,60.0,1,5,6.0,2.0,1,3,37
DEMO100157,53.04649385660384,-1.145621753679471,2,5,5,11/08/2025,1,01:01,1,30.0,9,1,4.0,2.0,1,6,16
DEMO100158,52.833534257017774,-1.2642422872255135,3,1,3,10/10/2025,5,02:55,6,40.0,7,4,1.0,5.0,2,1,2
DEMO100159,55.9322326575106,-3.16543970790673,2,4,5,08/04/2025,2,20:20,9,30.0,2,6,9.0,1.0,1,3,5
DEMO100160,54.50069290189025,-6.087521676815339,2,3,5,29/03/2025,6,01:47,3,30.0,9,1,1.0,2.0,1,2,15
DEMO100161,53.799967113230906,-1.437774326999241,3,3,4,23/03/2025,7,04:28,12,30.0,9,1,3.0,2.0,2,5,41
DEMO100162,51.15499830070143,-2.76797564309314,3,1,2,24/03/2025,1,04:34,1,50.0,9,1,1.0,6.0,1,4,12
DEMO100163,51.54262567388373,-2.32954423356302,3,4,4,11/02/2025,2,00:21,6,30.0,8,1,4.0,2.0,1,4,34
DEMO100164,53.40667449868979,-2.920103353369396,2,3,6,02/04/2025,3,02:51,2,60.0,9,4,1.0,1.0,1,5,20
DEMO100165,55.81294969815555,-3.2183936983074695,3,2,2,29/08/2025,5,13:07,3,20.0,1,1,1.0,1.0,1,1,6
DEMO100166,53.8718631320966,-1.5530542623952424,3,1,3,21/04/2025,1,15:53,1,40.0,9,7,2.0,5.0,1,1,25
DEMO100167,53.30792150395792,-2.33307331880168,3,4,4,13/10/2025,1,01:12,1,30.0,2,5,9.0,2.0,1,3,29
DEMO100168,51.26123350535303,,3,2,4,27/10/2025,1,22:52,9,30.0,0,1,1.0,2.0,1,2,31
DEMO100169,51.30101837528519,0.2316288745074723,3,5,5,05/10/2025,7,02:01,7,30.0,0,4,3.0,,1,5,11
DEMO100170,52.50103015549197,-2.027504680222692,2,4,4,16/07/2025,3,16:00,3,30.0,1,1,2.0,2.0,2,2,10
DEMO100171,52.37828006139758,-1.8519018810836647,2,1,3,26/04/2025,6,19:05,9,60.0,8,1,6.0,2.0,1,6,15
DEMO100172,55.79726857637231,-3.3725121048728752,3,4,5,06/12/2025,6,12:32,7,40.0,9,4,1.0,4.0,1,3,29
DEMO100173,55.9259395862505,-4.847457917604411,3,3,3,16/03/2025,7,11:15,3,50.0,1,1,2.0,3.0,1,6,16
DEMO100174,56.05829310937083,-4.104705520735192,3,3,3,19/06/2025,4,02:35,3,20.0,8,1,8.0,1.0,2,1,11
DEMO100175,53.153012501216296,-2.732787470371816,3,2,2,15/06/2025,7,05:49,3,30.0,8,1,1.0,1.0,1,3,28
DEMO100176,55.923765198885164,-4.1472525689339665,3,1,1,30/09/2025,2,20:01,9,40.0,0,1,2.0,1.0,1,5,21
DEMO100177,52.58047764632598,-1.3300780266097838,2,1,2,19/07/2025,6,08:31,6,20.0,8,5,6.0,1.0,1,2,33
DEMO100178,51.71086940326951,-3.265437512752882,2,2,3,19/10/2025,7,00:44,2,30.0,0,7,1.0,2.0,2,6,5
DEMO100179,52.90269981023985,-1.3730245990069239,3,2,2,02/12/2025,2,17:25,3,20.0,2,5,1.0,2.0,1,1,41
DEMO100180,54.87535779950409,-5.645955556905681,3,1,1,23/05/2025,5,16:55,3,70.0,7,7,1.0,1.0,1,2,42
DEMO100181,52.591274189517925,-1.5913531287968805,2,4,5,16/11/2025,7,01:39,3,,9,4,5.0,1.0,1,6,39
DEMO100182,53.07016676329069,-2.728044208791489,2,4,4,03/03/2025,1,01:02,7,20.0,1,1,8.0,1.0,1,2,1
DEMO100183,55.91825395563277,-4.511184879974543,2,4,5,01/12/2025,1,02:32,12,30.0,2,7,3.0,2.0,1,4,40
DEMO100184,53.40525212647626,-3.1593205525693273,2,5,5,06/03/2025,4,01:23,3,60.0,7,1,3.0,1.0,1,6,4
DEMO100185,53.58553004204378,-3.3858302835941965,3,6,6,07/11/2025,5,14:07,3,30.0,8,1,1.0,1.0,1,3,40
DEMO100186,52.69856345096327,-1.4168749163350276,3,2,2,23/05/2025,5,03:57,1,30.0,9,7,1.0,1.0,1,3,41
DEMO100187,51.27960968699885,-2.8087512988167243,3,1,3,19/12/2025,5,14:13,3,70.0,3,5,1.0,1.0,2,5,16
DEMO100188,53.64392834866928,-2.532168302508202,2,3,3,17/02/2025,1,04:05,7,60.0,8,7,1.0,1.0,1,2,44
DEMO100189,53.77754709614983,-1.574115242164126,3,2,4,19/06/2025,4,23:13,12,40.0,7,1,1.0,2.0,1,2,20
DEMO100190,55.73655182479862,-4.223635059641483,3,3,4,26/11/2025,3,17:49,9,30.0,1,6,3.0,4.0,1,2,17
DEMO100191,53.641903011327265,-1.3102019484538936,3,2,2,18/01/2025,6,08:35,2,30.0,7,1,1.0,1.0,2,4,8
DEMO100192,53.29541517085012,-1.5013637432275766,3,1,1,07/04/2025,1,10:49,9,60.0,2,1,1.0,1.0,2,6,41
DEMO100193,51.46029105425944,-2.750945960998737,3,2,3,31/01/2025,5,01:27,9,50.0,8,7,1.0,1.0,1,5,25
DEMO100194,54.58385489701059,-6.025077088031244,3,5,5,28/04/2025,1,01:07,3,30.0,2,1,1.0,1.0,2,6,18
DEMO100195,52.57885134701435,-2.0352493231181867,2,2,5,23/05/2025,5,12:23,12,20.0,2,5,1.0,1.0,1,2,18
DEMO100196,51.69203134136648,-2.253440252069522,2,3,5,14/08/2025,4,00:11,9,30.0,9,7,1.0,1.0,1,4,40
DEMO100197,52.775901826705564,-1.8919180199245256,3,5,5,05/04/2025,6,15:33,9,50.0,9,7,1.0,1.0,1,3,43
DEMO100198,51.617369647023715,-2.4355511467410667,3,6,7,27/02/2025,4,09:16,6,50.0,3,1,2.0,2.0,1,3,36
DEMO100199,54.29315579826564,-5.98032348166074,2,4,4,04/03/2025,2,03:58,3,30.0,8,1,4.0,,2,1,2
DEMO100200,51.71682731357256,-3.0263412898180047,2,3,5,09/12/2025,2,12:22,9,40.0,9,7,6.0,2.0,1,3,33
DEMO100201,51.589735397130234,-2.7847856949733027,3,1,2,14/12/2025,7,13:18,6,60.0,0,4,4.0,1.0,1,6,22
DEMO100202,53.60592124312988,-2.8522903956636987,3,4,4,22/03/2025,6,17:59,12,50.0,7,1,3.0,1.0,1,1,4
DEMO100203,55.80996281079011,-4.1587215350317,3,3,3,13/03/2025,4,04:31,3,30.0,2,1,7.0,1.0,2,3,37
DEMO100204,53.406162027106845,-3.5004925750664206,2,3,8,20/01/2025,1,13:10,3,70.0,8,1,2.0,1.0,2,1,14
DEMO100205,53.97177171448239,-1.5824837664552815,3,4,4,17/12/2025,3,20:28,9,20.0,1,7,3.0,,1,3,29
DEMO100206,56.31537916401776,-2.8181207359621063,3,4,7,15/09/2025,1,06:15,7,40.0,8,1,2.0,2.0,1,6,29
DEMO100207,54.63214973557258,-5.619142010960064,3,5,5,05/10/2025,7,20:42,3,30.0,1,6,1.0,3.0,2,3,39
DEMO100208,53.576151687551125,-1.6013372092867235,3,6,7,17/04/2025,4,17:34,7,50.0,3,1,1.0,1.0,2,5,2
DEMO100209,56.06071535869827,-2.895653059256511,3,2,2,22/08/2025,5,10:43,9,40.0,8,1,1.0,1.0,1,6,43
DEMO100210,53.76723547793825,-1.1722429327585848,3,4,4,22/01/2025,3,21:56,7,30.0,0,4,5.0,1.0,1,4,39
DEMO100211,55.67415970765103,-4.288887028282406,2,2,2,04/09/2025,4,23:43,3,40.0,9,7,1.0,2.0,1,4,34
DEMO100212,55.929551626531655,-2.8719749885289,3,3,4,31/07/2025,4,05:20,7,40.0,1,1,4.0,1.0,1,5,13
DEMO100213,53.49427702144682,-2.6860547779060178,3,3,3,01/05/2025,4,23:12,6,30.0,6,1,6.0,1.0,2,4,19
DEMO100214,56.0536989563086,-4.050479280655138,3,3,5,17/09/2025,3,00:31,9,20.0,8,4,2.0,3.0,1,6,8
DEMO100215,53.71386085729259,-1.3245315014941481,3,4,5,24/08/2025,7,03:26,7,30.0,1,1,1.0,3.0,1,4,9
DEMO100216,51.42817747139826,-0.3373664588273487,2,5,6,10/06/2025,2,01:18,6,70.0,7,1,2.0,1.0,1,2,9
DEMO100217,52.467902067245916,-1.702024316141392,2,2,4,10/03/2025,1,08:48,1,30.0,6,4,1.0,1.0,2,1,14
DEMO100218,53.724484878234534,-3.0217341519735315,2,4,6,09/01/2025,4,22:54,3,30.0,7,1,9.0,1.0,1,1,26
DEMO100219,51.723193635575576,-3.396104681541751,3,1,1,09/12/2025,2,14:22,3,30.0,8,5,4.0,1.0,2,4,1
DEMO100220,52.58781935476832,-1.525445600166532,3,3,5,13/04/2025,7,14:40,7,60.0,3,1,4.0,1.0,1,3,7
DEMO100221,53.5032388698707,-3.019882112281366,2,5,6,21/04/2025,1,02:59,9,40.0,2,5,2.0,2.0,1,2,2
DEMO100222,55.80751541185468,-4.19552282822149,3,4,4,06/09/2025,6,12:00,12,50.0,1,6,4.0,1.0,1,4,29
DEMO100223,53.61979690742601,-2.2087793740104553,1,2,2,04/04/2025,5,09:21,7,50.0,9,6,4.0,,1,4,29
DEMO100224,55.68532858340661,-4.625372062855423,2,1,1,18/05/2025,7,11:44,9,,3,5,1.0,1.0,1,3,41
DEMO100225,53.8870499425016,-1.6200566129053293,2,4,6,17/09/2025,3,06:29,7,70.0,2,4,1.0,2.0,1,4,39
DEMO100226,55.5875526278023,-3.0026284775660703,2,4,5,06/08/2025,3,04:47,3,50.0,0,1,1.0,1.0,1,3,41
DEMO100227,52.65951916906005,-1.1546492142983182,2,2,4,28/08/2025,4,22:28,7,50.0,8,1,2.0,1.0,1,5,16
DEMO100228,52.60664247062016,-1.2428047134009168,3,2,4,02/01/2025,4,13:03,3,50.0,6,1,6.0,1.0,1,1,30
DEMO100229,53.81953600442807,-2.1625566787173813,3,3,4,14/06/2025,6,09:26,6,30.0,1,5,3.0,2.0,2,2,24
DEMO100230,53.379914812584225,-2.733820045994606,3,2,3,23/06/2025,1,01:24,12,50.0,9,1,2.0,1.0,1,5,12
DEMO100231,51.23813873561192,-3.5713445197143447,2,2,3,19/08/2025,2,18:50,7,40.0,9,1,7.0,1.0,2,1,44
DEMO100232,51.94612824056142,-0.1529184389192199,3,2,3,25/02/2025,2,11:08,2,60.0,9,1,1.0,2.0,1,4,19
DEMO100233,55.81377727489484,-3.1836751057093706,2,3,4,28/02/2025,5,09:09,6,70.0,7,5,1.0,2.0,1,3,37
DEMO100234,53.5030721758159,-2.5669348219309516,3,3,6,06/10/2025,1,16:08,12,40.0,3,1,7.0,1.0,1,5,12
DEMO100235,55.723203082732084,-3.9622586525453847,3,4,5,03/09/2025,3,03:34,2,40.0,1,1,7.0,2.0,1,1,39
DEMO100236,53.52398562158414,-1.8014256652511775,3,4,4,24/10/2025,5,12:59,12,30.0,3,4,4.0,1.0,1,4,25
DEMO100237,53.40571322125624,-2.6700436374958354,2,2,3,09/04/2025,3,20:37,12,60.0,7,7,1.0,1.0,2,1,9
DEMO100238,53.66637255877644,-1.5852818829358957,2,4,5,31/12/2025,3,11:48,7,50.0,2,5,8.0,1.0,1,1,2
DEMO100239,53.14067439711082,-1.85636801442375,1,3,4,10/04/2025,4,00:51,3,70.0,3,1,5.0,1.0,1,6,30
DEMO100240,52.358520007620704,-2.2127794468027013,3,4,5,26/08/2025,2,05:36,1,40.0,7,6,4.0,1.0,2,2,19
DEMO100241,53.20019382100219,-1.1424299753836584,3,1,1,01/03/2025,6,01:36,1,50.0,8,1,1.0,1.0,2,5,20
DEMO100242,52.169129207767604,-1.7813100367981531,3,1,3,02/12/2025,2,12:14,3,20.0,0,1,2.0,1.0,1,2,12
DEMO100243,53.51328651659683,-1.7060291955879316,3,3,3,02/05/2025,5,08:57,9,40.0,9,1,,1.0,1,1,3
DEMO100244,53.582020115315345,-1.090193198114088,3,1,2,20/10/2025,1,03:47,12,30.0,3,1,6.0,1.0,1,4,11
DEMO100245,52.36366557176819,-1.7200373598937941,1,3,4,01/05/2025,4,16:52,3,40.0,7,5,2.0,2.0,2,3,32
DEMO100246,55.5784314137255,-3.2497529923299404,3,2,2,16/10/2025,4,04:59,6,30.0,9,4,2.0,2.0,1,2,10
DEMO100247,51.51984862806449,-2.516140284830004,2,6,7,15/06/2025,7,08:20,6,30.0,1,6,4.0,1.0,1,1,12
DEMO100248,55.981243685586364,-3.3987579018750917,2,3,5,23/01/2025,4,23:08,3,60.0,9,4,2.0,4.0,1,3,11
DEMO100249,51.32732556414211,0.3519887640362518,3,2,2,11/03/2025,2,01:51,6,40.0,8,1,2.0,1.0,1,5,28
DEMO100250,53.47013870794363,-2.5273015101096994,3,5,7,07/09/2025,7,05:28,12,30.0,9,4,1.0,1.0,1,6,7
DEMO100251,52.91203073850054,-3.3008088249358316,3,1,2,12/03/2025,3,07:57,3,60.0,3,5,1.0,1.0,1,6,19
DEMO100252,53.48228803544922,-2.1958767940744193,3,2,4,11/04/2025,5,12:41,2,20.0,1,1,5.0,1.0,2,2,4
DEMO100253,53.77325773611606,-0.8577120101511249,3,2,2,17/07/2025,4,05:15,7,30.0,0,1,1.0,1.0,2,6,6
DEMO100254,53.62039453680492,-1.8074824345517981,1,3,5,03/04/2025,4,23:21,1,,8,4,1.0,3.0,1,3,26
DEMO100255,52.531899361958935,-1.6947371445724142,2,4,4,17/02/2025,1,00:36,12,30.0,1,4,7.0,1.0,2,1,27
DEMO100256,55.88055573246492,-4.2350506563650665,3,3,5,16/08/2025,6,22:23,12,60.0,2,1,4.0,1.0,1,5,43
DEMO100257,52.83974400886202,-1.7945370367555802,3,4,5,09/09/2025,2,12:16,2,50.0,9,6,1.0,1.0,1,5,35
DEMO100258,53.337946915917364,-1.9685056199198363,3,2,4,25/09/2025,4,00:12,7,50.0,3,1,1.0,1.0,1,1,24
DEMO100259,53.111831216275306,-1.63460389180976,2,2,5,11/12/2025,4,02:38,9,40.0,2,1,5.0,2.0,2,1,13
DEMO100260,56.117631288549816,-3.250139168309755,2,3,4,15/02/2025,6,02:02,6,30.0,8,5,2.0,2.0,1,1,29
DEMO100261,53.66895964497735,-2.408043487192016,3,2,4,05/06/2025,4,06:05,6,50.0,2,6,2.0,2.0,1,6,27
DEMO100262,53.99325336988937,-1.2127005178041483,3,3,5,27/03/2025,4,07:02,12,50.0,7,5,2.0,1.0,1,1,33
DEMO100263,54.555375443360916,-5.624760697349264,3,3,6,25/11/2025,2,15:44,3,40.0,1,1,1.0,1.0,1,1,30
DEMO100264,54.46929847846565,-6.199874069844589,3,5,5,17/07/2025,4,07:01,6,30.0,3,7,4.0,1.0,1,5,4
DEMO100265,52.73104064689139,-1.0666717466728384,2,2,2,05/02/2025,3,17:25,2,30.0,1,1,1.0,2.0,1,1,22
DEMO100266,53.24867083652726,-2.7399066885349352,3,2,3,10/09/2025,3,07:07,3,20.0,8,1,2.0,1.0,1,2,24
DEMO100267,51.18360126754759,-2.9695569852454646,3,4,7,16/01/2025,4,06:35,9,20.0,2,4,1.0,1.0,2,2,37
DEMO100268,53.30193338858536,-1.1369442288828178,2,3,3,11/04/2025,5,06:02,9,50.0,2,1,1.0,1.0,1,2,24
DEMO100269,53.679761093551086,-1.4857332013032172,3,2,2,21/09/2025,7,07:01,7,30.0,9,4,1.0,1.0,1,1,35
DEMO100270,53.70274406561018,-1.6579302516099754,2,6,7,04/07/2025,5,20:24,2,50.0,8,7,6.0,1.0,2,5,24
DEMO100271,51.53051407140576,0.20742097287757968,2,3,3,05/10/2025,7,05:41,9,40.0,7,1,1.0,6.0,1,1,10
DEMO100272,52.58468847452539,,3,3,3,28/07/2025,1,06:06,3,30.0,9,1,1.0,1.0,1,2,28
DEMO100273,54.53232375197218,-6.258574121744551,3,3,3,04/11/2025,2,22:29,6,40.0,1,1,1.0,1.0,1,5,12
DEMO100274,53.34202837015333,-2.818550499387119,3,1,4,25/07/2025,5,15:48,3,30.0,7,1,4.0,1.0,1,2,35
DEMO100275,53.639861811559896,-2.8282288637318005,3,3,4,21/01/2025,2,04:37,6,70.0,9,5,2.0,,1,4,32
DEMO100276,53.44195607109074,-3.51490240900244,3,2,2,27/01/2025,1,20:45,7,30.0,7,7,8.0,1.0,1,2,33
DEMO100277,56.15656275489821,-3.0536174009325117,2,1,1,11/10/2025,6,04:18,3,60.0,2,5,4.0,2.0,1,1,12
DEMO100278,51.937205720696724,-0.2267144377162857,3,1,2,15/01/2025,3,03:56,6,30.0,8,7,2.0,1.0,1,5,5
DEMO100279,51.35081778431161,0.14315407612794848,3,2,3,18/05/2025,7,10:08,3,30.0,1,1,3.0,1.0,1,3,33
DEMO100280,53.772792607262005,-1.7543717817681928,1,2,3,06/01/2025,1,16:36,7,40.0,1,1,1.0,1.0,1,5,16
DEMO100281,53.37833595027159,-2.962165222885251,1,2,2,21/04/2025,1,04:26,6,30.0,8,1,8.0,1.0,1,3,25
DEMO100282,55.77499742852411,-4.380288218841008,2,4,5,06/08/2025,3,18:01,9,30.0,0,6,8.0,4.0,1,2,21
DEMO100283,53.33072665669564,-3.1441692634886125,3,1,1,05/03/2025,3,03:56,1,30.0,0,1,1.0,1.0,2,3,3
DEMO100284,53.66092215498509,-3.516730819045612,3,3,4,20/06/2025,5,18:42,1,60.0,3,1,3.0,2.0,1,6,6
DEMO100285,54.615164477518604,-5.674381330472864,3,3,4,30/12/2025,2,02:13,3,40.0,3,1,1.0,1.0,1,1,4
DEMO100286,52.934303054321056,-1.6118447684278396,2,3,3,26/01/2025,7,11:03,2,20.0,3,1,2.0,1.0,1,5,10
DEMO100287,52.88166166075767,-1.1408047117179094,3,2,3,24/01/2025,5,15:40,6,30.0,8,5,5.0,2.0,2,5,2
DEMO100288,53.2258943831673,-1.0691501325219268,2,1,1,10/04/2025,4,06:32,3,70.0,7,7,8.0,1.0,2,2,35
DEMO100289,53.725011024105726,-3.1676790666119223,3,2,2,29/10/2025,3,14:02,1,20.0,8,1,1.0,3.0,1,3,18
DEMO100290,55.9383668049804,-2.930328456619322,3,2,2,29/05/2025,4,16:59,3,50.0,0,4,4.0,1.0,2,4,22
DEMO100291,53.881299454188124,-1.489935944640552,3,2,3,22/08/2025,5,15:43,6,30.0,2,1,4.0,1.0,1,1,21
DEMO100292,54.756210794731004,-5.9151327811303425,2,3,4,13/01/2025,1,09:27,9,30.0,9,1,1.0,3.0,2,2,19
DEMO100293,53.70055695920254,-1.1959766991993572,2,1,3,26/09/2025,5,18:14,3,30.0,3,1,3.0,1.0,1,6,35
DEMO100294,53.254268445713784,-1.4703734572087688,1,1,2,25/01/2025,6,17:16,12,70.0,2,4,3.0,5.0,1,5,19
DEMO100295,52.808757012802964,-1.624170411182929,3,8,8,17/09/2025,3,07:27,3,40.0,9,4,5.0,4.0,1,3,39
DEMO100296,51.38788141369031,-3.0723744870199114,2,4,5,23/02/2025,7,17:03,6,30.0,3,5,9.0,1.0,1,1,30
DEMO100297,53.31666174676487,-3.0416994611677644,3,2,3,10/11/2025,1,22:22,3,40.0,6,6,1.0,1.0,2,3,42
DEMO100298,53.84134571288577,-1.8215303645072831,1,1,1,19/04/2025,6,19:13,9,20.0,2,1,1.0,2.0,2,3,31
DEMO100299,51.56641012986394,-0.08651346232451831,3,2,2,09/03/2025,7,17:06,3,70.0,8,5,1.0,1.0,1,4,22
DEMO100300,51.33994658988766,-2.500695189121945,3,1,1,03/05/2025,6,18:07,12,30.0,1,5,1.0,2.0,1,1,7
DEMO100301,55.93293228076448,-2.977280079931742,2,1,3,01/01/2025,3,19:20,9,60.0,7,1,2.0,1.0,2,2,33
DEMO100302,51.30679136795402,-0.3925096245117984,3,1,2,02/03/2025,7,06:22,7,60.0,8,1,6.0,1.0,2,1,4
DEMO100303,51.691216874531534,-3.277317161725985,3,3,3,07/08/2025,4,17:21,6,30.0,8,1,2.0,1.0,1,3,32
DEMO100304,53.07989975706247,-1.0863098352583929,2,3,4,20/04/2025,7,04:41,3,70.0,0,1,4.0,2.0,1,5,30
DEMO100305,52.42369086535667,-1.6243674649210038,3,3,3,10/05/2025,6,08:31,1,70.0,0,1,1.0,2.0,1,4,14
DEMO100306,53.76620137915205,-1.3307166071116667,2,2,4,22/10/2025,3,22:11,12,60.0,8,1,1.0,1.0,1,3,19
DEMO100307,52.83543649683468,-1.276391523817054,2,7,9,15/02/2025,6,06:58,9,30.0,9,7,6.0,1.0,2,3,19
DEMO100308,53.63353039160381,-1.424489265187417,2,1,2,25/05/2025,7,20:43,2,50.0,1,7,3.0,1.0,1,1,5
DEMO100309,52.29165164022413,-2.0153436135477407,3,3,3,09/03/2025,7,10:28,2,20.0,3,4,1.0,1.0,1,5,36
DEMO100310,53.214443211349185,-1.5691436255308964,2,1,3,26/06/2025,4,05:02,3,70.0,8,5,7.0,1.0,1,1,6
DEMO100311,56.03673096911809,-4.3266127436051995,3,2,2,02/05/2025,5,02:54,9,30.0,8,7,2.0,,1,1,16
DEMO100312,52.67263621529748,-2.04460977866909,3,2,3,17/01/2025,5,13:44,6,50.0,9,1,1.0,1.0,1,4,43
DEMO100313,53.55429866090799,-1.372728493539424,3,3,3,26/01/2025,7,10:27,7,60.0,8,4,2.0,1.0,2,3,8
DEMO100314,53.60656043446635,-2.019198310254158,3,2,7,08/11/2025,6,12:09,1,70.0,1,5,4.0,1.0,2,1,8
DEMO100315,53.161324040100816,-1.566182977944932,2,2,3,21/01/2025,2,01:06,12,60.0,8,7,1.0,2.0,1,3,8
DEMO100316,56.00181491023331,-4.210083125926647,3,3,6,13/10/2025,1,06:17,3,60.0,9,6,6.0,1.0,1,3,42
DEMO100317,55.87933215667947,-4.34408300759851,1,5,7,01/12/2025,1,00:13,3,50.0,2,1,2.0,,1,6,30
DEMO100318,54.50355616596129,-6.155050486992316,2,4,4,20/06/2025,5,07:12,12,40.0,6,5,2.0,1.0,2,3,1
DEMO100319,56.03355459209175,-3.4500624238624336,2,1,1,24/04/2025,4,22:24,9,20.0,1,1,6.0,1.0,2,6,27
DEMO100320,54.04355118462034,-1.1295075731652298,2,4,4,11/10/2025,6,03:02,6,70.0,2,1,2.0,3.0,1,1,43
DEMO100321,52.1487530977219,-2.0689388446479584,3,3,3,25/12/2025,4,16:19,9,30.0,9,4,2.0,1.0,1,6,8
DEMO100322,53.585931854357476,-1.3176681809865851,3,1,4,13/02/2025,4,00:52,1,60.0,0,5,1.0,2.0,2,4,10
DEMO100323,51.33843843766563,-3.085464088794403,3,2,2,18/12/2025,4,13:51,2,30.0,8,1,1.0,1.0,1,3,21
DEMO100324,54.85355628385204,-6.215986134550645,2,3,4,11/12/2025,4,22:00,3,30.0,0,1,1.0,1.0,1,3,1
DEMO100325,53.63678213062048,-2.1408330300183533,3,1,1,22/02/2025,6,08:40,3,30.0,2,5,,1.0,1,1,35
DEMO100326,53.27896121456144,-2.171747476421672,2,2,3,20/01/2025,1,04:59,7,70.0,7,1,3.0,1.0,1,2,12
DEMO100327,51.40263025301015,-0.13358322509984816,2,2,4,18/09/2025,4,13:34,6,30.0,0,6,1.0,1.0,1,6,34
DEMO100328,52.57266897564551,-1.9950006361067298,3,2,3,29/01/2025,3,06:23,3,40.0,8,1,1.0,1.0,1,4,29
DEMO100329,53.12524020545559,-1.1587476593328776,3,2,2,08/08/2025,5,21:29,9,30.0,2,4,2.0,1.0,1,4,18
DEMO100330,53.04049832268508,-1.0446050872105104,3,3,4,24/01/2025,5,20:12,3,40.0,8,1,1.0,1.0,1,3,31
DEMO100331,51.52471184107714,-2.7945724806421395,3,3,5,10/09/2025,3,15:23,2,40.0,9,7,3.0,2.0,1,4,34
DEMO100332,53.685814809540766,-1.204188417211855,3,1,1,26/03/2025,3,15:56,3,30.0,3,7,4.0,1.0,1,5,37
DEMO100333,55.95938434499856,-3.0233839137212843,1,2,2,05/02/2025,3,14:36,9,50.0,0,1,1.0,5.0,1,6,32
DEMO100334,53.395194053134965,-3.5689105068211147,2,1,2,25/01/2025,6,17:25,6,60.0,8,5,1.0,1.0,1,1,41
DEMO100335,55.683089860598464,-3.242096963900036,2,2,2,10/03/2025,1,11:07,12,60.0,2,6,2.0,1.0,1,2,39
DEMO100336,54.657692324800024,-5.418996510150191,3,4,4,17/07/2025,4,23:54,9,50.0,1,1,1.0,1.0,2,1,39
DEMO100337,53.73473874742442,-1.463296263199532,3,1,2,28/01/2025,2,08:09,9,30.0,9,4,2.0,,1,5,28
DEMO100338,53.72846508695169,-2.4165666873027134,2,2,3,20/10/2025,1,00:43,9,40.0,2,6,,2.0,1,4,11
DEMO100339,54.80785498901991,-5.7765815792882025,3,1,2,09/08/2025,6,16:18,7,50.0,7,1,3.0,1.0,2,1,19
DEMO100340,53.41426748971861,-1.978455974950088,3,2,3,19/04/2025,6,15:16,9,60.0,2,7,2.0,1.0,1,3,35
DEMO100341,53.9995577437612,-1.484567679102446,3,5,5,27/12/2025,6,23:10,7,50.0,8,1,8.0,2.0,1,1,12
DEMO100342,53.491844845750066,-1.5904511607858969,3,2,2,29/08/2025,5,09:22,3,40.0,7,7,1.0,1.0,1,6,8
DEMO100343,52.95077248617286,-1.1478076012778717,2,3,3,03/09/2025,3,10:40,3,50.0,6,7,6.0,1.0,1,6,40
DEMO100344,51.22676541987729,-3.498336125673644,3,2,3,05/03/2025,3,13:24,9,,7,1,5.0,2.0,1,4,43
DEMO100345,53.77208039233692,-1.6524004146136657,3,3,3,17/09/2025,3,09:01,3,40.0,2,1,2.0,1.0,1,4,24
DEMO100346,54.537219681934715,-6.55686494958616,2,1,1,24/07/2025,4,18:15,9,30.0,0,5,1.0,1.0,1,5,32
DEMO100347,54.57739084994681,-6.078615761498867,3,4,5,26/12/2025,5,10:09,12,60.0,8,7,1.0,2.0,1,3,33
DEMO100348,53.43960931337329,-2.2135235722651196,3,3,4,24/06/2025,2,18:24,3,50.0,9,1,7.0,1.0,2,4,36
DEMO100349,52.684811073376814,-1.6230913343587885,3,2,2,05/09/2025,5,10:54,3,50.0,8,1,1.0,1.0,1,5,9
DEMO100350,53.17331275916106,-0.5666587539661654,3,3,4,05/05/2025,1,05:57,3,30.0,8,6,6.0,1.0,1,1,30
DEMO100351,51.41953563220471,-0.32436035884813486,3,3,3,15/01/2025,3,23:59,6,30.0,6,1,2.0,2.0,1,6,24
DEMO100352,53.562386322097666,-1.42772672485524,3,5,5,16/02/2025,7,12:06,7,60.0,7,4,2.0,,1,4,14
DEMO100353,53.23367279138588,-3.0722268106974053,3,4,7,13/11/2025,4,16:29,3,20.0,8,4,3.0,1.0,1,4,10
DEMO100354,54.82080292798267,-6.001897942450404,3,2,3,27/09/2025,6,14:02,6,30.0,0,7,1.0,1.0,1,4,27
DEMO100355,54.76955709868345,-5.908773447171647,2,2,2,14/05/2025,3,08:29,6,40.0,3,1,2.0,1.0,1,2,22
DEMO100356,52.281073481072184,-1.928475330668353,3,4,6,12/09/2025,5,23:34,3,20.0,2,7,8.0,1.0,1,4,23
DEMO100357,51.21757127189557,-2.7309398441294466,3,1,4,02/01/2025,4,08:46,1,40.0,2,4,1.0,1.0,2,3,5
DEMO100358,,-1.9620108606774782,2,4,6,14/01/2025,2,23:20,3,30.0,8,7,7.0,1.0,1,4,37
DEMO100359,56.187446132926,-4.526266503478612,2,4,4,05/07/2025,6,10:02,9,30.0,2,1,9.0,1.0,1,2,23
DEMO100360,51.55705905817594,-3.135048082558807,3,2,2,17/08/2025,7,00:27,3,70.0,8,5,1.0,1.0,1,6,32
DEMO100361,51.43905312965044,-3.4368643211936716,3,2,2,09/12/2025,2,00:25,1,40.0,9,6,2.0,1.0,1,3,19
DEMO100362,53.45817913849889,-2.331126486626484,3,2,3,05/10/2025,7,23:37,3,70.0,9,6,1.0,1.0,1,6,31
DEMO100363,51.142961283873646,-2.924750048589534,3,4,4,04/04/2025,5,12:05,7,40.0,8,1,3.0,1.0,1,2,30
DEMO100364,52.433657539129165,-1.9499645927354552,3,3,5,25/10/2025,6,09:36,9,60.0,9,1,9.0,1.0,1,4,39
DEMO100365,53.17803124450855,-1.0332003809605956,2,1,2,29/06/2025,7,19:24,3,20.0,3,1,7.0,1.0,2,4,10
DEMO100366,53.33741441888028,-3.041862915257088,3,4,5,29/10/2025,3,14:44,7,30.0,8,1,7.0,6.0,2,2,42
DEMO100367,53.756857345292524,-1.4864543988831453,3,4,6,05/03/2025,3,15:59,9,30.0,8,5,1.0,1.0,1,4,31
DEMO100368,51.56664010879524,-0.29492904301464956,2,3,3,10/01/2025,5,16:13,9,20.0,9,7,2.0,1.0,2,3,40
DEMO100369,55.750966638791496,-2.993571440064412,3,5,5,22/01/2025,3,04:45,7,70.0,7,5,1.0,1.0,1,5,41
DEMO100370,51.514430196832144,-2.9041782221137913,3,2,3,28/12/2025,7,02:07,7,40.0,3,1,7.0,1.0,2,5,2
DEMO100371,53.23209948549926,-1.6622811191516886,3,2,4,30/01/2025,4,17:59,2,40.0,8,1,1.0,1.0,1,5,30
DEMO100372,51.36462727312906,-2.5683698056648083,3,2,2,09/12/2025,2,00:28,3,40.0,8,1,1.0,5.0,1,2,39
DEMO100373,51.38641692893448,-2.389984074852565,3,2,4,23/09/2025,2,17:44,9,30.0,1,1,1.0,1.0,1,6,26
DEMO100374,51.413640371830766,-3.1283391121282556,2,3,4,23/02/2025,7,03:46,3,70.0,7,6,1.0,1.0,1,4,8
DEMO100375,52.504585084342786,-1.7673968766942028,3,3,4,12/11/2025,3,06:36,3,50.0,7,1,1.0,1.0,1,1,22
DEMO100376,55.850948788057245,-4.544213777648216,3,1,2,22/02/2025,6,16:23,7,30.0,7,1,1.0,1.0,1,1,36
DEMO100377,55.831449423203416,-4.327690560863244,3,2,2,22/02/2025,6,14:45,9,30.0,9,5,6.0,1.0,1,3,31
DEMO100378,51.47644055424053,-2.530640608454526,3,3,6,30/07/2025,3,18:28,1,20.0,7,1,5.0,4.0,1,2,6
DEMO100379,53.63740697299741,-1.5356842611632477,3,4,5,16/04/2025,3,14:39,9,50.0,9,1,1.0,3.0,1,1,44
DEMO100380,51.119008054740796,-0.38736193991096235,2,1,1,17/04/2025,4,01:36,3,40.0,2,1,5.0,1.0,1,3,37
DEMO100381,54.59574763351044,-6.132449814147607,3,4,6,13/03/2025,4,20:27,9,60.0,0,1,2.0,1.0,1,2,30
DEMO100382,54.47354139559875,-5.961655593568351,2,4,4,10/08/2025,7,05:07,9,70.0,3,4,5.0,1.0,1,1,3
DEMO100383,53.56263375966,-2.0634158509299354,1,3,3,10/01/2025,5,03:17,9,20.0,7,1,1.0,1.0,1,4,6
DEMO100384,51.40804951288382,0.376248699422814,2,3,3,31/03/2025,1,21:56,12,20.0,8,5,,1.0,1,4,5
DEMO100385,52.14458362949556,-2.152096293692874,3,1,2,22/07/2025,2,04:31,12,60.0,7,1,1.0,1.0,1,6,3
DEMO100386,51.485825423970866,-0.11569406734415429,3,1,2,27/06/2025,5,12:38,12,40.0,3,1,1.0,4.0,1,1,43
DEMO100387,56.14257834589951,-3.4329451634285983,3,2,3,13/09/2025,6,11:15,6,30.0,3,5,3.0,1.0,2,2,4
DEMO100388,51.537911429652006,-3.1849011727759455,2,2,2,20/03/2025,4,18:42,6,40.0,9,1,4.0,2.0,1,2,28
DEMO100389,52.23049576888698,-1.9828329304413268,2,4,5,25/08/2025,1,01:29,2,30.0,1,1,4.0,2.0,1,1,1
DEMO100390,55.751626215563306,-4.153806155389357,3,5,8,05/10/2025,7,02:13,3,40.0,1,1,1.0,1.0,1,4,29
DEMO100391,53.39139602378735,-2.7197196626358338,2,1,2,22/05/2025,4,09:08,7,70.0,7,1,2.0,1.0,1,2,34
DEMO100392,51.42139818931597,-2.667662110621674,3,4,4,04/04/2025,5,11:23,2,40.0,8,1,5.0,1.0,1,6,31
DEMO100393,53.275441167827466,-1.4440512773577399,3,3,4,22/07/2025,2,18:33,12,30.0,3,7,1.0,3.0,1,2,18
DEMO100394,55.548086211626504,-4.202667188628761,3,3,6,31/07/2025,4,14:16,3,30.0,0,1,1.0,,2,1,19
DEMO100395,51.456849209256156,-3.100335970869871,3,4,4,04/02/2025,2,03:14,2,70.0,6,4,1.0,2.0,1,3,11
DEMO100396,51.76521948007393,-0.08982849402919918,3,1,2,26/07/2025,6,23:16,3,40.0,1,1,1.0,1.0,1,2,11
DEMO100397,53.36317488099088,-1.9409255480720975,3,5,6,26/02/2025,3,11:17,1,40.0,0,1,1.0,1.0,1,1,28
DEMO100398,53.57695347686568,-1.2299257408910556,1,3,4,27/07/2025,7,23:44,3,20.0,2,6,1.0,3.0,1,5,2
DEMO100399,54.05722823420099,-1.5992941964078686,3,3,3,07/12/2025,7,23:29,7,70.0,1,5,3.0,1.0,1,2,40
DEMO100400,54.94306834595146,-6.055026521416976,2,3,3,16/07/2025,3,01:28,3,30.0,3,7,4.0,2.0,1,1,4
DEMO100401,55.87990592224111,-3.140135797875612,3,2,4,05/10/2025,7,12:09,9,70.0,8,1,5.0,1.0,2,3,2
DEMO100402,53.84358160674715,-1.3552494572728577,2,1,1,24/04/2025,4,10:32,3,30.0,0,1,3.0,1.0,1,4,3
DEMO100403,54.637032956063024,-5.920148305267351,3,1,2,03/12/2025,3,11:57,9,30.0,6,5,1.0,1.0,1,5,10
DEMO100404,53.56838247706899,-3.252882267129161,3,3,3,24/10/2025,5,07:44,7,30.0,6,1,8.0,1.0,2,2,22
DEMO100405,52.753739050347626,-0.9278650945986832,2,4,5,01/12/2025,1,13:26,2,30.0,0,1,4.0,2.0,2,1,9
DEMO100406,53.40302377717434,-2.896794178448223,3,3,3,28/09/2025,7,11:18,1,70.0,8,1,2.0,1.0,2,3,21
DEMO100407,52.2900023496693,-1.468289837337168,3,1,3,26/08/2025,2,04:21,9,30.0,0,1,1.0,1.0,1,1,3
DEMO100408,54.65945671607639,-6.10954496848362,2,3,4,11/07/2025,5,06:01,7,60.0,9,6,3.0,1.0,2,6,22
DEMO100409,51.77974554498588,-0.07075029678381738,2,3,3,05/12/2025,5,03:01,3,60.0,7,7,3.0,1.0,1,1,6
DEMO100410,53.540799344896236,-2.138740297273126,3,1,1,06/11/2025,4,20:46,7,,2,5,,2.0,2,2,19
DEMO100411,53.32780978423051,-2.296264020998943,3,3,4,02/06/2025,1,16:50,3,40.0,9,1,5.0,1.0,1,2,15
DEMO100412,53.98002494608857,-1.776516335879107,3,1,1,01/02/2025,6,09:58,1,60.0,3,6,7.0,,1,3,5
DEMO100413,52.376208823580676,-1.8229007727883562,3,2,2,02/01/2025,4,09:37,3,40.0,2,5,8.0,1.0,1,1,23
DEMO100414,51.59262164404408,-0.23092202687439795,3,1,2,27/03/2025,4,01:55,9,30.0,3,6,3.0,1.0,1,5,6
DEMO100415,55.7244408529709,-4.245135148056248,3,3,4,23/01/2025,4,06:24,3,60.0,7,1,8.0,1.0,1,6,13
DEMO100416,54.358164859867415,-5.920165197294992,2,1,5,19/03/2025,3,22:15,6,40.0,8,7,7.0,1.0,2,2,33
DEMO100417,52.34944408238882,-2.1442311119815614,3,3,3,09/02/2025,7,00:14,2,70.0,8,1,1.0,2.0,2,2,42
DEMO100418,53.314333470260884,-1.653305656882748,3,2,2,25/12/2025,4,03:14,2,50.0,9,4,3.0,2.0,2,4,8
DEMO100419,52.75971514904727,-1.256274927622447,3,1,3,04/02/2025,2,20:44,3,30.0,9,6,1.0,1.0,1,2,6
DEMO100420,54.98273807233006,-5.913991653933632,3,5,6,17/08/2025,7,12:00,6,30.0,1,7,1.0,3.0,1,6,37
DEMO100421,55.35675725675523,-4.137805052052397,3,2,2,09/05/2025,5,00:56,9,60.0,9,7,1.0,1.0,1,4,35
DEMO100422,55.6705724050183,-3.1111850622440786,2,1,1,05/03/2025,3,11:46,9,70.0,1,1,2.0,2.0,1,5,14
DEMO100423,53.2682950397399,-0.948979017076391,3,2,3,13/09/2025,6,17:22,3,30.0,9,5,,1.0,1,3,27
DEMO100424,53.23569520558395,-2.9540225206146946,2,2,2,21/12/2025,7,08:42,2,30.0,2,1,1.0,1.0,1,4,18
DEMO100425,53.40820769788841,,3,2,2,16/10/2025,4,09:08,3,20.0,2,5,1.0,1.0,1,5,2
DEMO100426,51.47884183543561,-3.085420900889403,2,1,1,22/12/2025,1,15:25,9,30.0,3,1,3.0,4.0,1,1,25
DEMO100427,55.65662432834325,-3.5083232172386642,2,1,1,04/08/2025,1,14:06,6,30.0,1,1,6.0,4.0,1,3,6
DEMO100428,51.69527612109539,-0.22084619609959955,3,3,4,03/09/2025,3,21:06,9,30.0,8,7,9.0,1.0,1,4,34
DEMO100429,55.84250130199732,-3.4852732549515917,3,2,3,23/02/2025,7,05:00,3,30.0,1,6,2.0,1.0,1,1,18
DEMO100430,52.371910882897204,-2.2120225226787964,3,5,5,08/11/2025,6,06:47,7,40.0,3,1,1.0,1.0,1,3,10
DEMO100431,56.0341220198545,-4.13700956462899,2,2,3,30/09/2025,2,03:44,7,70.0,9,1,6.0,1.0,1,4,32
DEMO100432,55.713759769812825,-2.64605952567739,3,1,2,03/04/2025,4,15:53,7,30.0,7,1,1.0,1.0,2,2,14
DEMO100433,52.49311119303241,-2.1845889762053634,3,1,4,10/05/2025,6,12:58,6,50.0,7,1,8.0,,1,6,39
DEMO100434,53.225718486853225,-2.6104326662974606,3,2,2,11/08/2025,1,08:57,3,20.0,9,1,4.0,2.0,1,5,37
DEMO100435,52.26018918271055,-1.5096169221688573,3,5,6,05/01/2025,7,16:59,3,50.0,0,7,2.0,1.0,1,1,4
DEMO100436,53.31525297487438,-1.2215632771076803,2,1,2,26/10/2025,7,09:00,12,70.0,2,1,1.0,1.0,1,3,3
DEMO100437,54.61998390806213,-6.377996767841541,3,2,3,13/04/2025,7,04:47,3,30.0,1,1,1.0,3.0,1,1,30
DEMO100438,51.67796823545789,0.023071856606661778,2,2,2,28/01/2025,2,12:43,9,60.0,1,5,2.0,1.0,2,5,8
DEMO100439,51.36092401354443,-2.6042435494206657,2,3,3,01/05/2025,4,10:09,12,20.0,1,1,2.0,1.0,2,6,18
DEMO100440,54.41207405003656,-5.969892016410862,2,2,3,02/11/2025,7,09:08,7,30.0,7,1,6.0,6.0,1,2,16
DEMO100441,53.23980076351613,-1.382856382280424,2,5,5,11/04/2025,5,10:58,6,20.0,2,1,3.0,1.0,1,5,40
DEMO100442,52.429141085145005,-1.8822806179570464,3,1,1,16/07/2025,3,21:52,2,30.0,8,1,2.0,1.0,1,6,22
DEMO100443,53.109901219423634,-3.3667675547315294,3,1,1,24/10/2025,5,05:19,9,30.0,8,4,1.0,1.0,2,5,25
DEMO100444,52.97180448747479,-1.1805625750532824,2,4,5,13/01/2025,1,06:04,12,50.0,3,5,2.0,2.0,2,3,28
DEMO100445,53.14841879128655,-1.3777179492747944,3,2,3,05/10/2025,7,13:20,12,30.0,7,1,1.0,1.0,2,1,27
DEMO100446,53.88501785355067,-1.425444192829438,3,2,6,16/04/2025,3,01:00,3,60.0,1,6,4.0,1.0,1,6,15
DEMO100447,54.96783543504161,-5.618134361046463,1,1,3,11/09/2025,4,03:41,12,30.0,8,7,3.0,1.0,2,3,38
DEMO100448,53.463481903081195,-1.6186401214026684,2,4,6,10/03/2025,1,13:22,3,30.0,3,6,5.0,1.0,1,6,17
DEMO100449,53.85850259739537,-1.3015984276453088,3,1,1,20/02/2025,4,12:02,7,40.0,8,7,2.0,1.0,1,4,12
DEMO100450,54.59525710609159,-6.0168652973947,3,3,3,15/10/2025,3,15:58,3,50.0,6,7,1.0,1.0,1,4,6
DEMO100451,54.471117744625126,-5.880368863893931,2,3,3,22/10/2025,3,02:49,3,60.0,8,6,6.0,4.0,1,2,27
DEMO100452,53.267722204983365,-2.7782344035034616,3,3,4,25/12/2025,4,20:54,7,60.0,2,1,4.0,1.0,1,6,5
DEMO100453,51.342048859969786,-0.3052833466608348,3,2,4,05/09/2025,5,11:59,6,40.0,3,1,4.0,2.0,1,1,10
DEMO100454,53.64795850464816,-1.5574103497638094,2,2,3,20/06/2025,5,03:00,12,70.0,3,5,2.0,3.0,1,4,44
DEMO100455,52.88424764153799,-1.0180591178036649,3,4,5,13/03/2025,4,07:46,3,30.0,7,6,6.0,4.0,1,5,37
DEMO100456,52.87505574587058,-2.027755931356533,1,3,3,18/04/2025,5,05:47,9,70.0,6,6,1.0,2.0,1,3,6
DEMO100457,53.21392249632754,-1.3859739409020988,3,2,4,25/08/2025,1,10:46,6,30.0,8,5,2.0,1.0,1,2,40
DEMO100458,51.45624564784064,-3.432974329721193,3,1,3,07/05/2025,3,11:15,2,30.0,0,6,5.0,2.0,1,4,4
DEMO100459,52.257907932667074,-1.5953648294086702,3,3,5,26/06/2025,4,10:23,3,30.0,9,5,1.0,1.0,1,6,18
DEMO100460,55.96001001494163,-4.066625589610905,3,3,4,03/03/2025,1,11:55,9,40.0,9,5,5.0,1.0,1,5,38
DEMO100461,52.449688977395176,-2.0695089648241947,3,1,2,10/06/2025,2,21:03,9,30.0,2,1,1.0,1.0,2,4,42
DEMO100462,55.85817714811291,-3.985799238020966,3,2,2,28/03/2025,5,23:38,1,20.0,1,1,1.0,1.0,1,5,44
DEMO100463,53.35262205923181,-2.886177848274385,2,1,1,10/02/2025,1,11:47,3,30.0,7,1,1.0,1.0,2,1,43
DEMO100464,51.60759606530417,-0.35269741110101877,2,1,2,18/02/2025,2,23:47,6,40.0,0,1,6.0,2.0,2,5,5
DEMO100465,54.717985009195665,,3,2,5,09/07/2025,3,19:35,7,50.0,2,4,5.0,1.0,2,4,10
DEMO100466,52.6357902133795,-1.7153997781094206,3,5,6,14/05/2025,3,19:46,7,70.0,6,1,1.0,,1,3,24
DEMO100467,53.2117751960072,-1.846675473308795,1,1,3,06/02/2025,4,05:54,9,70.0,7,7,1.0,1.0,1,3,27
DEMO100468,53.53857440061371,-2.8222406294510707,3,1,1,07/07/2025,1,10:45,3,40.0,1,1,1.0,2.0,1,2,33
DEMO100469,54.50776820063157,-6.02368768670262,3,3,3,01/03/2025,6,08:06,2,40.0,9,5,1.0,1.0,2,5,12
DEMO100470,56.10334815020746,-4.425409305133607,2,2,3,06/01/2025,1,02:14,3,50.0,1,1,4.0,1.0,1,1,1
DEMO100471,55.99782723995804,-3.0324448898291636,3,3,3,18/02/2025,2,01:18,12,60.0,1,6,1.0,2.0,1,6,11
DEMO100472,53.4624416976249,-3.148120785774077,3,2,2,13/06/2025,5,14:20,6,50.0,1,1,1.0,2.0,1,5,18
DEMO100473,53.358574066583,-3.132772847520927,2,4,6,15/12/2025,1,10:21,3,50.0,9,4,1.0,1.0,2,2,18
DEMO100474,53.23467315000308,-1.0316190520017128,3,2,2,30/03/2025,7,19:13,9,30.0,9,5,3.0,1.0,1,1,42
DEMO100475,55.966520941004916,-2.8824757342545078,2,2,2,14/04/2025,1,16:40,7,60.0,0,4,4.0,1.0,1,3,16
DEMO100476,51.702080981183286,-3.5410406112913977,3,2,2,30/03/2025,7,02:06,3,,8,4,3.0,4.0,1,6,5
DEMO100477,51.36889765264181,0.20020322738512,3,2,2,10/05/2025,6,20:47,1,30.0,0,5,2.0,1.0,2,1,21
DEMO100478,53.618661793417836,-1.0895397142938845,3,2,2,19/09/2025,5,11:39,9,40.0,0,6,8.0,2.0,2,3,37
DEMO100479,52.58868607352019,-1.9193618358859919,3,3,3,28/04/2025,1,13:57,9,30.0,0,1,2.0,1.0,1,4,6
DEMO100480,53.43535356660745,-1.6383180415978023,3,1,4,29/08/2025,5,23:00,3,30.0,8,7,6.0,1.0,1,3,22
DEMO100481,55.78848889493929,-3.6372174792304293,3,2,2,24/11/2025,1,15:17,3,50.0,3,1,3.0,1.0,1,5,18
DEMO100482,54.21270955042782,-1.8666859451179634,3,1,2,12/12/2025,5,00:53,3,50.0,7,1,1.0,1.0,1,3,1
DEMO100483,55.93145287812198,-3.20993796039392,2,2,2,25/07/2025,5,04:29,7,70.0,0,1,5.0,2.0,1,6,3
DEMO100484,53.24567764824335,-3.0995661844336397,3,3,5,18/09/2025,4,10:33,3,70.0,9,1,3.0,2.0,1,3,10
DEMO100485,53.32382132622887,-2.3198763332280223,2,2,2,02/12/2025,2,00:01,3,30.0,9,1,3.0,1.0,1,6,33
DEMO100486,51.430011890440326,-2.4969527068495463,2,5,5,15/10/2025,3,04:45,3,30.0,2,6,1.0,3.0,2,4,20
DEMO100487,53.12006296267853,-0.7267450465895844,3,2,2,20/04/2025,7,19:15,12,30.0,8,4,2.0,1.0,1,3,15
DEMO100488,55.89251652387266,-3.3246717564245722,3,3,5,18/02/2025,2,03:57,6,70.0,8,7,6.0,1.0,1,2,34
DEMO100489,53.241505954356235,-1.606050019259651,3,6,6,11/02/2025,2,04:22,3,30.0,9,1,1.0,1.0,1,5,18
DEMO100490,54.18950798141735,,2,2,4,18/11/2025,2,12:11,6,30.0,6,4,1.0,1.0,1,3,6
DEMO100491,51.31782361149166,-3.2366887463450866,3,3,3,23/07/2025,3,02:35,9,40.0,2,1,1.0,3.0,1,5,13
DEMO100492,55.82761169819706,-2.776348839839518,3,1,1,19/04/2025,6,06:28,9,20.0,2,1,2.0,1.0,1,3,18
DEMO100493,53.438955298063675,-1.511986649554154,3,3,4,07/05/2025,3,22:28,12,50.0,7,1,5.0,3.0,1,4,10
DEMO100494,53.873791462410296,-1.3253367521336246,3,4,4,13/04/2025,7,15:56,6,60.0,6,5,3.0,1.0,1,4,17
DEMO100495,51.71348938886769,-1.9614107979683175,2,1,2,20/10/2025,1,23:21,6,50.0,0,5,7.0,2.0,1,3,16
DEMO100496,52.27193210495887,-1.468209881378387,3,3,5,12/08/2025,2,08:23,3,30.0,8,1,2.0,1.0,1,4,31
DEMO100497,51.47852757894875,,2,4,4,17/11/2025,1,14:37,9,30.0,9,1,1.0,1.0,1,5,2
DEMO100498,54.62619760346648,-6.036797696418443,3,2,3,21/04/2025,1,05:10,7,30.0,6,1,1.0,3.0,1,6,11
DEMO100499,53.228409591861066,-3.2157737476734325,2,1,3,22/06/2025,7,09:49,3,30.0,6,1,1.0,1.0,1,2,30
DEMO100500,52.65051555127692,,2,2,5,14/02/2025,5,04:13,6,30.0,6,5,4.0,1.0,1,2,44
DEMO100501,53.68786212047128,-1.8433371995170078,3,2,3,21/12/2025,7,19:14,3,30.0,6,1,1.0,2.0,1,2,25
DEMO100502,54.60159266389816,-5.387281429108921,3,4,6,06/07/2025,7,04:00,7,40.0,1,6,1.0,2.0,1,3,39
DEMO100503,51.3956643728012,-3.3046515403144863,2,1,1,21/07/2025,1,04:20,3,30.0,3,7,6.0,1.0,1,1,16
DEMO100504,54.0696979357074,-1.5343792306557689,3,2,5,31/05/2025,6,11:34,3,40.0,3,1,2.0,1.0,1,4,5
DEMO100505,53.48700930431035,-2.920803550965269,3,3,3,09/04/2025,3,10:42,1,30.0,9,7,1.0,,1,6,13
DEMO100506,52.736085009522164,-1.440417218748008,3,2,2,13/12/2025,6,07:53,3,30.0,0,6,4.0,2.0,1,4,41
DEMO100507,53.44590072877664,-1.9967918144514687,2,3,3,28/06/2025,6,08:46,3,50.0,2,1,2.0,1.0,1,3,36
DEMO100508,53.73564061918092,-1.4298084434946707,2,3,4,04/09/2025,4,07:19,9,20.0,6,6,6.0,1.0,1,1,28
DEMO100509,53.32855004406704,-2.302532263652683,3,5,5,14/01/2025,2,21:49,7,40.0,8,1,4.0,5.0,1,2,9
DEMO100510,54.45344211174642,-5.832916559612674,3,3,3,11/04/2025,5,13:11,6,40.0,3,5,1.0,1.0,1,3,44
DEMO100511,55.7437030109849,-4.2658003725902685,3,3,3,21/10/2025,2,22:12,3,50.0,2,5,1.0,1.0,1,5,1
DEMO100512,51.62752725823828,-3.176391406360837,2,2,2,02/02/2025,7,23:21,9,70.0,7,7,1.0,6.0,2,3,19
DEMO100513,55.900314852180315,-3.3428262084046474,3,4,5,07/02/2025,5,15:32,9,60.0,2,6,4.0,1.0,1,1,7
DEMO100514,54.61278595118995,-5.895022896479704,3,5,7,23/10/2025,4,19:12,7,50.0,7,6,2.0,1.0,2,4,41
DEMO100515,52.6603630705941,-1.7832219955072455,3,1,1,23/04/2025,3,02:54,7,60.0,8,1,4.0,2.0,1,1,24
DEMO100516,51.427811159490254,-3.370879663409183,3,2,5,10/04/2025,4,22:16,9,70.0,7,7,2.0,2.0,1,3,10
DEMO100517,51.2909192522482,-0.05263950967154468,2,4,4,26/07/2025,6,11:23,9,60.0,7,5,1.0,5.0,1,1,39
DEMO100518,53.57835395772893,-3.447954849072381,3,3,3,13/03/2025,4,17:36,3,40.0,0,6,1.0,1.0,1,6,9
DEMO100519,53.3126215057098,-1.1657994020372882,3,1,1,16/01/2025,4,05:25,6,60.0,8,6,1.0,1.0,1,4,29
DEMO100520,51.77519866536596,-2.8754127023040534,3,2,3,02/01/2025,4,02:24,3,30.0,9,1,2.0,1.0,2,5,17
DEMO100521,52.66777111386392,-2.2980032760252604,3,3,5,29/01/2025,3,21:59,9,70.0,6,1,2.0,1.0,1,4,4
DEMO100522,53.57606965524883,-2.356539913022841,3,3,3,27/02/2025,4,10:26,7,30.0,8,6,8.0,4.0,2,3,12
DEMO100523,55.99404209443088,-3.1268636972289388,3,1,1,12/09/2025,5,03:06,12,30.0,7,7,1.0,1.0,2,6,35
DEMO100524,54.002877230031736,-1.6132932183187603,2,2,2,19/04/2025,6,15:43,2,30.0,8,6,4.0,1.0,1,5,25
DEMO100525,53.845670243431755,-1.346606245561701,2,2,2,27/01/2025,1,01:42,6,60.0,2,1,1.0,1.0,2,1,12
DEMO100526,54.20641833424599,-5.979596444441804,3,2,2,06/01/2025,1,10:13,9,30.0,9,1,4.0,1.0,1,4,37
DEMO100527,52.46788969470463,-1.930115547926622,3,5,6,24/06/2025,2,16:51,9,50.0,1,4,1.0,1.0,2,6,22
DEMO100528,51.58449123822758,-3.201988092726006,2,3,3,03/11/2025,1,17:23,9,40.0,1,1,3.0,1.0,1,5,14
DEMO100529,54.416556255752454,-5.509689783220962,2,4,4,04/05/2025,7,10:09,3,30.0,0,7,1.0,1.0,1,3,28
DEMO100530,53.847709881093614,-1.558088141491286,3,1,2,24/01/2025,5,08:10,12,60.0,7,4,1.0,5.0,1,6,31
DEMO100531,52.459836774699895,-1.2748764878897,3,2,2,25/03/2025,2,20:42,12,30.0,7,1,2.0,3.0,2,3,23
DEMO100532,52.58730828214327,-1.4009405707856435,3,4,4,02/07/2025,3,04:12,12,40.0,7,1,1.0,1.0,2,2,33
DEMO100533,54.01180548632917,-1.8199643967289292,3,1,2,10/03/2025,1,01:28,7,60.0,1,7,2.0,3.0,1,2,15
DEMO100534,53.06355521896645,-0.9212579177779021,2,4,4,24/12/2025,3,03:44,9,30.0,8,4,1.0,1.0,1,3,32
DEMO100535,52.46700456996781,-2.023744127872419,3,1,1,06/10/2025,1,19:51,2,30.0,1,1,8.0,1.0,1,6,4
DEMO100536,53.48053519066943,-2.9413912378051124,2,4,6,06/05/2025,2,11:29,3,30.0,8,1,1.0,1.0,2,5,20
DEMO100537,52.451423092759796,-2.2594348096839028,3,4,4,14/12/2025,7,00:54,2,40.0,2,1,2.0,2.0,1,4,4
DEMO100538,52.937822919454675,-1.1632105333911384,3,2,2,29/04/2025,2,04:18,6,60.0,3,1,6.0,1.0,1,1,37
DEMO100539,51.30088414814363,0.5575165474931836,3,3,3,21/02/2025,5,00:52,12,20.0,2,5,4.0,1.0,1,2,34
DEMO100540,55.81736858994942,-4.422218387686947,3,1,1,09/12/2025,2,19:15,7,20.0,2,1,1.0,2.0,2,6,17
DEMO100541,51.29088073884797,0.07250906286301029,3,1,2,17/12/2025,3,11:03,6,50.0,8,1,2.0,2.0,2,1,8
DEMO100542,53.47993336947592,-2.190031161517951,1,4,4,25/04/2025,5,01:43,9,50.0,9,1,1.0,2.0,1,3,34
DEMO100543,53.407533203098474,-2.3469356890428843,3,5,6,06/08/2025,3,05:45,7,30.0,6,1,2.0,1.0,1,6,40
DEMO100544,56.043601835861004,-2.873098770639148,3,2,3,05/03/2025,3,14:55,6,30.0,3,4,2.0,2.0,2,1,7
DEMO100545,51.23819362845269,-0.21437880428555528,3,3,3,23/08/2025,6,14:55,7,30.0,2,5,4.0,1.0,1,4,4
DEMO100546,53.241306273864346,-2.9768690960481683,3,1,1,09/09/2025,2,19:06,6,20.0,7,1,6.0,1.0,1,5,22
DEMO100547,53.215457185241604,-1.3890868071648215,1,5,5,17/09/2025,3,00:37,7,40.0,3,1,1.0,2.0,2,3,12
DEMO100548,52.952152730389095,-0.8413357741931078,3,4,4,27/07/2025,7,01:42,9,40.0,8,6,1.0,1.0,1,5,3
DEMO100549,55.82009466385785,-4.321255568961249,3,5,5,15/09/2025,1,00:36,6,60.0,7,7,1.0,2.0,2,4,24
DEMO100550,56.150681589220255,-2.621592078159204,3,1,1,22/07/2025,2,09:01,3,40.0,3,1,2.0,1.0,1,4,38
DEMO100551,51.46202810631498,-2.9942139916280435,3,4,5,27/10/2025,1,17:02,7,30.0,9,1,1.0,1.0,1,6,21
DEMO100552,55.95331875612801,-3.3084100467641573,3,2,4,07/03/2025,5,15:40,9,30.0,0,7,3.0,1.0,2,5,23
DEMO100553,53.61087201435708,-1.2283977760300067,2,2,3,26/06/2025,4,05:51,3,60.0,8,1,2.0,2.0,1,2,30
DEMO100554,54.545312340614046,-6.0428268320970355,2,2,2,01/06/2025,7,15:10,9,40.0,3,7,8.0,2.0,2,6,22
DEMO100555,52.714598905406866,-1.0931159174852527,3,4,4,14/07/2025,1,15:02,7,60.0,1,6,2.0,2.0,2,2,35
DEMO100556,55.953065641214096,-4.459350507407841,3,2,3,21/02/2025,5,04:24,1,30.0,0,1,1.0,1.0,1,5,44
DEMO100557,51.631142840579585,-3.4964579905461552,2,2,3,29/04/2025,2,17:18,6,20.0,7,1,1.0,1.0,1,2,29
DEMO100558,55.68192517701356,-3.2888819461809833,2,2,2,15/12/2025,1,10:58,3,60.0,1,7,,1.0,1,6,35
DEMO100559,51.48960421191251,-2.974364744073402,3,3,4,08/02/2025,6,01:55,3,30.0,9,1,1.0,2.0,2,3,10
DEMO100560,52.93599103335539,-1.2796644857897677,2,4,6,20/08/2025,3,09:33,3,20.0,2,4,1.0,1.0,2,6,18
DEMO100561,51.72416651272124,-0.12609675046838342,3,4,6,31/08/2025,7,18:56,9,40.0,2,1,1.0,2.0,1,6,5
DEMO100562,53.22846813586399,-3.088731974832472,3,4,5,23/06/2025,1,16:13,7,50.0,8,4,4.0,,1,1,13
DEMO100563,53.34403356841275,-2.055894041547419,3,1,1,13/01/2025,1,06:59,6,30.0,2,6,8.0,1.0,1,6,40
DEMO100564,51.52912063673241,-3.540452900617628,2,5,5,13/01/2025,1,18:26,6,40.0,0,5,1.0,1.0,1,6,24
DEMO100565,53.39298603287442,-2.2463570261650125,3,6,7,11/04/2025,5,09:28,3,30.0,3,1,1.0,1.0,1,4,20
DEMO100566,53.40243819619447,-2.303112121430168,3,1,2,07/02/2025,5,11:03,9,60.0,6,4,2.0,1.0,2,5,20
DEMO100567,53.399116479268415,-2.4378549567302548,1,3,4,04/02/2025,2,02:10,12,60.0,3,5,1.0,1.0,1,5,31
DEMO100568,53.47516454995798,-1.1549197310515238,3,3,4,28/02/2025,5,23:11,9,50.0,3,1,9.0,2.0,1,5,11
DEMO100569,53.159301377646194,-1.5512613870872096,3,3,3,11/03/2025,2,20:29,3,20.0,8,6,2.0,1.0,1,4,29
DEMO100570,54.582457236999424,-5.819901904344631,2,2,3,03/11/2025,1,04:11,12,40.0,8,5,4.0,2.0,1,6,34
DEMO100571,51.40577999753483,-2.4557367759712516,3,2,3,22/08/2025,5,13:06,9,60.0,2,1,7.0,1.0,1,1,21
DEMO100572,53.92039392338344,-1.620329949501132,3,3,4,12/01/2025,7,18:36,2,30.0,8,7,3.0,1.0,2,3,12
DEMO100573,51.54460012527278,0.36234908990746983,3,2,3,18/08/2025,1,12:52,3,30.0,0,1,1.0,1.0,1,1,17
DEMO100574,51.535987203739424,-0.0011932839293468112,3,2,3,19/02/2025,3,05:04,3,60.0,6,1,3.0,1.0,2,3,8
DEMO100575,51.65855777711947,-2.737058997097654,2,6,6,03/06/2025,2,23:33,9,60.0,3,1,2.0,1.0,1,3,29
DEMO100576,54.405294522149255,-5.759512133116984,3,6,6,14/01/2025,2,06:57,6,70.0,3,1,2.0,1.0,1,4,41
DEMO100577,52.907411817568686,-1.2482493302885187,2,2,2,02/02/2025,7,08:24,3,40.0,0,1,8.0,1.0,1,3,7
DEMO100578,51.3050431896673,-3.253281984561343,3,3,4,18/02/2025,2,08:10,3,30.0,1,1,1.0,3.0,1,4,25
DEMO100579,52.38965616142254,-1.5969219867554183,3,1,1,08/06/2025,7,21:04,6,20.0,2,6,2.0,1.0,1,1,30
DEMO100580,52.25671856579937,-1.7371855517992347,2,3,3,19/06/2025,4,12:56,7,50.0,2,5,1.0,1.0,1,6,29
DEMO100581,51.413530679392856,-2.8982131864129044,3,1,1,09/05/2025,5,17:24,6,60.0,3,1,1.0,2.0,1,2,31
DEMO100582,52.55282325628601,-2.4633868830829755,2,4,4,15/08/2025,5,21:06,3,30.0,3,5,3.0,1.0,1,3,32
DEMO100583,51.033798108695905,-0.01860258413894586,2,2,2,20/09/2025,6,22:51,7,30.0,2,5,4.0,6.0,1,4,22
DEMO100584,51.395741689135114,-2.1990641810644806,3,4,6,23/09/2025,2,20:48,12,60.0,7,1,3.0,1.0,1,5,24
DEMO100585,54.581133274788094,-6.174538594884079,3,4,4,31/07/2025,4,21:42,3,30.0,3,7,1.0,1.0,2,2,33
DEMO100586,55.81459147751331,-4.185649823072105,3,4,4,19/07/2025,6,22:05,6,20.0,0,1,1.0,1.0,1,4,3
DEMO100587,52.18458038752955,-1.9189263397682284,2,3,4,29/06/2025,7,23:04,3,70.0,2,1,2.0,,2,1,13
DEMO100588,51.65360335481266,-2.980861324181119,2,1,1,28/03/2025,5,15:13,3,40.0,7,1,2.0,1.0,1,2,36
DEMO100589,51.65124508022086,-3.2841417013558365,3,3,3,27/06/2025,5,03:09,9,60.0,7,1,5.0,1.0,1,2,36
DEMO100590,56.15913212785631,-2.9715443753199904,2,2,3,04/01/2025,6,02:31,12,70.0,8,1,3.0,1.0,1,3,2
DEMO100591,51.38108028338361,-3.222136876845105,2,3,3,19/12/2025,5,19:23,3,60.0,2,1,6.0,1.0,1,1,9
DEMO100592,53.51184225164536,-1.5638498147114273,3,2,3,16/05/2025,5,07:45,3,30.0,7,4,5.0,1.0,1,4,17
DEMO100593,54.46597020238736,-5.816092572861688,2,4,6,04/10/2025,6,19:06,2,50.0,6,7,1.0,1.0,1,4,25
DEMO100594,53.607769085790686,-0.9727272182978727,3,6,6,16/12/2025,2,22:43,7,50.0,8,6,3.0,1.0,1,3,16
DEMO100595,55.75082840176628,-3.0056214636178615,2,3,5,01/07/2025,2,15:56,1,70.0,8,5,4.0,1.0,1,4,32
DEMO100596,52.990915714996085,-1.2219880298648695,2,5,6,11/11/2025,2,18:07,6,30.0,1,5,8.0,1.0,1,5,39
DEMO100597,56.10377178825166,-3.1510411860255285,1,4,4,24/06/2025,2,06:39,3,50.0,9,5,2.0,1.0,1,1,26
DEMO100598,53.612644024152054,-1.3497289820792142,3,2,2,18/02/2025,2,10:30,7,60.0,2,1,3.0,1.0,2,3,33
DEMO100599,53.37218187087873,-1.993601819540387,2,5,6,10/01/2025,5,23:05,12,30.0,9,1,1.0,1.0,1,5,1
DEMO100600,53.25830688304224,-1.211850346809017,2,2,2,19/02/2025,3,19:17,2,50.0,2,1,4.0,4.0,1,2,26
DEMO100601,55.93589943375139,-3.1203376598909855,3,5,6,11/12/2025,4,04:47,9,30.0,3,1,7.0,1.0,1,5,9
DEMO100602,56.0390278200059,-4.093455761464728,3,3,5,23/06/2025,1,22:52,9,20.0,7,4,7.0,1.0,1,3,10
DEMO100603,52.77823685630013,-1.7146175370629153,1,5,6,27/04/2025,7,11:22,3,20.0,0,1,1.0,1.0,1,2,7
DEMO100604,56.16518990644724,-3.4716264308436453,2,2,2,12/06/2025,4,20:06,12,40.0,8,1,1.0,1.0,1,1,9
DEMO100605,53.14898751178297,-1.1099176791540886,3,2,2,04/04/2025,5,12:14,7,20.0,1,1,4.0,1.0,2,2,6
DEMO100606,54.04586955612727,-1.5202897955287806,3,1,2,14/11/2025,5,14:50,6,40.0,1,6,3.0,2.0,2,5,2
DEMO100607,52.96804744338332,-1.4298630548611486,2,2,3,31/12/2025,3,03:34,7,30.0,2,1,7.0,2.0,1,6,33
DEMO100608,54.648021904984844,-5.554856982780893,2,2,2,31/01/2025,5,08:25,3,20.0,9,1,1.0,5.0,1,4,28
DEMO100609,51.67241868924452,-2.7028462157915167,3,4,5,20/09/2025,6,17:00,1,30.0,9,1,6.0,4.0,1,6,36
DEMO100610,51.5742958601102,-3.245379822915671,3,5,6,03/05/2025,6,20:46,3,50.0,6,1,4.0,1.0,1,1,7
DEMO100611,53.56447211354899,-2.842677847518031,3,5,6,18/01/2025,6,02:27,9,30.0,7,6,1.0,2.0,2,4,22
DEMO100612,55.84389935010778,-3.1765706321762823,3,2,3,03/12/2025,3,01:32,12,50.0,1,1,1.0,1.0,1,6,43
DEMO100613,51.70624733485388,-2.6490125273199765,2,2,3,23/01/2025,4,16:50,3,60.0,3,1,4.0,3.0,1,1,35
DEMO100614,55.77438122206765,-4.333994196304207,3,2,2,17/03/2025,1,10:33,3,60.0,9,7,1.0,1.0,1,3,32
DEMO100615,53.58130256259746,-1.7481752622853404,3,2,4,10/01/2025,5,20:55,2,50.0,8,1,5.0,1.0,2,3,22
DEMO100616,53.46468230057601,-2.131015557297531,3,1,1,22/06/2025,7,01:33,12,50.0,8,4,2.0,1.0,1,5,14
DEMO100617,53.70477718639566,-1.6782143690573574,2,5,5,07/08/2025,4,08:20,3,40.0,2,5,2.0,1.0,1,1,2
DEMO100618,51.148559453004566,0.03958438976819617,3,3,3,28/04/2025,1,00:55,12,30.0,8,1,1.0,1.0,1,3,38
DEMO100619,52.44699024195918,-1.9752298862817201,3,2,3,27/01/2025,1,17:38,3,20.0,9,1,9.0,2.0,1,3,38
DEMO100620,,-3.252282278905035,3,2,4,12/02/2025,3,20:45,1,70.0,9,1,4.0,1.0,1,3,14
DEMO100621,53.24230118828774,-3.135603789599511,2,4,5,07/12/2025,7,03:13,3,60.0,7,1,5.0,2.0,2,1,31
DEMO100622,52.57785939077818,-1.7851384823589538,3,2,3,22/10/2025,3,07:40,6,50.0,1,1,,1.0,1,5,41
DEMO100623,53.13514249351415,-3.0557364337076534,3,2,4,08/12/2025,1,20:33,3,50.0,9,4,3.0,1.0,1,6,4
DEMO100624,53.60258092470177,-1.6736536149711978,3,3,3,13/07/2025,7,00:06,9,40.0,7,1,8.0,1.0,1,4,11
DEMO100625,53.93447305592103,-1.8387171448442305,2,4,5,19/07/2025,6,22:15,6,20.0,0,1,3.0,1.0,1,3,37
DEMO100626,51.367534830021626,-2.8963745555635056,3,4,5,14/10/2025,2,21:54,2,30.0,0,4,2.0,1.0,1,2,24
DEMO100627,51.6713134671884,-2.2576890605187794,2,4,5,14/08/2025,4,03:34,7,30.0,7,1,1.0,1.0,1,5,42
DEMO100628,52.70333810288243,-0.8703265568860215,2,2,3,09/06/2025,1,03:46,3,60.0,8,4,1.0,1.0,1,6,24
DEMO100629,51.52651602243397,-2.3582210266019783,2,2,3,17/04/2025,4,16:10,7,40.0,9,1,4.0,2.0,1,1,26
DEMO100630,55.92810714971554,-4.051188911117861,2,3,5,27/06/2025,5,00:13,9,30.0,9,5,1.0,1.0,1,4,29
DEMO100631,54.35432400960154,-1.7170167569879986,3,2,2,24/01/2025,5,12:56,12,30.0,7,6,4.0,2.0,1,3,28
DEMO100632,53.34140583035964,-3.10686127632844,3,2,2,12/03/2025,3,01:25,7,60.0,9,4,8.0,2.0,2,4,8
DEMO100633,51.537699042499845,-2.1088859505843742,3,1,3,27/09/2025,6,12:53,3,60.0,1,6,2.0,1.0,2,4,33
DEMO100634,53.447585791679884,-1.9714148638247209,3,1,4,13/11/2025,4,08:48,3,60.0,0,1,1.0,3.0,1,1,43
DEMO100635,55.79733409731309,-4.113612866571119,3,2,3,07/02/2025,5,16:20,3,30.0,0,1,4.0,2.0,1,6,16
DEMO100636,53.455931588636105,-2.3607422288024718,2,5,8,05/02/2025,3,21:56,6,30.0,8,1,1.0,2.0,1,6,11
DEMO100637,53.76683943499627,-1.7430430046854248,3,3,4,01/02/2025,6,11:46,1,40.0,9,1,5.0,2.0,1,1,14
DEMO100638,55.83930885504728,-3.448140696840519,2,3,4,16/10/2025,4,15:07,3,,8,6,2.0,1.0,1,1,20
DEMO100639,54.645516088708156,-6.077481466615867,2,3,3,24/04/2025,4,14:05,12,30.0,9,1,2.0,6.0,2,2,9
DEMO100640,55.70296996118756,-4.296555993897532,3,3,3,30/04/2025,3,23:07,12,40.0,7,1,2.0,1.0,2,4,33
DEMO100641,51.40970600821408,-3.1190512674714808,2,1,2,05/01/2025,7,05:44,1,50.0,8,7,2.0,1.0,1,4,1
DEMO100642,51.8274710580217,-2.8701518914356687,3,2,3,21/12/2025,7,05:08,12,30.0,2,1,1.0,2.0,1,4,5
DEMO100643,53.38753919074382,-2.4582769922916228,3,3,5,08/06/2025,7,09:16,9,30.0,8,5,1.0,1.0,1,4,11
DEMO100644,56.112893689034024,-2.8065757429599594,3,5,5,19/10/2025,7,17:26,1,30.0,8,1,2.0,1.0,2,4,16
DEMO100645,53.78709077816666,-1.8315137572556655,3,2,2,16/09/2025,2,20:08,12,,3,7,7.0,1.0,1,5,21
DEMO100646,53.546706062952794,-3.152857383325217,3,2,2,21/02/2025,5,06:19,12,50.0,0,1,1.0,1.0,2,6,11
DEMO100647,52.923342142400585,-1.3663063600023893,2,2,2,20/10/2025,1,02:40,7,60.0,2,5,1.0,3.0,1,2,21
DEMO100648,54.131893041411644,-5.644958838147569,3,1,1,20/07/2025,7,14:58,9,30.0,9,4,1.0,1.0,1,3,28
DEMO100649,51.47603355665565,-2.9667746384695364,3,1,3,09/08/2025,6,14:28,3,40.0,7,7,2.0,1.0,1,4,43
DEMO100650,53.22812560276514,-3.084275651401433,3,2,4,15/03/2025,6,08:44,7,30.0,3,7,1.0,1.0,1,4,6
DEMO100651,53.327080475555235,-1.4700044668322225,3,3,5,06/11/2025,4,04:31,9,50.0,9,6,5.0,2.0,2,1,31
DEMO100652,53.60469179974713,-2.1615760736149365,3,1,3,07/12/2025,7,20:27,7,60.0,2,1,,2.0,1,3,31
DEMO100653,56.28025165791398,-3.0273614435923157,3,5,6,29/05/2025,4,20:31,3,30.0,2,1,4.0,1.0,2,3,24
DEMO100654,52.701291036398324,-0.8306190766647862,3,2,2,03/02/2025,1,17:57,7,60.0,8,6,1.0,3.0,1,6,3
DEMO100655,52.911788918425806,-1.0785872486319,2,2,4,06/11/2025,4,13:03,9,20.0,2,5,2.0,1.0,1,4,10
DEMO100656,55.9563630123494,-3.2081642770093923,2,4,4,20/11/2025,4,06:30,9,70.0,3,7,1.0,2.0,1,5,28
DEMO100657,53.389900253596394,-1.3411782005852169,3,3,3,04/07/2025,5,09:03,2,60.0,8,6,4.0,1.0,1,1,12
DEMO100658,51.51738890339511,-0.14785512171130358,3,2,3,31/07/2025,4,01:52,3,30.0,3,1,8.0,1.0,1,6,26
DEMO100659,53.90219547825423,-1.4227096435458495,3,3,3,23/03/2025,7,05:36,1,50.0,2,1,1.0,1.0,2,3,8
DEMO100660,53.4020080122517,-2.256902726717157,3,4,5,25/01/2025,6,10:02,7,40.0,0,1,8.0,1.0,1,5,37
DEMO100661,55.82846759197241,-3.9353076025944618,2,2,3,11/12/2025,4,10:37,3,70.0,9,5,1.0,1.0,1,1,10
DEMO100662,51.57836288959273,0.2092429848373172,2,3,4,26/06/2025,4,01:26,12,30.0,6,1,2.0,1.0,1,1,24
DEMO100663,53.35501359558689,-2.259662843412782,3,1,2,11/04/2025,5,22:02,7,40.0,9,1,4.0,1.0,2,4,14
DEMO100664,53.27470090394701,-0.941123699690271,2,1,4,11/09/2025,4,06:58,3,40.0,7,5,1.0,1.0,2,5,17
DEMO100665,55.85225194229569,-4.172933639953226,3,3,4,10/01/2025,5,12:22,9,30.0,1,1,2.0,1.0,1,5,28
DEMO100666,52.84840654417428,-1.027040266585428,2,3,3,30/01/2025,4,11:01,3,60.0,2,1,1.0,1.0,1,5,23
DEMO100667,51.305591588779826,-2.80408241758176,3,4,6,30/03/2025,7,11:36,2,50.0,3,1,4.0,3.0,1,4,24
DEMO100668,54.400227397449015,-5.414722283308555,3,4,6,14/06/2025,6,20:22,2,40.0,8,1,2.0,1.0,2,3,41
DEMO100669,52.47835323828823,-1.5779637684563277,3,1,1,14/05/2025,3,17:39,7,70.0,7,1,7.0,1.0,2,4,16
DEMO100670,54.84395259838285,-5.8213573486116506,2,3,5,10/03/2025,1,20:09,9,70.0,7,5,1.0,4.0,1,4,37
DEMO100671,53.451739714504086,-1.5312432056261196,3,4,4,09/05/2025,5,09:49,3,60.0,8,6,7.0,1.0,1,3,36
DEMO100672,53.20970220483735,-1.3645916036517447,2,1,2,02/05/2025,5,06:25,9,30.0,2,5,1.0,1.0,2,4,1
DEMO100673,52.76489961077027,-1.7169605951421465,3,2,3,11/07/2025,5,10:25,1,60.0,9,7,,1.0,1,2,29
DEMO100674,53.29086076947234,-1.3404292401354658,3,1,2,25/07/2025,5,13:48,3,30.0,3,1,1.0,5.0,1,2,9
DEMO100675,56.149878547567695,-4.277127073086333,3,1,1,19/11/2025,3,08:32,7,40.0,8,1,1.0,1.0,1,5,10
DEMO100676,52.94145221959334,-1.3107407510105993,3,7,7,22/10/2025,3,11:00,9,70.0,1,1,1.0,,1,5,15
DEMO100677,52.53410261050408,-1.8134255201338598,3,1,2,17/04/2025,4,03:34,12,30.0,2,5,3.0,1.0,1,3,15
DEMO100678,52.88898517438288,-1.2895076536897057,3,4,4,26/11/2025,3,14:38,7,,8,1,1.0,2.0,1,3,26
DEMO100679,54.543539435368935,-6.308412880008692,2,2,3,10/07/2025,4,17:18,6,60.0,2,7,2.0,1.0,2,2,26
DEMO100680,56.1130063001349,-4.441453560733019,3,4,4,10/03/2025,1,12:10,1,20.0,9,4,8.0,4.0,1,2,10
DEMO100681,52.453883025388315,-1.9761798530500485,3,3,3,05/05/2025,1,20:03,3,30.0,8,6,1.0,1.0,1,3,38
DEMO100682,54.76701941850737,-6.0984492642473835,3,2,3,28/09/2025,7,23:50,12,30.0,8,1,1.0,1.0,1,1,13
DEMO100683,54.60580682365891,-5.858617914865968,3,1,1,27/10/2025,1,21:00,7,50.0,3,5,1.0,1.0,1,3,4
DEMO100684,53.45996207660976,-2.5277654393212527,3,2,2,17/05/2025,6,02:35,3,40.0,9,1,1.0,3.0,1,2,34
DEMO100685,56.06561090301015,-3.448217195564268,3,2,4,27/02/2025,4,21:50,3,30.0,9,4,2.0,1.0,1,1,34
DEMO100686,51.4332279373379,-2.270582048362397,3,2,3,12/03/2025,3,08:21,2,70.0,2,6,4.0,1.0,2,4,16
DEMO100687,53.23929423267783,-1.2316033689689896,3,4,5,07/02/2025,5,10:12,9,60.0,6,1,1.0,,1,4,11
DEMO100688,53.271868829525324,-2.904148913969951,3,1,2,13/09/2025,6,09:42,3,50.0,9,7,1.0,1.0,1,1,21
DEMO100689,56.0575259678435,-2.8389044954035474,2,1,1,03/07/2025,4,06:37,12,30.0,1,5,3.0,1.0,1,2,25
DEMO100690,54.19960774899205,-6.08847915251851,1,1,1,14/06/2025,6,21:00,6,60.0,2,5,1.0,1.0,1,4,34
DEMO100691,56.02101126337389,-2.9990922314723827,3,5,5,03/09/2025,3,15:34,9,30.0,9,1,2.0,1.0,1,1,13
DEMO100692,54.33851029706276,-5.964775138537513,2,1,1,30/10/2025,4,23:00,2,70.0,6,1,8.0,1.0,1,3,36
DEMO100693,54.62878618506115,-5.562438081949612,3,2,4,18/10/2025,6,22:23,3,30.0,9,1,1.0,1.0,1,6,4
DEMO100694,52.72714604979209,-1.8247254844148748,3,5,5,20/02/2025,4,10:18,3,60.0,3,5,2.0,1.0,1,2,6
DEMO100695,53.641667081188515,-1.7508936571412226,3,3,5,04/08/2025,1,17:50,3,70.0,6,1,5.0,2.0,1,6,2
DEMO100696,55.95852141658038,-3.9150204603974963,2,3,4,19/11/2025,3,12:58,12,30.0,3,7,4.0,1.0,1,5,29
DEMO100697,53.58345546896616,-1.5561212267400435,2,2,3,10/10/2025,5,11:41,9,,3,7,4.0,1.0,2,6,23
DEMO100698,51.403755952142795,-0.4015644753485469,3,2,2,01/05/2025,4,17:44,3,20.0,9,1,5.0,1.0,1,5,44
DEMO100699,52.36972552958118,-1.5161120071307934,3,3,3,24/05/2025,6,16:01,6,30.0,8,5,2.0,1.0,2,3,37
DEMO100700,53.022307529789984,-0.996303350603181,3,3,4,21/11/2025,5,21:03,6,40.0,9,1,2.0,1.0,1,1,10
DEMO100701,53.60609545574241,-1.6693135564103128,1,3,3,12/01/2025,7,18:46,7,20.0,2,1,4.0,2.0,1,3,31
DEMO100702,53.8916333215175,-2.2593092083420063,2,4,4,11/07/2025,5,14:25,2,30.0,9,1,4.0,4.0,1,4,25
DEMO100703,53.34752038457347,-2.266254844100221,3,2,2,12/02/2025,3,22:30,3,30.0,8,6,4.0,1.0,1,2,42
DEMO100704,52.60277201460069,-2.0968130838090464,2,2,2,23/11/2025,7,02:41,2,30.0,1,7,1.0,1.0,2,3,9
DEMO100705,52.86834372388994,-1.3559187210547372,3,4,6,15/01/2025,3,18:20,12,60.0,3,1,,1.0,1,5,23
DEMO100706,51.304181686660364,-0.14362533870474856,3,3,4,09/01/2025,4,09:40,3,30.0,2,1,1.0,1.0,1,3,21
DEMO100707,52.91270746236567,-0.9141902322913088,3,2,3,01/05/2025,4,10:43,9,20.0,2,1,1.0,1.0,2,2,22
DEMO100708,53.36686739761893,-2.7834514775573687,2,1,1,15/03/2025,6,18:14,12,30.0,9,4,1.0,3.0,1,5,23
DEMO100709,53.42395617040065,-3.115672523224035,3,3,6,30/06/2025,1,06:41,3,30.0,9,1,1.0,2.0,1,3,4
DEMO100710,55.93956882492266,-4.044025295558036,2,7,8,20/04/2025,7,21:10,2,30.0,0,6,4.0,1.0,1,6,15
DEMO100711,52.996663234804515,-0.7925382522065765,3,1,3,11/05/2025,7,11:18,3,30.0,1,7,1.0,1.0,1,6,30
DEMO100712,56.0829103244383,-4.449967028845825,3,4,4,26/07/2025,6,08:46,7,30.0,2,1,3.0,1.0,1,5,28
DEMO100713,56.291382336679675,-3.004236116767066,3,2,3,24/07/2025,4,07:58,6,,8,6,2.0,1.0,1,1,31
DEMO100714,54.60008216042568,-5.918775876674365,3,3,5,08/12/2025,1,10:03,2,40.0,7,5,1.0,1.0,2,6,21
DEMO100715,55.864698414200944,-3.24596189886181,3,3,4,25/06/2025,3,22:38,2,40.0,7,4,1.0,3.0,1,1,15
DEMO100716,52.918904966514674,-1.1464878538041285,2,2,3,25/07/2025,5,02:34,7,60.0,7,6,2.0,1.0,1,4,32
DEMO100717,53.36691906354663,-2.788983591994345,3,3,4,05/09/2025,5,12:36,9,50.0,9,1,4.0,1.0,1,3,5
DEMO100718,53.37434475571552,-2.537715316926897,3,2,2,05/03/2025,3,20:47,2,30.0,2,4,1.0,1.0,1,4,21
DEMO100719,53.111323100433616,-1.4620656969848702,2,4,5,01/09/2025,1,11:04,9,30.0,1,1,1.0,1.0,1,4,21
DEMO100720,52.24361854055885,-1.97049550491446,3,5,6,11/11/2025,2,13:44,3,50.0,7,5,1.0,4.0,1,4,15
DEMO100721,54.72037587924231,-5.917308902336157,3,1,3,27/04/2025,7,08:16,1,40.0,9,1,1.0,2.0,1,3,2
DEMO100722,51.61657489189051,-3.2157867818430237,3,4,5,07/03/2025,5,03:09,3,30.0,8,1,1.0,2.0,1,6,22
DEMO100723,52.5447636782834,-2.0630030304219376,3,2,2,07/05/2025,3,15:26,9,60.0,9,1,8.0,2.0,1,2,44
DEMO100724,55.90973306720144,-2.7280532396662163,2,2,3,11/04/2025,5,22:01,7,30.0,9,1,1.0,1.0,1,3,9
DEMO100725,52.395280428393825,-2.510853234517281,3,2,2,02/08/2025,6,12:37,6,30.0,1,1,1.0,2.0,1,2,37
DEMO100726,55.6171685861811,-4.1071809556589525,3,2,3,12/11/2025,3,10:33,3,50.0,8,1,6.0,,2,1,22
DEMO100727,52.3689376232232,-1.7438503927468203,3,4,5,06/08/2025,3,03:30,3,70.0,9,6,4.0,1.0,1,3,35
DEMO100728,53.276638042003604,-2.9650822109160306,2,4,4,15/02/2025,6,22:01,3,60.0,1,4,2.0,1.0,1,3,30
DEMO100729,53.12652118925419,-1.3956927361602316,1,2,3,25/04/2025,5,20:45,3,70.0,8,1,3.0,1.0,1,1,25
DEMO100730,55.903384710627925,-4.091462253418159,1,2,2,09/09/2025,2,21:02,6,30.0,2,6,8.0,3.0,2,6,42
DEMO100731,53.27540225053263,-3.1101519572940575,3,2,2,01/05/2025,4,08:15,6,30.0,8,6,,1.0,1,4,4
DEMO100732,54.604587178252594,-6.010094056085855,3,1,2,03/08/2025,7,15:23,2,30.0,2,1,1.0,3.0,1,3,37
DEMO100733,55.687034165549434,-3.2562620254816452,3,1,1,11/09/2025,4,10:42,3,30.0,3,4,6.0,4.0,2,5,34
DEMO100734,53.58656357443623,-2.1200240310114795,3,2,4,01/05/2025,4,05:24,2,60.0,8,1,5.0,4.0,1,3,18
DEMO100735,55.94146908794197,-4.120324811053647,3,2,4,25/08/2025,1,04:48,7,20.0,7,4,9.0,1.0,2,1,4
DEMO100736,55.77178886784431,-4.495525147346324,3,2,6,26/05/2025,1,09:56,3,30.0,1,5,1.0,1.0,1,4,14
DEMO100737,51.701710454016734,-2.5938729537361866,3,6,6,19/02/2025,3,13:45,7,70.0,2,1,,2.0,1,6,28
DEMO100738,55.84963669643444,-4.389669076807318,2,1,2,16/05/2025,5,02:02,2,30.0,9,1,1.0,1.0,1,6,8
DEMO100739,51.50603389001958,-3.394322040056309,3,4,4,10/06/2025,2,16:46,3,30.0,9,1,4.0,1.0,1,2,29
DEMO100740,55.67214344876565,-3.291861975666215,3,3,3,01/01/2025,3,10:12,3,70.0,8,4,6.0,2.0,1,4,38
DEMO100741,55.812415790348425,-3.4466638101441807,2,1,3,22/11/2025,6,21:53,2,30.0,0,1,1.0,1.0,1,5,17
DEMO100742,53.26393992869198,-1.8927469203382012,2,3,3,12/07/2025,6,06:58,9,60.0,8,6,1.0,1.0,1,3,8
DEMO100743,53.94156252912782,-1.518646225110057,2,5,5,14/01/2025,2,01:05,2,30.0,7,4,3.0,4.0,2,2,10
DEMO100744,56.126761807150686,-2.952086566465805,3,3,4,13/11/2025,4,07:05,3,30.0,3,1,6.0,1.0,2,4,34
DEMO100745,51.35186592334167,-2.651516187677827,3,1,1,09/11/2025,7,23:41,3,30.0,2,6,1.0,3.0,1,1,21
DEMO100746,52.98545962507802,-0.9263848210100956,3,4,5,05/01/2025,7,07:08,3,20.0,1,1,6.0,1.0,1,4,7
DEMO100747,53.95501740979677,-1.3537761266370436,3,4,4,01/03/2025,6,16:58,12,30.0,0,4,1.0,1.0,2,2,39
DEMO100748,53.739605891644366,-1.7476352082344364,2,2,3,13/05/2025,2,20:32,12,50.0,7,1,2.0,1.0,1,2,10
DEMO100749,52.22301006075187,-2.0784484761819098,3,1,1,05/07/2025,6,06:34,3,40.0,2,1,1.0,1.0,1,6,10
DEMO100750,54.725259692575776,-6.264262392142752,3,2,2,22/09/2025,1,15:51,3,30.0,6,1,7.0,1.0,2,2,39
DEMO100751,52.5626767411014,-1.8238287714666803,3,3,3,04/06/2025,3,04:13,6,30.0,6,1,1.0,2.0,1,4,6
DEMO100752,52.53859318405932,-1.7584497586517298,3,3,5,12/08/2025,2,08:33,6,50.0,7,5,2.0,3.0,1,3,35
DEMO100753,54.770030275371234,-5.922075945067981,3,2,7,04/01/2025,6,07:59,6,30.0,7,5,1.0,1.0,2,5,43
DEMO100754,53.14233717541075,-1.3348595800172085,3,3,3,29/08/2025,5,16:01,1,20.0,6,1,7.0,1.0,1,1,1
DEMO100755,53.52020774820105,-3.0022690193589012,3,2,2,01/12/2025,1,21:10,2,70.0,1,1,5.0,1.0,1,4,8
DEMO100756,55.65342660094556,-4.077225407705707,3,3,4,12/07/2025,6,06:08,2,70.0,0,7,1.0,1.0,2,3,37
DEMO100757,,-2.437995213342857,3,2,3,16/06/2025,1,06:20,3,30.0,7,1,1.0,1.0,1,6,12
DEMO100758,52.54929285757888,-1.7592800598103044,3,4,4,19/04/2025,6,19:07,7,30.0,3,1,1.0,1.0,2,1,11
DEMO100759,55.87595616690305,-4.168781404632789,2,4,5,15/12/2025,1,11:10,9,40.0,3,5,2.0,1.0,1,2,38
DEMO100760,53.50606124901714,-1.960464929708603,3,1,3,13/01/2025,1,12:51,3,30.0,3,1,5.0,1.0,2,4,4
DEMO100761,53.25916341768958,-1.3857524543206048,3,3,4,15/04/2025,2,16:27,9,60.0,1,7,2.0,1.0,1,1,23
DEMO100762,54.76246621339042,-6.06872437509304,3,2,3,20/02/2025,4,03:21,3,30.0,1,1,2.0,2.0,1,4,22
DEMO100763,54.564139135727636,-6.147991406086447,3,2,2,13/11/2025,4,20:25,1,30.0,8,6,4.0,1.0,1,2,27
DEMO100764,51.32199138660938,-2.679037143951348,1,2,4,26/06/2025,4,08:58,7,40.0,6,1,2.0,1.0,2,6,43
DEMO100765,56.069384778049134,-2.8307479093496797,3,3,4,03/12/2025,3,15:29,3,30.0,7,1,1.0,1.0,1,3,30
DEMO100766,53.46433881933879,-1.6464110260642422,1,2,2,31/08/2025,7,10:28,12,30.0,1,1,1.0,1.0,1,6,10
DEMO100767,53.36966743717786,-3.163722613677528,3,3,4,23/07/2025,3,18:55,12,40.0,8,7,1.0,3.0,2,2,14
DEMO100768,51.99374454394922,-2.29365026466071,3,1,1,08/07/2025,2,14:02,2,70.0,3,4,3.0,2.0,1,2,15
DEMO100769,51.28197737399742,-2.429957986494511,3,2,3,15/03/2025,6,04:28,3,30.0,7,1,1.0,3.0,2,4,8
DEMO100770,53.533620988521754,-1.4740696126198234,2,3,3,25/07/2025,5,04:44,3,50.0,3,7,2.0,1.0,1,6,31
DEMO100771,,-5.592697128795924,3,2,4,08/09/2025,1,21:30,12,,3,1,1.0,1.0,1,4,19
DEMO100772,51.61163649944996,0.21113961991402128,3,5,6,19/12/2025,5,12:52,2,60.0,8,1,4.0,1.0,1,2,43
DEMO100773,55.94406192533395,-4.516626439499912,3,1,1,20/07/2025,7,06:53,9,30.0,1,1,1.0,1.0,2,2,44
DEMO100774,51.303212242206556,-3.193404492132531,2,2,2,09/12/2025,2,03:20,3,30.0,0,6,2.0,1.0,1,2,22
DEMO100775,54.75928132702772,-5.6231562455902475,2,3,4,11/12/2025,4,03:49,7,30.0,1,1,1.0,1.0,1,6,9
DEMO100776,53.39408819686724,-3.1659160591161526,3,2,3,10/07/2025,4,22:14,3,60.0,9,1,1.0,1.0,1,1,25
DEMO100777,52.459479075255935,-1.6525200819235426,1,3,4,10/06/2025,2,23:14,9,20.0,9,7,1.0,1.0,1,3,44
DEMO100778,53.59387534249217,-2.1440401244924727,3,4,5,22/02/2025,6,09:58,7,40.0,8,4,2.0,1.0,1,3,40
DEMO100779,51.71516864145234,-3.1915073177469386,2,3,3,09/04/2025,3,04:00,1,30.0,3,1,5.0,1.0,1,4,18
DEMO100780,51.26701385342783,-3.3277338035916233,3,2,3,17/11/2025,1,10:21,3,50.0,0,4,1.0,1.0,2,6,40
DEMO100781,53.16446627310995,-1.2131199612636168,2,4,5,20/02/2025,4,03:37,6,70.0,8,1,4.0,4.0,2,4,16
DEMO100782,52.511672742215715,-1.9795374222326503,2,3,3,25/05/2025,7,13:24,6,30.0,1,1,3.0,1.0,1,3,22
DEMO100783,52.30973796503483,-1.6920189130688243,3,2,3,13/09/2025,6,15:50,9,40.0,2,1,2.0,1.0,1,6,5
DEMO100784,53.780637433055816,-2.8641832334890425,3,1,1,29/03/2025,6,23:15,3,30.0,8,5,3.0,1.0,2,1,9
DEMO100785,53.20325475416323,-1.649435111994747,2,1,3,22/12/2025,1,07:33,12,40.0,2,6,1.0,1.0,1,5,3
DEMO100786,51.65017175177192,0.08725521196547864,2,3,5,26/08/2025,2,04:07,3,20.0,8,1,4.0,2.0,1,1,44
DEMO100787,56.159930371837554,-4.119336666262181,3,4,6,11/01/2025,6,03:12,9,30.0,8,1,5.0,1.0,1,2,3
DEMO100788,53.083621017198865,-1.5185676916837214,3,1,1,01/04/2025,2,09:10,9,60.0,8,1,5.0,6.0,1,4,40
DEMO100789,51.371456744081,-0.00040274639752890806,2,2,2,28/09/2025,7,14:44,7,30.0,8,6,1.0,2.0,1,5,35
DEMO100790,52.54800757821299,-2.0016924330618955,2,2,3,12/11/2025,3,01:12,12,20.0,2,6,3.0,1.0,1,1,3
DEMO100791,53.65235198084749,-2.8777758393306456,3,3,5,05/12/2025,5,18:40,3,30.0,8,6,1.0,4.0,2,2,40
DEMO100792,55.59435603851061,-4.188934984048454,3,3,3,07/11/2025,5,11:20,7,50.0,8,7,2.0,1.0,1,1,18
DEMO100793,56.150865694657796,-2.943518773332545,2,2,3,28/01/2025,2,19:33,1,70.0,8,6,1.0,6.0,1,6,33
DEMO100794,53.49679737909397,-2.7618422277240464,3,4,4,24/09/2025,3,11:52,3,60.0,9,7,1.0,1.0,1,1,11
DEMO100795,54.141001208034666,-1.7350173556070505,2,1,2,10/02/2025,1,03:51,7,60.0,9,5,3.0,6.0,1,5,32
DEMO100796,54.67440623492073,-6.051777510678151,3,3,3,28/01/2025,2,00:00,9,70.0,8,1,6.0,1.0,1,1,22
DEMO100797,53.43579364430562,-3.0500626732488176,3,5,5,10/09/2025,3,13:47,12,50.0,9,4,1.0,1.0,1,1,18
DEMO100798,53.92388159293044,-1.2909965953655718,3,2,2,24/06/2025,2,12:57,7,40.0,2,1,2.0,4.0,1,6,30
DEMO100799,53.185209557438384,-3.086337778144921,3,4,4,25/08/2025,1,19:40,9,40.0,9,1,3.0,1.0,1,6,12
DEMO100800,51.360583099836134,-0.04873566112540979,3,1,1,07/11/2025,5,21:11,9,70.0,9,1,8.0,1.0,1,1,4
DEMO100801,53.81328344432422,-1.3300709687724515,3,1,2,26/01/2025,7,03:39,9,20.0,0,1,3.0,1.0,1,4,19
DEMO100802,52.86053608619088,-1.1449958018792827,3,1,2,12/07/2025,6,07:38,2,40.0,7,5,1.0,1.0,1,6,14
DEMO100803,54.487225125787155,-5.512853655053224,3,2,2,01/11/2025,6,04:39,6,60.0,6,1,1.0,1.0,1,2,17
DEMO100804,56.23102380561468,-4.380474946835016,3,4,4,10/06/2025,2,02:25,6,20.0,8,1,3.0,1.0,2,1,22
DEMO100805,56.27621447857781,-3.0576195841670346,2,2,3,11/07/2025,5,00:31,9,60.0,1,7,1.0,1.0,1,1,3
DEMO100806,52.497334377478964,-1.0620382008136622,3,2,3,01/07/2025,2,01:39,7,60.0,6,4,7.0,2.0,1,3,12
DEMO100807,52.49341575797858,-1.8589683538948945,2,6,9,28/11/2025,5,12:27,9,40.0,6,1,7.0,1.0,2,3,10
DEMO100808,51.23998332689697,-3.099071063579547,3,3,3,19/01/2025,7,03:46,12,60.0,3,1,8.0,2.0,1,4,29
DEMO100809,54.80441190884002,-5.995255089421485,3,4,4,17/11/2025,1,04:42,7,30.0,9,1,1.0,1.0,2,4,4
DEMO100810,51.54746083924635,-0.5452094374413036,2,3,4,25/10/2025,6,02:18,9,70.0,7,7,4.0,2.0,1,4,18
DEMO100811,51.745322422054095,-3.297582863049672,3,1,5,24/10/2025,5,17:36,7,20.0,3,1,4.0,2.0,1,6,24
DEMO100812,55.70915044087704,-4.269407371414491,2,1,2,31/05/2025,6,15:45,7,20.0,9,7,1.0,3.0,1,2,38
DEMO100813,53.6297870214844,-0.996049618823821,3,4,6,08/07/2025,2,23:29,6,40.0,1,1,1.0,1.0,2,6,34
DEMO100814,55.9138815845245,-3.0068191745065396,3,2,2,15/05/2025,4,02:42,12,50.0,2,6,1.0,1.0,2,6,29
DEMO100815,51.37410339726067,-3.426128837439531,3,1,1,02/04/2025,3,05:07,9,50.0,2,1,1.0,3.0,1,3,23
DEMO100816,51.490768408719006,-0.07963782301945069,2,2,2,16/11/2025,7,10:23,9,40.0,9,1,8.0,2.0,2,1,19
DEMO100817,52.699853461737824,-1.7891315005702908,2,1,2,04/07/2025,5,15:42,3,60.0,9,1,6.0,1.0,1,1,26
DEMO100818,53.465223096553096,-1.445905271951774,3,1,1,22/09/2025,1,03:53,6,40.0,7,1,1.0,1.0,1,1,23
DEMO100819,54.54393248919782,-5.925667321027576,2,4,5,06/02/2025,4,05:38,9,60.0,2,7,2.0,2.0,1,6,38
DEMO100820,51.51710558700635,-0.26085820226233036,2,3,3,15/10/2025,3,10:39,12,30.0,3,5,1.0,1.0,1,1,20
DEMO100821,53.09624366835045,-1.3834707561775956,3,2,2,29/08/2025,5,00:20,12,70.0,7,1,1.0,1.0,1,5,33
DEMO100822,52.13467496967089,-1.8276726960810488,2,5,6,31/12/2025,3,09:42,9,60.0,7,6,1.0,2.0,1,6,19
DEMO100823,53.599096174988865,-1.3070166270848043,3,2,2,18/02/2025,2,18:21,9,60.0,2,1,3.0,1.0,1,2,33
DEMO100824,53.24405679747247,-1.2686600178722565,3,2,4,17/07/2025,4,12:03,2,30.0,1,7,3.0,1.0,1,2,44
DEMO100825,52.74429742481436,-1.6967852813177233,2,1,2,06/07/2025,7,10:14,9,70.0,9,1,6.0,1.0,1,6,27
DEMO100826,55.809032702371205,-4.226066273180909,2,4,4,16/07/2025,3,11:36,3,30.0,7,1,6.0,1.0,1,1,1
DEMO100827,51.505773584090676,-3.2179800627571318,3,1,2,20/01/2025,1,22:57,9,20.0,1,1,1.0,1.0,1,6,19
DEMO100828,51.63110393861881,-3.0011324132542665,3,2,3,22/06/2025,7,12:29,1,30.0,9,1,4.0,1.0,1,6,28
DEMO100829,51.67796482942618,-0.32506529738268264,2,1,2,20/04/2025,7,12:51,12,70.0,3,7,1.0,1.0,1,3,3
DEMO100830,53.38823090001561,-2.836057050033839,3,2,2,14/08/2025,4,22:46,6,70.0,8,1,1.0,3.0,1,1,27
DEMO100831,53.4935959605072,-2.659604242593236,3,3,5,26/03/2025,3,03:33,2,40.0,1,1,2.0,2.0,1,1,42
DEMO100832,53.40512547662401,-3.44143721418711,3,3,5,08/06/2025,7,02:48,7,60.0,9,6,1.0,2.0,2,5,3
DEMO100833,52.554305272349886,-1.7554397912003656,3,1,1,15/08/2025,5,10:24,7,40.0,0,1,1.0,1.0,1,2,25
DEMO100834,51.516369968510126,-3.1472691629706286,3,3,5,24/01/2025,5,07:26,9,30.0,9,1,1.0,1.0,1,1,30
DEMO100835,55.82187733173271,-2.9993141169388644,2,3,3,15/10/2025,3,04:44,7,50.0,8,5,1.0,2.0,1,6,5
DEMO100836,55.98020501131381,-3.0640885296083855,3,2,4,19/09/2025,5,02:38,7,30.0,2,1,8.0,1.0,1,1,21
DEMO100837,53.217402024714474,-1.9935244844772606,3,3,3,21/01/2025,2,21:31,2,50.0,1,6,1.0,1.0,1,1,5
DEMO100838,51.50795071319266,0.14346861165059813,3,1,2,24/01/2025,5,14:25,9,30.0,8,4,2.0,1.0,1,2,3
DEMO100839,51.50291266949051,-2.95222963799425,3,4,4,07/11/2025,5,16:58,12,30.0,0,1,9.0,1.0,1,6,32
DEMO100840,53.62430467473206,-1.3171229351908207,2,2,2,14/04/2025,1,02:03,9,50.0,1,1,2.0,2.0,2,6,19
DEMO100841,53.3303480064518,-1.0769252256414306,2,4,4,11/11/2025,2,08:03,1,30.0,8,1,2.0,1.0,2,2,4
DEMO100842,51.38917937740552,-2.6794062569953567,3,4,5,02/07/2025,3,14:28,9,60.0,0,4,7.0,1.0,1,5,24
DEMO100843,51.41839042743152,-0.10986375981575928,3,2,3,05/05/2025,1,12:02,3,50.0,7,4,,1.0,1,2,3
DEMO100844,51.64377526972362,0.24100606965426372,2,3,4,10/04/2025,4,16:20,12,30.0,7,6,1.0,1.0,1,3,43
DEMO100845,51.59062300189827,-0.26772400902327437,2,1,1,29/08/2025,5,16:34,1,60.0,0,1,2.0,1.0,1,6,28
DEMO100846,52.6592354540238,-2.017137783251385,2,3,4,10/02/2025,1,09:24,2,20.0,3,6,2.0,3.0,2,6,4
DEMO100847,51.88149027142003,0.27015769507152676,3,1,2,27/05/2025,2,18:12,3,50.0,0,1,5.0,3.0,1,5,29
DEMO100848,56.15082628835719,-3.163861122655516,3,3,3,07/05/2025,3,06:17,9,30.0,9,7,1.0,4.0,1,5,14
DEMO100849,53.10459066318039,-1.869857316439096,2,3,3,26/02/2025,3,01:36,7,30.0,1,1,3.0,1.0,1,1,24
DEMO100850,54.479302884006565,-6.217710855512457,3,5,5,09/05/2025,5,21:57,9,40.0,8,6,4.0,1.0,1,2,17
DEMO100851,56.19487480378368,-3.3738133302677857,2,5,6,12/07/2025,6,00:46,3,60.0,8,1,8.0,1.0,1,6,26
DEMO100852,54.52621867378454,-6.2120902475038795,3,4,5,05/09/2025,5,06:32,9,30.0,8,1,1.0,1.0,1,5,19
DEMO100853,53.3977557455314,-2.114017525177543,3,2,3,01/02/2025,6,02:08,3,70.0,2,1,1.0,2.0,1,6,38
DEMO100854,53.8609433183338,-1.756286611706218,3,3,3,15/11/2025,6,05:14,2,40.0,1,7,8.0,2.0,2,3,36
DEMO100855,51.430359680893346,-3.246202398238537,2,4,7,17/11/2025,1,09:26,9,30.0,7,6,3.0,1.0,1,1,13
DEMO100856,53.78848895126027,-2.388326950474526,2,3,3,10/09/2025,3,03:14,6,50.0,8,5,1.0,1.0,1,4,15
DEMO100857,51.478356271926835,-0.4554819430694519,3,3,3,04/12/2025,4,11:41,7,50.0,8,1,1.0,5.0,1,2,7
DEMO100858,56.2983262498349,-4.567849903379383,3,1,1,06/06/2025,5,22:21,3,40.0,0,4,5.0,1.0,1,3,3
DEMO100859,55.85249426486302,-2.9695518387939823,3,2,6,27/10/2025,1,03:50,9,30.0,8,1,2.0,2.0,1,6,36
DEMO100860,54.47901425312402,-5.8516455751295915,3,2,4,23/09/2025,2,22:16,1,60.0,1,5,2.0,2.0,1,6,10
DEMO100861,54.44695374972381,-6.697594046878273,3,3,3,25/07/2025,5,09:29,6,60.0,6,1,6.0,1.0,1,3,15
DEMO100862,52.34454305380213,-2.0427596587492562,3,5,8,07/03/2025,5,14:42,3,60.0,7,6,1.0,4.0,1,5,1
DEMO100863,56.08352223436432,-2.9740382865138355,2,2,4,23/07/2025,3,10:12,9,60.0,1,5,,2.0,1,2,7
DEMO100864,51.239692718387126,-3.043534961614003,2,2,4,25/11/2025,2,07:45,3,30.0,9,1,3.0,2.0,1,4,36
DEMO100865,55.68341704166962,-3.7417568768146214,1,3,4,26/12/2025,5,02:35,3,40.0,7,5,6.0,1.0,2,1,35
DEMO100866,56.04683264854043,-3.250158989667187,3,2,3,13/06/2025,5,14:38,3,50.0,2,1,1.0,1.0,2,4,42
DEMO100867,51.09101132136089,-3.088961519190792,3,3,3,01/04/2025,2,21:27,6,30.0,0,1,4.0,2.0,2,1,28
DEMO100868,53.14333573366689,-3.2035231421817203,3,3,3,30/09/2025,2,12:56,3,40.0,8,1,1.0,1.0,1,4,32
DEMO100869,51.49804447382825,,3,2,3,28/01/2025,2,14:46,7,30.0,8,1,1.0,1.0,1,2,37
DEMO100870,53.48185269323919,-2.9041200046319187,3,2,2,25/02/2025,2,15:11,3,60.0,0,1,7.0,1.0,1,1,12
DEMO100871,53.4202802662685,,3,1,3,25/07/2025,5,09:33,3,30.0,2,5,1.0,1.0,2,4,22
DEMO100872,52.56461269436338,-1.2507109407945354,2,3,4,28/12/2025,7,02:54,7,,7,5,1.0,,1,2,2
DEMO100873,52.33128989239397,-2.031562863385052,3,3,4,01/05/2025,4,12:16,3,30.0,3,1,5.0,1.0,2,4,24
DEMO100874,56.13670095822029,-4.3528454140421005,3,5,5,11/06/2025,3,20:32,7,70.0,2,7,1.0,1.0,1,6,33
DEMO100875,,-1.1386513253331083,3,4,5,28/04/2025,1,07:45,7,50.0,3,7,1.0,1.0,2,2,24
DEMO100876,52.808232307530346,-0.9323625268776796,3,1,1,10/06/2025,2,20:16,9,30.0,6,1,5.0,1.0,2,6,23
DEMO100877,55.83027951059207,-4.046375075303116,2,4,5,03/01/2025,5,20:31,6,20.0,1,1,1.0,1.0,1,1,43
DEMO100878,52.60121399425414,-1.5566970540681258,2,2,5,06/08/2025,3,05:33,3,40.0,3,7,3.0,1.0,1,4,14
DEMO100879,53.548435992376426,-1.1563720736451426,3,1,4,06/08/2025,3,13:10,3,30.0,0,1,1.0,1.0,1,2,16
DEMO100880,52.255913584138355,-1.9296059682622089,3,3,4,26/04/2025,6,17:10,3,60.0,0,1,1.0,1.0,1,4,11
DEMO100881,51.38464662487803,-3.82198048053531,2,4,6,07/04/2025,1,11:33,9,60.0,9,7,4.0,1.0,1,4,4
DEMO100882,53.35565870408623,-2.9909665937257324,3,3,3,05/10/2025,7,16:10,2,50.0,0,6,1.0,1.0,1,6,2
DEMO100883,52.23844041661799,-2.1347987395084402,3,2,5,10/03/2025,1,21:56,3,30.0,0,6,6.0,1.0,1,1,6
DEMO100884,55.80336791654083,-2.904318933469191,2,1,3,18/01/2025,6,15:31,7,30.0,9,7,7.0,1.0,2,4,1
DEMO100885,55.93123521336783,-4.169018767582611,2,3,4,15/01/2025,3,20:42,7,40.0,9,1,6.0,2.0,1,1,8
DEMO100886,51.417757401406355,0.13041708635029833,3,3,3,18/11/2025,2,19:23,12,30.0,8,5,1.0,1.0,2,4,10
DEMO100887,53.63771500188129,-1.9560595394653644,3,1,2,13/05/2025,2,19:17,1,50.0,1,6,1.0,1.0,1,5,2
DEMO100888,51.64089998289894,-0.23744357106667963,2,2,2,07/02/2025,5,20:29,9,40.0,7,1,7.0,2.0,2,3,36
DEMO100889,53.648005477048805,-1.4891519493267986,3,4,6,17/11/2025,1,05:42,9,40.0,8,1,2.0,2.0,1,1,2
DEMO100890,52.404543748921945,-1.6175916013802647,2,2,2,24/02/2025,1,00:23,9,40.0,8,1,4.0,1.0,1,6,36
DEMO100891,55.78263333090801,-4.19840159636924,2,1,1,03/05/2025,6,03:16,3,40.0,1,5,5.0,1.0,2,4,5
DEMO100892,52.88209036300077,-1.355775140183508,2,2,3,08/01/2025,3,05:08,3,60.0,3,5,1.0,2.0,1,1,13
DEMO100893,54.86276180120181,-5.583447887291196,3,2,3,05/09/2025,5,16:32,1,30.0,2,7,1.0,1.0,2,5,38
DEMO100894,55.898695716832066,-4.24574278904529,3,3,5,13/09/2025,6,12:40,9,20.0,8,1,3.0,3.0,1,5,41
DEMO100895,53.08243268455544,-1.6590413677193652,2,2,2,04/10/2025,6,11:31,3,30.0,2,5,3.0,1.0,1,4,11
DEMO100896,52.836930644789156,-0.6983642436085704,2,4,5,07/04/2025,1,00:15,3,30.0,6,1,1.0,2.0,1,5,38
DEMO100897,51.42421353521311,-0.5850690416804591,2,1,1,30/04/2025,3,16:14,3,40.0,7,7,3.0,3.0,1,5,38
DEMO100898,51.58363303881674,-0.2877898889862588,2,2,2,09/12/2025,2,08:22,9,60.0,9,4,5.0,6.0,1,6,37
DEMO100899,53.705490017471476,-1.607784699566923,3,3,4,27/10/2025,1,18:20,3,50.0,9,5,1.0,1.0,1,1,7
DEMO100900,51.64911496439955,,2,4,4,14/01/2025,2,02:12,3,70.0,8,1,1.0,2.0,1,5,43
DEMO100901,51.48902612059732,-0.2119164526192061,3,2,3,10/09/2025,3,07:56,9,20.0,1,1,4.0,1.0,1,1,41
DEMO100902,53.32766520575476,-2.4069832819931483,3,1,2,24/10/2025,5,01:19,9,30.0,9,1,5.0,1.0,1,2,9
DEMO100903,51.73738081936499,-2.92866271905658,3,3,3,24/07/2025,4,06:15,9,20.0,1,6,8.0,2.0,1,4,40
DEMO100904,53.35498447390692,-2.804006786663721,3,4,4,22/08/2025,5,22:36,6,50.0,0,1,1.0,1.0,1,3,20
DEMO100905,55.608509725413356,-4.320835500238376,3,2,3,01/01/2025,3,11:48,1,30.0,3,6,6.0,2.0,1,5,40
DEMO100906,51.51887831722582,-2.531903916155528,3,3,4,11/01/2025,6,10:27,3,30.0,8,1,5.0,1.0,1,6,12
DEMO100907,53.258369446439346,-2.513140974374036,3,2,2,13/01/2025,1,06:40,3,30.0,1,4,4.0,1.0,2,5,27
DEMO100908,51.573244154607956,-2.6428624966064596,3,6,7,28/02/2025,5,06:05,3,60.0,2,1,1.0,1.0,1,5,35
DEMO100909,52.41528882760712,-1.907219660671893,3,3,4,28/12/2025,7,16:31,3,20.0,0,1,1.0,1.0,1,1,15
DEMO100910,55.8982704532067,-3.4990539834227707,3,3,4,20/08/2025,3,23:03,6,30.0,7,4,2.0,1.0,2,1,34
DEMO100911,52.986599695639086,-2.639449740232829,3,4,6,13/10/2025,1,17:08,3,40.0,8,1,1.0,1.0,2,1,29
DEMO100912,51.64845546575588,-2.683588090314596,3,4,5,18/04/2025,5,17:35,9,30.0,6,1,1.0,,1,2,12
DEMO100913,54.38506002430104,-5.676821698076929,3,2,2,09/12/2025,2,11:12,1,50.0,3,4,7.0,2.0,2,1,11
DEMO100914,53.2510820068416,-1.3308465887222627,3,4,4,14/03/2025,5,02:02,12,40.0,8,1,1.0,2.0,1,6,19
DEMO100915,53.4427609083407,-3.135469103066855,3,1,3,26/11/2025,3,17:10,9,60.0,3,4,8.0,1.0,1,6,5
DEMO100916,52.928542656664284,-0.5354770442978836,3,2,3,12/01/2025,7,19:46,3,60.0,3,5,2.0,1.0,1,1,29
DEMO100917,56.366624952523644,-3.4455887790639816,3,2,2,08/01/2025,3,12:35,3,30.0,7,1,6.0,2.0,1,1,38
DEMO100918,53.490314901941865,-1.4171492520802604,3,2,2,29/01/2025,3,02:22,12,60.0,8,1,1.0,1.0,1,5,39
DEMO100919,53.31214599675049,-1.597013763632415,3,2,2,17/10/2025,5,17:58,12,50.0,8,1,3.0,1.0,1,1,7
DEMO100920,51.62311250950431,-2.8877986490327343,2,2,3,04/04/2025,5,22:23,3,60.0,0,1,2.0,4.0,1,6,33
DEMO100921,52.875053800322355,-1.185396405404998,2,2,2,14/06/2025,6,05:52,1,30.0,9,1,7.0,1.0,1,4,13
DEMO100922,53.40780093916597,-3.0489411315787684,3,3,4,22/06/2025,7,03:20,12,20.0,3,4,1.0,3.0,2,6,7
DEMO100923,52.9514553408971,-1.6590810244507712,3,2,2,16/10/2025,4,17:01,7,50.0,9,1,1.0,1.0,1,6,39
DEMO100924,53.49265188506338,-2.2822666035530275,2,2,3,08/05/2025,4,07:06,7,70.0,7,6,8.0,1.0,1,6,25
DEMO100925,54.849421424852814,-5.752812913932528,2,1,1,03/01/2025,5,17:16,3,70.0,6,6,1.0,1.0,1,3,36
DEMO100926,53.07173991465755,-1.1844132347921277,3,4,6,22/05/2025,4,16:11,9,30.0,1,1,3.0,4.0,2,5,6
DEMO100927,53.93354782687883,-2.179486438106886,3,3,3,16/04/2025,3,06:09,7,40.0,3,4,1.0,1.0,1,3,28
DEMO100928,53.37268537876897,-2.4741527498414935,2,1,2,24/09/2025,3,01:23,6,60.0,6,1,1.0,2.0,1,6,44
DEMO100929,52.66158711182534,-1.0336950426938938,2,3,4,02/10/2025,4,13:58,9,30.0,9,1,3.0,1.0,1,6,16
DEMO100930,53.15057816596515,-1.2322140896360794,3,2,2,03/02/2025,1,09:12,3,40.0,9,7,2.0,3.0,1,3,38
DEMO100931,55.96442079361032,-3.924374990575663,3,4,5,17/10/2025,5,20:14,3,70.0,6,1,2.0,1.0,1,5,3
DEMO100932,53.89721806996135,-1.7811593750790602,3,3,4,26/01/2025,7,08:59,7,40.0,9,1,,1.0,1,5,11
DEMO100933,53.35410196728531,-1.688816107804044,3,3,5,15/08/2025,5,05:12,7,30.0,9,6,4.0,2.0,1,1,36
DEMO100934,53.291735231564054,-3.331126860966362,2,1,2,23/05/2025,5,20:49,12,20.0,9,7,9.0,2.0,1,2,7
DEMO100935,54.83536835978393,-5.9781787842841805,2,2,4,20/04/2025,7,17:37,7,30.0,2,4,1.0,2.0,1,4,5
DEMO100936,52.54500926824703,-2.049123121363298,3,2,3,26/06/2025,4,14:55,3,40.0,1,5,1.0,,1,5,4
DEMO100937,52.157021011956665,-1.9600949901348779,3,4,6,24/04/2025,4,22:33,3,70.0,9,6,1.0,3.0,1,1,20
DEMO100938,53.398771546732874,-3.344251992765909,3,5,5,17/10/2025,5,18:35,6,60.0,7,5,5.0,1.0,1,1,33
DEMO100939,52.90008519153729,-1.322735984869479,2,4,5,19/12/2025,5,20:13,2,20.0,3,1,1.0,6.0,1,5,44
DEMO100940,55.391451031612306,-4.142541575392007,2,1,2,25/10/2025,6,19:34,7,60.0,3,6,4.0,1.0,1,5,30
DEMO100941,51.31985065527811,-2.2601585137311373,3,4,6,10/06/2025,2,09:40,3,20.0,0,4,2.0,1.0,1,5,28
DEMO100942,51.948897160915,-3.1683865328448615,3,2,2,03/07/2025,4,01:59,3,20.0,1,1,3.0,1.0,1,6,6
DEMO100943,52.98359961773162,-3.1111110134788085,2,3,4,13/06/2025,5,14:05,3,40.0,2,1,5.0,1.0,2,4,2
DEMO100944,52.2784466303124,-1.7392048462797811,3,1,1,17/10/2025,5,18:09,6,40.0,7,1,2.0,1.0,1,5,39
DEMO100945,52.048239087796375,-1.6078105122455169,3,2,3,21/07/2025,1,23:01,1,30.0,6,1,2.0,2.0,1,5,1
DEMO100946,54.31237232480775,,3,4,4,20/06/2025,5,16:47,7,30.0,7,1,1.0,2.0,1,2,9
DEMO100947,52.155295003518,-1.767648770462117,3,4,4,30/05/2025,5,13:04,3,70.0,0,1,2.0,1.0,1,2,34
DEMO100948,54.38409456720343,-6.111001954659814,3,2,2,17/05/2025,6,13:54,9,50.0,0,7,1.0,1.0,1,1,33
DEMO100949,54.109674971429115,-1.5623349136499514,2,2,3,21/07/2025,1,02:21,6,30.0,3,1,6.0,2.0,2,4,19
DEMO100950,52.649271595921846,-1.8321748372165971,2,2,3,09/09/2025,2,00:17,9,70.0,1,1,1.0,3.0,1,1,33
DEMO100951,53.75416814007068,-2.138111135446904,2,3,3,07/06/2025,6,01:58,9,30.0,9,6,1.0,1.0,1,2,14
DEMO100952,53.68238980000389,-1.4635109520409926,3,2,3,22/10/2025,3,21:43,9,,3,1,1.0,4.0,1,4,38
DEMO100953,53.32270826507301,-2.57769688538448,3,1,1,29/10/2025,3,18:32,9,30.0,2,6,2.0,1.0,2,2,23
DEMO100954,55.781333598920355,-3.341863562895936,3,1,2,06/06/2025,5,06:53,3,30.0,7,4,7.0,1.0,1,5,28
DEMO100955,53.30315634184485,-1.9057138167324599,3,3,4,28/11/2025,5,10:45,3,20.0,7,4,1.0,2.0,2,1,15
DEMO100956,51.16946254274787,-2.747697892060426,3,2,2,05/03/2025,3,11:38,7,30.0,0,1,1.0,1.0,1,2,4
DEMO100957,,-1.6385130197441,2,3,5,07/12/2025,7,05:19,6,40.0,8,1,2.0,1.0,1,6,34
DEMO100958,54.71606065463772,-5.665661623314048,3,3,3,18/04/2025,5,10:59,7,30.0,1,5,8.0,2.0,1,3,18
DEMO100959,51.51419837930015,-1.9558143044207794,3,3,6,25/07/2025,5,08:43,7,30.0,3,1,6.0,,1,1,31
DEMO100960,52.2544934185599,-1.853022745259615,3,2,3,14/04/2025,1,16:56,2,,2,1,1.0,1.0,2,2,35
DEMO100961,51.53861802282138,-2.792525299306342,3,1,2,11/06/2025,3,18:57,3,30.0,7,1,3.0,1.0,1,5,13
DEMO100962,51.57291349392856,-3.4695917773049465,3,3,5,05/05/2025,1,02:32,7,50.0,8,5,5.0,2.0,1,5,30
DEMO100963,53.37200991914209,-1.9951145296048665,3,2,2,15/09/2025,1,11:21,7,30.0,8,1,5.0,1.0,1,5,42
DEMO100964,54.425777367746406,-5.756450560411507,3,5,5,30/01/2025,4,23:56,9,60.0,6,5,2.0,1.0,2,3,2
DEMO100965,53.52359070409994,-1.1889108906402281,2,1,3,02/11/2025,7,20:59,7,70.0,1,5,4.0,5.0,1,5,43
DEMO100966,53.46169960348211,-1.5969098019231611,3,2,4,26/11/2025,3,19:07,3,30.0,8,1,3.0,2.0,1,4,7
DEMO100967,54.114000414124476,-1.1575453025371756,1,1,1,25/07/2025,5,17:38,2,50.0,6,7,1.0,1.0,1,3,26
DEMO100968,54.67578207152762,-5.888274211346602,2,1,3,19/07/2025,6,00:36,3,60.0,7,6,1.0,1.0,1,6,35
DEMO100969,51.18830223618029,-0.2988956655648431,3,3,4,13/09/2025,6,23:44,3,40.0,3,1,1.0,1.0,1,3,12
DEMO100970,53.52499129363047,-2.041784510699596,2,3,5,14/03/2025,5,17:58,9,30.0,3,1,1.0,1.0,1,5,7
DEMO100971,53.36921409393231,-3.1149663259862903,3,3,4,01/10/2025,3,21:15,7,30.0,8,1,1.0,1.0,1,3,24
DEMO100972,53.55401444480697,-3.117721417633132,3,2,2,21/03/2025,5,21:58,9,50.0,6,7,5.0,1.0,2,2,20
DEMO100973,53.4661613057865,-3.2486263978427483,3,3,3,04/09/2025,4,06:38,6,30.0,9,1,6.0,1.0,1,1,33
DEMO100974,52.37517520162887,-1.7830656673179837,3,4,4,22/04/2025,2,00:04,3,60.0,8,1,1.0,1.0,1,6,25
DEMO100975,53.177917381530314,-2.4088185513480584,3,1,1,30/09/2025,2,15:30,6,20.0,6,7,,1.0,2,1,36
DEMO100976,52.75059333775855,-2.1187801678769262,3,2,2,16/10/2025,4,11:08,3,20.0,1,4,4.0,1.0,1,6,43
DEMO100977,53.21058811268582,-1.3781953629302985,3,3,6,18/03/2025,2,00:57,1,30.0,0,1,2.0,3.0,1,3,38
DEMO100978,51.201191664970736,-2.928514687077683,3,2,3,14/08/2025,4,06:45,6,30.0,1,5,1.0,1.0,1,3,9
DEMO100979,53.07440388974023,-1.2951522757032496,2,3,4,01/07/2025,2,23:54,3,50.0,2,6,5.0,2.0,1,3,34
DEMO100980,53.42704445962799,-1.600974718566847,3,3,3,18/04/2025,5,08:36,1,30.0,1,1,1.0,1.0,1,1,1
DEMO100981,55.9873543137519,-4.310570940091515,3,1,3,03/08/2025,7,06:23,9,,8,4,1.0,1.0,2,1,35
DEMO100982,53.22803060829174,-1.0664080944619172,3,3,4,29/12/2025,1,15:25,7,60.0,2,5,4.0,1.0,1,6,36
DEMO100983,53.63764399799765,-1.1026661603943184,2,3,5,01/01/2025,3,15:56,2,60.0,0,1,3.0,1.0,1,4,17
DEMO100984,53.47224426178154,-1.227623263984849,2,2,4,16/12/2025,2,07:09,9,60.0,3,7,1.0,2.0,1,3,23
DEMO100985,53.337221907187526,-1.8453453504336474,3,5,6,09/11/2025,7,20:53,2,40.0,8,1,4.0,1.0,1,1,16
DEMO100986,53.327202338541085,-1.2556450654392273,3,3,4,13/07/2025,7,13:25,6,60.0,2,5,7.0,1.0,1,4,20
DEMO100987,53.76142278232231,-1.2892318362831712,2,1,1,11/08/2025,1,03:35,7,40.0,9,6,1.0,1.0,2,2,23
DEMO100988,53.97218825710109,-2.060763868083611,3,4,4,15/05/2025,4,07:40,6,20.0,9,1,3.0,1.0,1,4,9
DEMO100989,55.96143759413683,-3.2966747546192066,3,3,3,17/02/2025,1,20:04,9,70.0,9,1,1.0,1.0,1,2,38
DEMO100990,51.59485579709996,-2.23643264220143,3,4,7,28/07/2025,1,02:08,3,20.0,8,7,2.0,1.0,1,4,17
DEMO100991,53.02968669785033,-1.3735878148501168,3,7,7,25/10/2025,6,00:09,3,30.0,8,5,2.0,1.0,1,4,21
DEMO100992,53.302719851790044,-1.9865759914515846,3,3,6,26/03/2025,3,15:46,6,20.0,3,1,1.0,1.0,1,6,23
DEMO100993,53.494396888625644,-2.742827336496072,3,4,5,19/09/2025,5,10:04,3,40.0,8,1,1.0,2.0,1,5,26
DEMO100994,52.835588749040795,-1.038227391225912,3,3,7,01/10/2025,3,06:36,3,40.0,2,1,5.0,1.0,2,2,40
DEMO100995,53.210727598183745,-1.9016333060643626,3,1,1,04/10/2025,6,11:06,6,50.0,1,1,1.0,3.0,2,2,15
DEMO100996,53.06176025455049,-1.10959727516869,2,4,5,05/05/2025,1,04:46,3,30.0,9,1,6.0,1.0,1,3,1
DEMO100997,51.22686987931261,-2.38809964319429,3,3,5,24/05/2025,6,08:58,6,20.0,7,4,1.0,1.0,2,2,8
DEMO100998,54.75525588333932,-5.918531455438393,3,2,3,01/06/2025,7,05:24,7,30.0,0,1,6.0,1.0,1,1,1
DEMO100999,53.05743612327629,-1.1778251304926213,2,3,4,08/11/2025,6,14:12,9,20.0,1,5,2.0,1.0,1,1,40
DEMO101000,56.18098570344433,-3.2780556566480223,3,2,3,25/11/2025,2,16:26,9,20.0,3,7,1.0,1.0,1,1,4
DEMO101001,55.950595270162275,-4.378332668818787,2,1,2,01/06/2025,7,21:41,7,30.0,8,7,4.0,6.0,2,2,12
DEMO101002,52.782792250043364,-1.1809439336659644,3,2,4,21/12/2025,7,01:43,9,70.0,9,6,5.0,4.0,2,5,27
DEMO101003,51.68215658288511,-2.891502499472243,2,3,3,28/07/2025,1,07:38,7,60.0,1,1,2.0,1.0,1,5,24
DEMO101004,52.69604763831718,-2.0592084522277707,3,2,2,21/05/2025,3,06:34,9,30.0,0,4,2.0,1.0,1,5,31
DEMO101005,54.758123336509904,-5.8359078376959275,3,4,4,01/01/2025,3,13:37,9,30.0,1,1,2.0,2.0,1,6,44
DEMO101006,51.61355731781388,-3.8245720518400237,3,1,1,12/08/2025,2,12:13,9,70.0,8,1,,4.0,1,6,37
DEMO101007,52.68877617246395,-1.284207185555264,3,5,5,24/08/2025,7,21:12,9,50.0,7,6,2.0,1.0,2,6,23
DEMO101008,56.018275297640805,-4.080534348215393,2,3,4,20/12/2025,6,22:55,9,60.0,8,5,4.0,1.0,1,1,41
DEMO101009,52.72995296561496,-0.9167646979383847,3,2,2,20/09/2025,6,18:34,6,60.0,7,5,1.0,2.0,1,4,19
DEMO101010,53.688907304751844,-1.8161274712432454,3,2,5,11/01/2025,6,04:51,12,30.0,0,1,2.0,1.0,1,2,20
DEMO101011,55.803599334075244,-3.12035398431494,2,2,2,26/07/2025,6,00:37,3,20.0,2,1,3.0,1.0,1,4,13
DEMO101012,53.19845015950915,-2.0556853429741264,3,3,3,29/09/2025,1,21:27,2,30.0,2,7,9.0,1.0,1,3,34
DEMO101013,53.832725437229136,-1.7434517063411958,3,3,3,01/07/2025,2,22:34,3,40.0,8,1,1.0,1.0,2,3,13
DEMO101014,52.94920515448146,-1.560551021078105,2,3,4,06/06/2025,5,06:41,7,60.0,7,1,1.0,1.0,1,1,22
DEMO101015,51.72068075925007,-3.5041459926411958,2,3,3,23/10/2025,4,01:11,1,30.0,9,5,1.0,1.0,1,5,37
DEMO101016,51.67145595773584,-2.972324447034659,3,3,4,12/08/2025,2,16:27,3,60.0,1,5,4.0,1.0,1,6,20
DEMO101017,53.44024050094715,-2.823048807183776,3,2,3,06/09/2025,6,14:43,3,50.0,9,1,2.0,1.0,2,6,21
DEMO101018,51.649260616648604,-0.10541474837562925,3,2,2,19/06/2025,4,21:05,7,50.0,2,1,1.0,1.0,2,6,44
DEMO101019,52.467440626003366,-1.9959740155941466,2,3,5,12/04/2025,6,13:04,3,50.0,2,6,1.0,1.0,1,2,12
DEMO101020,51.487517319673394,-0.3441063327506484,3,1,1,09/07/2025,3,18:09,7,40.0,0,7,7.0,2.0,1,4,34
DEMO101021,51.530007097731726,0.13399021381705042,3,5,5,17/12/2025,3,18:35,7,50.0,2,1,2.0,1.0,1,1,35
DEMO101022,51.45446840350197,-3.232879600265796,3,4,4,08/08/2025,5,00:14,9,60.0,1,6,3.0,1.0,1,5,31
DEMO101023,51.519771422743695,-3.1055379885510184,2,5,5,16/09/2025,2,03:26,7,40.0,1,1,1.0,1.0,1,4,28
DEMO101024,56.0727192447853,-3.40975744791219,3,4,4,15/02/2025,6,18:08,3,20.0,7,5,1.0,2.0,1,2,9
DEMO101025,51.28785930473406,-0.41400915083342527,2,3,5,27/12/2025,6,04:15,12,40.0,8,4,1.0,1.0,2,1,25
DEMO101026,51.43394058104445,0.11221327569526965,1,2,3,31/03/2025,1,04:01,9,40.0,8,6,1.0,1.0,1,4,33
DEMO101027,53.940457537336194,-1.5323274450961324,3,3,3,21/12/2025,7,18:48,3,60.0,8,6,2.0,1.0,1,6,14
DEMO101028,52.855032105771414,-1.1204647294548293,3,2,3,12/06/2025,4,04:27,1,20.0,8,1,1.0,1.0,1,6,9
DEMO101029,51.35852201249733,-2.513103927846683,2,8,8,02/12/2025,2,03:10,6,20.0,9,1,1.0,2.0,1,5,2
DEMO101030,53.591181728561885,-2.757711847507486,3,5,5,22/11/2025,6,00:31,9,30.0,0,6,1.0,1.0,1,5,4
DEMO101031,53.34760884566415,-1.9662497605289513,1,1,1,03/10/2025,5,11:55,9,60.0,9,1,1.0,2.0,1,4,22
DEMO101032,55.94222114366941,-4.523288038800053,3,2,4,01/12/2025,1,15:49,9,40.0,3,5,1.0,2.0,2,3,1
DEMO101033,53.8277663705885,-1.6147335486272656,3,1,1,11/08/2025,1,17:53,12,30.0,6,1,1.0,2.0,1,5,29
DEMO101034,51.66716542807325,-0.3784070837241792,3,2,2,06/11/2025,4,21:24,9,50.0,7,1,1.0,6.0,2,4,33
DEMO101035,55.85230198832159,-4.212229536326771,2,3,4,04/03/2025,2,15:21,3,40.0,0,5,4.0,1.0,1,3,14
DEMO101036,51.33931058441054,-3.2756249064490475,3,5,5,26/01/2025,7,18:18,1,40.0,1,1,8.0,1.0,1,1,9
DEMO101037,51.39000480620066,-0.20573976061652396,3,1,4,18/07/2025,5,05:18,3,30.0,3,6,3.0,1.0,1,5,24
DEMO101038,53.70645624394954,-3.0484926894482784,3,3,3,23/10/2025,4,08:55,3,50.0,8,1,1.0,1.0,1,4,2
DEMO101039,55.857246916099285,-3.257726743276356,1,3,4,07/10/2025,2,07:08,1,20.0,9,1,9.0,2.0,2,3,32
DEMO101040,55.75638279723561,-3.6491965744013695,2,3,3,12/07/2025,6,01:51,6,20.0,1,1,8.0,1.0,1,5,3
DEMO101041,51.39850004205561,-3.6460822863160463,3,3,3,10/07/2025,4,23:54,9,50.0,2,1,2.0,1.0,1,5,10
DEMO101042,51.40578999992149,-2.6273093007997925,3,2,5,11/08/2025,1,05:50,1,,7,5,1.0,2.0,1,3,14
DEMO101043,51.38104014018714,-2.950019292047515,3,1,3,13/11/2025,4,10:37,9,30.0,2,1,4.0,1.0,1,1,14
DEMO101044,55.96583612056797,-4.215022616350774,3,4,5,04/11/2025,2,08:51,12,30.0,2,1,8.0,1.0,1,3,23
DEMO101045,52.50449186023822,-2.2329280544896926,2,2,2,10/02/2025,1,01:01,3,40.0,3,7,5.0,2.0,1,4,37
DEMO101046,53.37456137192882,-2.2607934171002744,2,3,5,06/08/2025,3,21:49,1,60.0,8,1,3.0,1.0,1,6,30
DEMO101047,53.511157882413166,-1.648264824518311,3,4,4,20/05/2025,2,05:30,6,60.0,1,1,3.0,1.0,2,4,18
DEMO101048,55.91490292087501,-3.9959957476658317,3,4,6,19/10/2025,7,02:57,9,30.0,0,7,8.0,1.0,1,5,31
DEMO101049,52.72504786870461,-2.249878591775864,3,3,4,04/07/2025,5,08:05,9,30.0,0,5,1.0,1.0,1,1,34
DEMO101050,53.011748815319336,-1.4860460573757321,2,2,5,28/12/2025,7,03:55,1,70.0,6,1,1.0,1.0,1,4,12
DEMO101051,51.431436073533675,-2.8653919724302934,3,3,4,07/06/2025,6,23:34,7,20.0,2,7,6.0,,1,2,36
DEMO101052,52.91816744613769,-1.070990114197538,3,2,2,05/09/2025,5,04:06,9,60.0,7,1,1.0,1.0,1,3,22
DEMO101053,54.623427361281685,-5.883286786580775,2,2,3,09/02/2025,7,07:30,3,20.0,9,1,1.0,2.0,1,4,4
DEMO101054,51.57346066260977,-0.20251420079036753,3,2,3,07/12/2025,7,06:02,7,40.0,2,1,1.0,1.0,1,4,39
DEMO101055,54.596930599289465,-5.7803222006543695,3,4,7,26/02/2025,3,00:04,6,50.0,1,7,1.0,1.0,1,1,30
DEMO101056,53.329068049887695,-3.539342478107117,3,4,5,19/05/2025,1,00:31,3,30.0,0,1,1.0,1.0,1,6,10
DEMO101057,56.0660974850632,-3.2508140994100074,3,2,3,02/11/2025,7,12:48,9,40.0,9,6,2.0,1.0,1,2,15
DEMO101058,53.486351639769126,-3.0001355852935214,3,1,1,20/12/2025,6,05:06,3,20.0,6,1,2.0,1.0,1,5,23
DEMO101059,53.80415584970286,-1.5104515880490192,2,2,4,26/06/2025,4,02:15,9,30.0,8,1,2.0,1.0,1,2,37
DEMO101060,56.07361552327523,-3.176672006244886,3,2,2,26/06/2025,4,06:23,7,40.0,9,6,1.0,1.0,1,6,6
DEMO101061,55.85045439470556,-4.195468609731861,3,1,1,18/01/2025,6,06:32,3,60.0,9,7,8.0,2.0,2,1,8
DEMO101062,52.488389265476115,-1.7866997758874539,2,3,3,24/12/2025,3,10:00,9,40.0,9,1,3.0,1.0,1,5,15
DEMO101063,55.97787635119206,-3.788303265713834,2,5,5,07/01/2025,2,23:38,1,40.0,2,1,8.0,6.0,1,2,39
DEMO101064,,-3.0203781105989163,3,4,4,10/01/2025,5,07:29,3,70.0,7,5,1.0,1.0,1,6,24
DEMO101065,51.572100585449114,-2.9529742644813375,3,4,4,22/06/2025,7,16:57,3,30.0,9,4,1.0,2.0,1,2,6
DEMO101066,54.45967724610219,-5.732299899301212,3,3,3,02/01/2025,4,18:18,9,30.0,7,1,5.0,1.0,1,3,41
DEMO101067,53.44875408808519,-1.5093677756760453,2,4,6,01/03/2025,6,01:29,12,20.0,8,1,5.0,2.0,2,5,37
DEMO101068,51.46233169294488,-2.728488563509371,2,1,2,18/08/2025,1,12:04,3,60.0,9,7,1.0,3.0,1,6,5
DEMO101069,51.57793155639163,-0.4787478716333785,3,3,3,15/09/2025,1,10:55,6,20.0,7,1,3.0,1.0,1,2,13
DEMO101070,56.19244280809755,-4.325859760820486,2,5,8,19/04/2025,6,12:50,12,30.0,8,1,4.0,1.0,1,5,21
DEMO101071,53.44290878345331,-2.1985169960106843,2,2,2,18/10/2025,6,04:21,7,20.0,7,1,1.0,4.0,1,6,3
DEMO101072,55.95726445625418,-3.0117297583820903,3,2,3,10/08/2025,7,11:27,1,30.0,2,1,2.0,4.0,1,5,27
DEMO101073,52.853512686956485,-1.4258884795158389,2,2,2,25/03/2025,2,02:51,3,30.0,2,4,1.0,6.0,1,5,10
DEMO101074,53.37388366520548,-3.0948917019740403,3,3,4,18/09/2025,4,22:17,3,20.0,7,1,1.0,1.0,1,1,27
DEMO101075,52.36426918502828,-2.012668995367181,3,1,3,05/08/2025,2,14:14,3,30.0,9,4,6.0,1.0,2,6,11
DEMO101076,55.67106044436991,-4.391831543857964,3,1,2,24/10/2025,5,00:14,6,40.0,9,1,2.0,1.0,1,2,31
DEMO101077,52.13418303747104,-2.259059910455413,2,4,4,26/02/2025,3,12:42,9,30.0,1,1,5.0,2.0,1,6,18
DEMO101078,53.28323706217899,-3.249929243104113,2,5,5,26/03/2025,3,22:12,7,20.0,8,7,4.0,1.0,1,2,15
DEMO101079,51.3688355744299,-3.2547868966207716,2,2,5,21/04/2025,1,17:05,3,30.0,0,1,9.0,1.0,1,5,17
DEMO101080,54.58671321630804,-5.7826061575680505,2,2,3,05/05/2025,1,06:09,9,50.0,7,1,2.0,1.0,1,3,42
DEMO101081,54.500233384421236,-5.988915103587651,2,3,5,21/11/2025,5,21:59,6,40.0,9,1,2.0,1.0,1,5,14
DEMO101082,54.78314951807244,-6.220463369704937,2,1,1,25/09/2025,4,04:52,9,30.0,9,4,1.0,2.0,1,6,37
DEMO101083,52.99561539200611,-1.2240561253234474,3,2,2,18/07/2025,5,05:57,2,20.0,7,6,3.0,1.0,2,4,41
DEMO101084,53.614367888158135,-2.5437228897909,2,1,1,17/07/2025,4,03:16,3,30.0,7,5,2.0,2.0,1,1,32
DEMO101085,51.65854743889086,-3.003896321589487,3,2,2,20/11/2025,4,22:26,3,60.0,3,6,4.0,1.0,1,1,33
DEMO101086,56.20295467513872,-2.83197227514322,3,4,5,13/06/2025,5,17:29,3,70.0,8,1,1.0,1.0,1,4,29
DEMO101087,54.772440819828,-5.910590489874615,2,2,2,24/03/2025,1,12:31,7,40.0,2,7,1.0,1.0,2,6,12
DEMO101088,53.22201466660226,-1.3115109952909876,2,2,2,19/02/2025,3,16:01,7,60.0,0,1,6.0,1.0,1,1,37
DEMO101089,52.64085909286395,-2.064994867891423,3,5,6,01/05/2025,4,06:35,3,30.0,8,1,5.0,1.0,2,1,14
DEMO101090,53.012463618452244,-1.1061581643965104,3,5,6,27/08/2025,3,01:02,6,50.0,0,1,1.0,2.0,1,4,39
DEMO101091,53.65077102830191,-3.0098248311108655,3,4,4,21/06/2025,6,20:16,7,50.0,8,1,4.0,1.0,2,5,36
DEMO101092,51.48624236627567,-2.951001688413563,2,2,6,03/06/2025,2,23:17,7,30.0,3,1,2.0,1.0,2,3,26
DEMO101093,51.66051261018302,-2.7418438551479034,3,3,3,25/06/2025,3,00:40,9,50.0,0,1,5.0,2.0,1,1,1
DEMO101094,53.81877909819639,-1.5804104190637147,3,1,1,22/12/2025,1,01:53,9,30.0,1,5,1.0,1.0,1,6,43
DEMO101095,51.53255499497887,-0.4045911280153006,1,2,2,31/12/2025,3,13:41,9,60.0,1,6,2.0,1.0,1,1,33
DEMO101096,51.601484684628105,-3.0379559748332414,2,1,3,28/02/2025,5,01:26,3,30.0,1,4,1.0,1.0,1,1,11
DEMO101097,55.896676561892605,-3.354051603103832,3,2,2,11/02/2025,2,17:31,9,20.0,7,1,1.0,1.0,1,5,23
DEMO101098,51.60687986497355,-0.21806627262664743,3,3,3,31/03/2025,1,22:30,3,30.0,7,1,5.0,1.0,2,1,2
DEMO101099,53.13506666993994,-3.220017729917335,3,3,6,07/11/2025,5,06:08,7,30.0,3,6,1.0,1.0,1,4,39
DEMO101100,53.49543926335233,-3.0517366361601903,2,2,2,17/06/2025,2,07:57,12,30.0,8,1,1.0,1.0,1,6,15
DEMO101101,53.179475081710535,-2.8346595780647452,2,3,6,12/11/2025,3,20:55,3,20.0,8,1,1.0,1.0,1,5,43
DEMO101102,54.69708015245653,-5.859522326064575,3,1,3,25/08/2025,1,08:14,3,30.0,8,1,2.0,1.0,1,3,8
DEMO101103,51.92447847167889,-1.5988226372217538,3,2,2,21/07/2025,1,05:06,3,50.0,7,1,4.0,1.0,1,5,4
DEMO101104,53.47416798723685,-1.7212000613303249,2,3,5,13/04/2025,7,02:09,12,40.0,8,1,1.0,1.0,2,3,2
DEMO101105,53.4903157571761,-2.2557608132803644,3,4,4,06/05/2025,2,20:37,3,30.0,2,5,4.0,1.0,1,1,17
DEMO101106,53.49347380869732,-1.9817155027530768,3,1,3,23/02/2025,7,22:01,9,20.0,2,6,6.0,1.0,1,4,19
DEMO101107,51.43611732128644,-3.418994814680298,3,4,5,09/07/2025,3,01:06,1,,2,7,1.0,1.0,1,6,16
DEMO101108,54.727334352358994,-5.656147381678251,3,1,2,13/04/2025,7,19:38,3,30.0,8,1,5.0,2.0,1,4,25
DEMO101109,51.67525411523964,0.22464916519300757,2,1,1,17/04/2025,4,03:08,1,30.0,3,1,1.0,,1,1,38
DEMO101110,53.83666324004094,-1.7479520133338733,3,3,3,15/01/2025,3,03:04,9,30.0,9,6,2.0,1.0,1,2,24
DEMO101111,53.48871324657256,-1.6706113038310075,3,6,8,19/10/2025,7,09:01,2,30.0,0,1,1.0,1.0,1,6,30
DEMO101112,53.667007601352786,-2.3211566909757377,3,2,3,09/12/2025,2,10:42,12,30.0,3,4,1.0,1.0,1,2,34
DEMO101113,53.651650678741106,-1.9668544647486599,2,4,4,01/07/2025,2,20:21,7,70.0,1,5,1.0,1.0,1,4,39
DEMO101114,53.38235724519399,-2.518774358120875,3,2,3,15/07/2025,2,16:17,9,40.0,8,1,1.0,1.0,2,1,26
DEMO101115,53.26063881582403,-3.0417778366478334,1,5,6,04/12/2025,4,03:38,3,70.0,6,1,6.0,1.0,1,3,14
DEMO101116,54.577479435647334,-6.041264353179525,2,4,6,06/07/2025,7,14:10,6,40.0,7,1,2.0,1.0,1,5,36
DEMO101117,53.42128087274109,-1.6719154354338204,2,4,8,16/08/2025,6,21:31,1,20.0,7,4,8.0,1.0,1,3,7
DEMO101118,56.05174046008754,-4.5619420790389675,3,4,5,06/06/2025,5,15:29,6,50.0,0,1,2.0,1.0,1,6,2
DEMO101119,53.47061708481636,-3.3413941318875113,3,3,4,07/07/2025,1,05:40,7,60.0,8,1,3.0,1.0,1,1,30
DEMO101120,51.74801397235515,0.2563527482466047,3,4,4,10/07/2025,4,03:37,2,70.0,8,1,1.0,1.0,1,5,38
DEMO101121,52.7297676907968,-1.8175059760705383,2,2,2,17/09/2025,3,10:40,12,40.0,7,6,2.0,1.0,1,3,12
DEMO101122,,-1.3208243090972553,3,4,5,09/08/2025,6,11:12,1,30.0,2,7,1.0,6.0,1,6,17
DEMO101123,53.46203755023144,-2.4794513093274713,2,5,5,03/07/2025,4,08:08,3,50.0,8,7,8.0,1.0,1,1,37
DEMO101124,51.20713416810086,-3.285826328521636,3,5,5,28/01/2025,2,02:32,7,30.0,8,6,8.0,1.0,1,1,24
DEMO101125,51.38389287556756,-3.434487087174023,2,2,3,27/11/2025,4,02:03,6,20.0,9,1,1.0,2.0,1,4,33
DEMO101126,51.33595148998342,-3.310275979807232,3,1,1,21/11/2025,5,12:27,3,30.0,1,1,3.0,1.0,1,3,43
DEMO101127,53.24330082012561,-1.2259480077253593,3,3,3,09/03/2025,7,22:37,12,20.0,9,1,3.0,1.0,1,5,19
DEMO101128,52.87851918128237,-1.273269827065397,2,1,2,18/04/2025,5,14:49,3,30.0,9,4,2.0,1.0,1,6,18
DEMO101129,53.47580838816705,-1.505676989072767,3,3,3,22/12/2025,1,10:39,7,70.0,2,5,1.0,2.0,1,6,9
DEMO101130,51.50669976564822,-2.759424239664724,3,2,2,28/04/2025,1,22:59,2,50.0,8,1,3.0,1.0,2,6,3
DEMO101131,56.042107685106444,-4.077080923769845,3,6,7,24/10/2025,5,16:33,1,50.0,2,7,5.0,2.0,1,5,15
DEMO101132,56.022552246725944,-3.334591515622106,3,4,4,14/10/2025,2,17:26,6,60.0,2,1,1.0,2.0,1,3,38
DEMO101133,55.84684369755565,-2.893824694529978,3,3,3,11/11/2025,2,13:14,9,30.0,7,4,2.0,1.0,1,6,25
DEMO101134,53.51735960995395,-1.5636773089367706,1,2,4,06/01/2025,1,18:40,6,40.0,0,6,1.0,1.0,1,1,5
DEMO101135,51.260652015128485,0.45374212339543574,2,1,3,26/06/2025,4,12:48,3,50.0,0,4,8.0,2.0,2,2,21
DEMO101136,56.040088440504526,-3.964298606059603,3,2,2,26/07/2025,6,14:19,1,30.0,8,6,1.0,3.0,2,1,35
DEMO101137,51.316664511989195,-2.6004704777065193,3,1,1,02/11/2025,7,14:04,12,30.0,9,5,1.0,2.0,1,5,26
DEMO101138,55.45096171018208,-4.235393435290548,3,1,1,23/03/2025,7,18:00,3,50.0,0,6,1.0,1.0,1,3,28
DEMO101139,53.052814693592936,-0.8291237841743095,2,1,1,22/04/2025,2,21:37,7,60.0,0,6,5.0,2.0,1,2,42
DEMO101140,51.42597567493657,-3.100895911362318,3,3,3,07/03/2025,5,07:39,1,30.0,0,1,4.0,2.0,1,6,37
DEMO101141,51.665947152937974,-2.443931382804013,3,3,5,06/10/2025,1,16:07,2,40.0,0,1,1.0,4.0,2,2,42
DEMO101142,54.77059788161744,-5.42271144437876,3,2,2,31/12/2025,3,00:01,3,50.0,9,6,1.0,1.0,1,2,10
DEMO101143,51.30408508706449,-3.1295647810902554,2,5,5,21/02/2025,5,12:39,2,70.0,6,4,4.0,2.0,1,4,26
DEMO101144,54.07494817816704,-2.0533607822264823,3,3,3,27/03/2025,4,21:23,6,60.0,8,4,2.0,,1,2,34
DEMO101145,53.06921513280031,-2.950177331527943,3,4,4,23/04/2025,3,15:25,3,30.0,3,1,1.0,3.0,2,4,13
DEMO101146,,-0.8766518874856611,3,1,3,21/11/2025,5,06:15,9,40.0,9,1,8.0,2.0,1,4,15
DEMO101147,56.20972687020854,-3.1128055653196642,3,4,5,12/06/2025,4,14:43,2,70.0,6,1,1.0,2.0,1,6,6
DEMO101148,55.68138492249695,-4.529737572261639,3,2,3,13/04/2025,7,08:44,3,30.0,9,7,2.0,1.0,1,2,1
DEMO101149,51.861753366524276,-3.199532579593513,3,4,4,28/04/2025,1,10:03,3,60.0,7,1,1.0,1.0,2,4,3
DEMO101150,51.48367995123543,-2.2317587501000475,3,5,5,07/08/2025,4,05:05,3,40.0,9,1,4.0,1.0,2,3,3
DEMO101151,53.02189154021625,-1.498570471371456,3,1,3,22/05/2025,4,14:33,2,30.0,6,1,5.0,2.0,1,3,8
DEMO101152,53.61981056133369,-3.4045590667167365,3,2,3,21/02/2025,5,04:36,1,40.0,9,1,1.0,1.0,1,2,40
DEMO101153,51.55686140089361,-3.380018132896762,3,2,3,27/10/2025,1,10:08,1,30.0,2,1,3.0,1.0,2,4,23
DEMO101154,53.56232155701358,-1.2739403311054511,3,2,3,04/06/2025,3,22:09,3,30.0,8,5,7.0,6.0,1,3,39
DEMO101155,52.802125675169215,-1.961534997224205,2,6,7,04/04/2025,5,18:40,1,60.0,7,1,5.0,3.0,1,1,4
DEMO101156,52.31052532845275,-1.8613886270442324,3,4,4,23/09/2025,2,09:27,3,,6,1,2.0,1.0,1,6,29
DEMO101157,51.32188161558026,-3.0599931531347915,3,4,5,30/09/2025,2,23:07,3,70.0,6,1,2.0,2.0,1,6,4
DEMO101158,51.28378807017289,-2.58748036634344,1,1,1,26/02/2025,3,00:36,3,20.0,1,1,6.0,1.0,1,6,27
DEMO101159,51.34063825273532,-2.9433328456805667,3,4,4,27/01/2025,1,23:04,3,60.0,9,6,1.0,,1,2,28
DEMO101160,52.442222071704606,-1.1267218982775618,3,2,3,17/01/2025,5,08:13,6,30.0,3,7,1.0,1.0,1,5,41
DEMO101161,53.193888265251815,-3.2532009083070195,2,3,5,07/10/2025,2,19:42,3,60.0,1,6,1.0,2.0,1,2,9
DEMO101162,51.579934766525625,-3.1441297153927823,2,3,4,17/08/2025,7,22:13,12,60.0,8,6,5.0,1.0,1,4,30
DEMO101163,53.14238369405832,-1.3718811250956817,3,2,3,17/10/2025,5,14:03,1,60.0,8,1,1.0,1.0,1,3,18
DEMO101164,52.82363826336674,-1.0784649174917387,3,2,4,17/08/2025,7,14:57,1,40.0,0,7,1.0,2.0,1,2,35
DEMO101165,52.61052738080546,-1.9023296425818899,3,3,3,27/05/2025,2,17:13,9,30.0,2,1,3.0,1.0,1,4,12
DEMO101166,51.04130655712837,-0.4310596623336834,2,2,6,04/08/2025,1,05:30,3,70.0,7,6,1.0,2.0,1,4,15
DEMO101167,51.50312129036156,-2.455304483273232,1,4,5,21/09/2025,7,04:49,3,30.0,8,4,1.0,1.0,1,4,20
DEMO101168,54.81054528079789,-5.965335363529003,3,5,5,26/05/2025,1,08:59,9,20.0,2,1,2.0,2.0,1,6,35
DEMO101169,54.690119146144504,-5.853777344651569,3,4,5,01/12/2025,1,11:48,6,20.0,2,1,1.0,,1,5,36
DEMO101170,,-1.4230785679649482,3,3,5,25/11/2025,2,17:20,7,50.0,8,1,9.0,2.0,1,3,11
DEMO101171,52.922028751862754,-1.2296627901529766,2,2,2,20/10/2025,1,06:51,1,60.0,1,1,1.0,2.0,1,2,37
DEMO101172,51.7947799471097,-2.449823313569616,2,4,6,29/12/2025,1,13:00,3,60.0,9,1,6.0,1.0,1,4,3
DEMO101173,53.830172067881314,-2.1455954481652633,3,2,3,23/05/2025,5,00:19,3,40.0,8,7,2.0,1.0,1,4,1
DEMO101174,51.633561936179774,-0.5844809712880533,3,1,1,11/02/2025,2,00:11,9,50.0,9,1,1.0,3.0,1,1,18
DEMO101175,51.694237902959166,-2.6929836561589284,3,5,6,26/06/2025,4,23:31,3,60.0,2,4,1.0,1.0,1,2,12
DEMO101176,53.801173299321675,-2.1824201450501413,2,3,3,30/09/2025,2,20:53,7,50.0,1,4,2.0,2.0,1,6,10
DEMO101177,53.61783993798155,-2.6030158691896883,2,1,1,12/10/2025,7,20:46,12,30.0,7,1,1.0,1.0,1,5,28
DEMO101178,53.951857342258776,-1.2984987068671279,2,4,5,22/05/2025,4,07:59,12,70.0,1,1,1.0,2.0,2,4,25
DEMO101179,51.49598374242299,-0.2680812272318872,3,3,3,17/04/2025,4,12:08,2,70.0,2,1,8.0,1.0,1,3,22
DEMO101180,53.23227606747803,-1.2251687619036404,3,3,3,12/06/2025,4,16:45,7,40.0,3,1,2.0,1.0,1,1,43
DEMO101181,54.75480864176402,-6.148714100911014,3,1,1,21/10/2025,2,06:43,7,40.0,3,1,7.0,1.0,1,2,43
DEMO101182,56.202365693585065,-4.314946087285938,2,1,4,23/01/2025,4,17:27,9,70.0,2,1,1.0,1.0,1,3,33
DEMO101183,53.63194930525424,-2.985988604015427,3,2,3,30/04/2025,3,16:05,12,60.0,2,1,1.0,1.0,1,2,17
DEMO101184,53.469754139470304,-2.6503881589570017,3,2,2,25/03/2025,2,09:06,9,30.0,2,6,3.0,3.0,1,5,35
DEMO101185,53.84828726284577,-1.3383553515779496,3,2,3,22/10/2025,3,10:54,7,70.0,8,6,1.0,2.0,1,6,28
DEMO101186,52.54403393371513,-2.0392084462028643,2,2,2,21/06/2025,6,07:17,1,50.0,2,1,1.0,6.0,1,6,6
DEMO101187,52.96980146957122,-1.6173703072084455,2,4,4,01/02/2025,6,19:38,6,50.0,8,5,1.0,2.0,2,6,19
DEMO101188,52.935645018364326,-1.1413121947958227,3,3,3,06/04/2025,7,23:56,7,30.0,8,7,1.0,,1,3,15
DEMO101189,51.468533540907764,0.4171426573853707,3,3,5,17/01/2025,5,23:29,7,20.0,8,1,4.0,1.0,1,6,25
DEMO101190,51.23718072235328,-2.595613308430328,3,4,6,23/06/2025,1,18:12,7,30.0,9,1,1.0,4.0,1,1,22
DEMO101191,53.99057411453112,,3,2,4,31/12/2025,3,08:29,3,30.0,9,1,8.0,1.0,1,4,6
DEMO101192,53.53153540027832,-2.453635264578196,3,3,4,27/07/2025,7,18:13,6,30.0,1,1,1.0,1.0,1,2,21
DEMO101193,55.39313725066304,-4.320521931703185,3,2,2,14/11/2025,5,05:10,12,50.0,2,6,1.0,2.0,1,1,22
DEMO101194,52.99707321349412,-1.1060406978487456,2,4,4,29/09/2025,1,21:48,3,30.0,8,6,1.0,4.0,1,2,14
DEMO101195,53.61085696832264,-1.7115578094177384,3,3,4,19/11/2025,3,06:20,9,30.0,8,4,2.0,1.0,1,1,16
DEMO101196,,-4.047966169045432,2,2,3,24/04/2025,4,09:41,7,30.0,0,1,6.0,1.0,1,5,22
DEMO101197,54.412841994131675,-6.1112734971559775,3,1,2,14/12/2025,7,02:43,3,60.0,9,6,6.0,1.0,1,3,10
DEMO101198,55.72126112577562,-2.9004060882646985,3,5,5,29/03/2025,6,01:32,3,60.0,9,1,1.0,2.0,1,2,41
DEMO101199,53.39906505727635,-1.4314356177109702,3,4,6,09/06/2025,1,09:32,6,,9,1,2.0,1.0,2,3,19
DEMO101200,51.350900542627095,-3.282498213891384,2,4,5,06/09/2025,6,13:10,9,30.0,1,1,5.0,2.0,1,4,36
DEMO101201,53.143702859112274,-3.690155197553715,2,3,5,15/04/2025,2,00:31,2,30.0,6,6,1.0,1.0,1,6,33
DEMO101202,54.88891894649649,-6.03818576336905,3,2,3,07/04/2025,1,20:45,12,50.0,3,5,2.0,1.0,1,6,13
DEMO101203,55.98999342787442,-3.2067732374748625,2,3,5,17/02/2025,1,02:11,9,60.0,2,5,1.0,1.0,1,2,44
DEMO101204,53.28675494231494,-1.4778725727827717,1,3,4,02/01/2025,4,23:13,3,60.0,2,5,2.0,1.0,1,4,32
DEMO101205,51.78287490009228,-3.056759501152845,3,3,3,02/07/2025,3,06:41,1,60.0,1,1,2.0,2.0,2,3,38
DEMO101206,53.00417510357338,-1.270015267078248,2,3,4,27/12/2025,6,09:58,2,60.0,9,1,1.0,1.0,1,1,22
DEMO101207,55.83993797588957,-4.126289183251425,3,3,4,22/03/2025,6,03:23,2,40.0,7,6,7.0,2.0,1,3,43
DEMO101208,53.84004014297586,-1.7856152668226613,1,5,6,10/06/2025,2,19:49,2,30.0,7,7,2.0,1.0,1,6,35
DEMO101209,54.502146571720154,-5.706908863302702,2,3,3,08/12/2025,1,17:10,2,30.0,2,1,7.0,4.0,1,4,13
DEMO101210,53.3559712793567,-1.243526852131934,3,3,4,09/10/2025,4,01:34,12,30.0,9,1,4.0,2.0,1,5,40
DEMO101211,56.058434987662196,-3.125235124976136,2,4,7,02/01/2025,4,02:56,7,20.0,9,7,1.0,1.0,2,3,31
DEMO101212,53.71103743317575,-2.8223596524694434,3,2,5,02/07/2025,3,14:26,9,30.0,8,1,2.0,5.0,1,1,4
DEMO101213,51.38275628440011,-3.2652966304802473,1,3,3,22/02/2025,6,20:30,7,20.0,2,1,1.0,1.0,2,5,35
DEMO101214,51.62042468501263,-0.1841702028266943,3,2,3,01/04/2025,2,02:09,7,30.0,2,1,5.0,1.0,1,2,13
DEMO101215,52.22071734571834,-1.9611279662469163,3,2,4,31/03/2025,1,05:31,9,60.0,7,1,1.0,3.0,1,3,11
DEMO101216,53.04585607216163,-0.859506812070622,2,2,2,12/08/2025,2,13:35,3,40.0,8,4,8.0,,1,2,25
DEMO101217,56.18886575407469,-4.216937686424899,3,3,3,14/03/2025,5,02:58,7,30.0,9,4,3.0,2.0,1,6,28
DEMO101218,55.957540268346456,-3.385094656390315,2,2,2,02/04/2025,3,07:12,9,30.0,0,1,3.0,5.0,1,5,44
DEMO101219,53.30446458174479,-3.0187463995729296,3,1,2,24/03/2025,1,00:21,12,40.0,2,1,2.0,1.0,2,2,7
DEMO101220,53.28541877802263,-1.5971226016014508,2,3,4,11/05/2025,7,11:38,3,70.0,3,4,2.0,1.0,1,5,3
DEMO101221,53.04191317845348,-1.1281482271662158,3,2,2,28/08/2025,4,17:56,9,30.0,2,1,4.0,1.0,2,4,42
DEMO101222,54.608129445456335,-5.982458783609132,2,3,4,26/05/2025,1,09:14,6,60.0,8,1,3.0,1.0,1,3,1
DEMO101223,53.30827678821963,-1.8077963582208243,3,4,4,30/04/2025,3,06:41,3,70.0,7,1,1.0,1.0,1,3,42
DEMO101224,53.52602079480618,-3.261770438291329,3,1,2,08/07/2025,2,10:52,3,60.0,9,6,,1.0,1,4,6
DEMO101225,54.43929484701926,-6.031996133734281,3,3,4,13/08/2025,3,12:37,6,40.0,2,7,1.0,1.0,1,1,7
DEMO101226,52.64190912075366,-1.5719556127331091,3,2,4,06/01/2025,1,03:25,3,30.0,3,1,3.0,1.0,1,2,11
DEMO101227,54.540598435299145,-6.381806460565229,2,1,3,21/11/2025,5,02:14,1,20.0,7,5,2.0,1.0,1,6,31
DEMO101228,52.604801777629355,-1.8069634260117342,1,1,2,01/12/2025,1,04:17,2,50.0,8,6,1.0,2.0,1,2,38
DEMO101229,53.95195499340392,-1.1751348466599607,3,2,3,08/08/2025,5,23:03,9,70.0,8,1,4.0,1.0,1,5,43
DEMO101230,55.603655485119695,-2.9566094502618556,3,3,3,29/07/2025,2,17:09,9,50.0,9,7,2.0,2.0,1,1,10
DEMO101231,55.85144976253875,-4.257862196982545,2,3,4,11/09/2025,4,03:26,9,20.0,6,1,2.0,2.0,2,3,4
DEMO101232,54.322078855215004,-5.98462728409492,3,3,3,10/06/2025,2,07:08,7,30.0,2,4,4.0,1.0,1,5,17
DEMO101233,55.55262634343395,-4.097956145329702,3,2,3,14/05/2025,3,09:00,12,30.0,8,4,3.0,3.0,1,1,35
DEMO101234,53.338877205507714,-1.1081501077617564,3,3,3,09/05/2025,5,04:41,6,70.0,9,1,4.0,4.0,2,3,18
DEMO101235,51.50978281489845,-2.4155541500497724,3,3,3,28/02/2025,5,20:04,6,20.0,2,6,1.0,1.0,1,6,23
DEMO101236,51.22932783544397,-0.08322937916737888,2,1,1,04/11/2025,2,22:08,6,30.0,1,5,1.0,1.0,2,5,7
DEMO101237,52.5350389839409,-1.5999454872397163,2,4,4,28/04/2025,1,05:35,3,40.0,0,1,4.0,1.0,2,3,15
DEMO101238,53.64341660631167,-1.5063174913066046,3,3,3,14/04/2025,1,00:55,7,30.0,8,4,1.0,1.0,1,6,7
DEMO101239,51.51962256822579,-0.10567452284902032,3,2,2,18/12/2025,4,06:43,3,30.0,7,7,1.0,1.0,1,2,16
DEMO101240,53.41010438989679,-1.0057215193733824,3,2,2,04/07/2025,5,13:01,12,20.0,1,7,1.0,2.0,2,5,7
DEMO101241,55.896176641406996,-3.341448852875382,2,3,4,15/08/2025,5,19:10,3,40.0,1,5,1.0,2.0,1,1,16
DEMO101242,54.39239108685143,-5.21231124606939,3,2,3,31/03/2025,1,08:44,2,30.0,8,1,9.0,2.0,1,5,7
DEMO101243,53.40517587051772,-2.9536926463127307,3,4,5,12/04/2025,6,06:43,3,20.0,3,1,1.0,2.0,1,6,9
DEMO101244,51.44737735456725,-3.2234520657100965,2,3,4,23/09/2025,2,05:23,3,40.0,2,1,1.0,1.0,1,6,36
DEMO101245,54.5350977468241,-5.727488776456832,2,3,3,14/06/2025,6,00:56,12,50.0,7,6,7.0,1.0,1,3,2
DEMO101246,51.48776877211849,-2.915971817454682,3,2,5,23/02/2025,7,00:53,7,50.0,0,6,8.0,1.0,2,3,27
DEMO101247,53.375129781101556,-3.155934356732086,3,4,5,01/11/2025,6,10:44,3,50.0,0,7,1.0,1.0,1,5,25
DEMO101248,53.57802156005394,-1.9592814414954565,3,5,5,28/05/2025,3,14:44,7,40.0,2,1,6.0,2.0,1,5,7
DEMO101249,54.7456890810634,-6.009510822640269,3,1,2,01/09/2025,1,00:47,6,60.0,2,7,1.0,1.0,1,3,22
DEMO101250,53.71723215311417,-2.1742777510042326,2,4,8,05/05/2025,1,04:08,3,20.0,1,7,5.0,1.0,1,5,4
DEMO101251,51.38751739313025,-2.7658892348698774,2,3,4,24/07/2025,4,21:42,3,30.0,1,5,1.0,1.0,2,6,32
DEMO101252,51.570521181593975,-0.13388083485557425,2,1,1,11/10/2025,6,23:56,3,50.0,1,7,2.0,1.0,2,5,33
DEMO101253,55.58509953868863,-3.219065590815407,3,1,2,20/11/2025,4,15:13,7,30.0,8,1,1.0,1.0,1,2,18
DEMO101254,53.3777984479038,-1.8626987902573282,3,4,4,17/03/2025,1,12:00,9,30.0,8,1,4.0,1.0,1,1,11
DEMO101255,52.832419436093446,-1.7317122446090432,3,3,6,03/09/2025,3,13:21,3,20.0,1,1,1.0,1.0,2,6,39
DEMO101256,53.62479939652513,-2.027017196234524,2,2,3,30/11/2025,7,08:16,7,60.0,8,1,2.0,1.0,1,6,25
DEMO101257,52.98252682698095,-1.110866146578688,2,3,5,23/08/2025,6,04:56,7,60.0,2,1,4.0,1.0,1,4,33
DEMO101258,52.94683448613154,-1.0649782988505667,1,2,4,22/02/2025,6,09:26,3,20.0,9,5,1.0,4.0,1,5,1
DEMO101259,55.89948740396327,-3.345084855746147,3,3,3,11/03/2025,2,16:39,6,30.0,2,1,7.0,1.0,1,5,29
DEMO101260,53.8763574405197,-1.577777534567521,2,5,6,16/03/2025,7,15:58,3,30.0,1,1,1.0,1.0,2,6,3
DEMO101261,54.78241919581523,-5.768629719156575,3,4,5,08/02/2025,6,16:47,3,30.0,3,1,1.0,1.0,1,3,22
DEMO101262,53.31810562840335,-3.31963097000595,3,2,5,03/10/2025,5,14:44,3,30.0,1,5,1.0,1.0,1,2,30
DEMO101263,56.08850217025644,-3.4335840679076934,3,4,5,19/12/2025,5,01:58,3,30.0,1,7,1.0,1.0,1,1,7
DEMO101264,53.3352616329365,-2.584801020133822,3,1,4,08/07/2025,2,15:41,6,50.0,2,1,1.0,1.0,1,5,4
DEMO101265,51.42871473942535,0.2763910191429402,2,7,7,07/08/2025,4,21:13,9,70.0,8,6,2.0,4.0,2,4,3
DEMO101266,51.30732541602757,-0.19431884841453426,3,2,2,10/10/2025,5,15:43,3,20.0,1,7,3.0,,2,5,15
DEMO101267,51.48334990889954,-2.243058411119974,3,1,3,01/06/2025,7,13:19,12,30.0,2,5,2.0,1.0,1,5,32
DEMO101268,54.612325836513385,-5.947885200113783,3,2,3,22/06/2025,7,05:19,3,50.0,9,5,2.0,1.0,1,6,4
DEMO101269,51.578775088100116,0.3027121920035022,3,1,2,03/08/2025,7,19:38,3,30.0,2,4,5.0,1.0,1,3,5
DEMO101270,51.51004059262931,-2.2921323347534104,3,1,2,22/04/2025,2,10:18,7,30.0,1,7,1.0,1.0,1,3,37
DEMO101271,52.61636805371504,-2.0546861568428714,3,4,5,23/01/2025,4,06:01,6,30.0,7,1,3.0,1.0,1,5,5
DEMO101272,54.97257982766817,-5.902877062558322,3,4,5,27/07/2025,7,11:59,12,40.0,0,6,7.0,2.0,1,6,25
DEMO101273,55.99613150424477,-4.492731602950673,3,4,4,28/10/2025,2,02:34,3,30.0,8,1,1.0,1.0,2,6,14
DEMO101274,55.59811967387823,-3.0294182496164423,3,3,3,27/01/2025,1,22:40,3,20.0,2,1,3.0,1.0,2,1,43
DEMO101275,55.819572397344295,-3.993143431384169,2,2,2,21/03/2025,5,16:48,7,50.0,1,5,8.0,,1,5,41
DEMO101276,53.37475677705125,-1.01899433128989,3,2,2,06/04/2025,7,07:38,7,,8,6,2.0,1.0,1,1,35
DEMO101277,55.66806796034626,-2.8576337334638233,3,1,1,21/10/2025,2,19:36,9,60.0,8,6,8.0,1.0,1,3,31
DEMO101278,51.65681072076982,-0.02394146253410144,3,1,1,04/07/2025,5,01:47,9,40.0,8,7,1.0,1.0,1,3,11
DEMO101279,51.803545287800105,-3.094200486230581,2,2,4,15/07/2025,2,09:17,1,30.0,2,5,2.0,1.0,2,3,31
DEMO101280,55.708211123908576,-4.310938549388405,3,1,2,24/08/2025,7,15:49,9,30.0,6,4,1.0,1.0,2,5,1
DEMO101281,56.09156848869398,-3.814117060608796,2,6,7,11/04/2025,5,00:43,9,60.0,9,7,1.0,1.0,2,3,34
DEMO101282,51.64769082157034,-2.795274026951895,3,4,6,18/09/2025,4,17:10,7,30.0,6,1,9.0,2.0,1,4,40
DEMO101283,56.0026630382825,-3.437389824378065,3,1,2,12/01/2025,7,19:08,3,30.0,9,1,1.0,1.0,1,3,35
DEMO101284,51.604014397559766,-2.8512522307090427,3,2,3,11/02/2025,2,14:52,9,30.0,8,1,8.0,1.0,2,5,12
DEMO101285,51.36978936855582,0.13011336435926987,3,1,2,25/10/2025,6,04:53,9,70.0,8,4,3.0,2.0,1,2,44
DEMO101286,51.688757568481485,-2.9479893557461034,3,3,4,29/08/2025,5,17:59,3,70.0,1,5,7.0,2.0,1,5,31
DEMO101287,53.708685234494894,-2.135844492002743,3,2,5,06/03/2025,4,08:06,3,50.0,9,6,8.0,1.0,1,2,4
DEMO101288,52.5720765236918,-1.8152718919877866,3,2,3,10/06/2025,2,17:53,9,30.0,9,1,2.0,1.0,1,3,38
DEMO101289,53.4360853515308,-1.7540401151965714,1,2,2,19/01/2025,7,15:51,12,30.0,8,6,9.0,1.0,1,3,5
DEMO101290,53.338000247227924,-2.1774627634645967,2,2,3,03/09/2025,3,02:46,6,20.0,9,4,5.0,1.0,1,6,25
DEMO101291,51.651942721403735,-2.883142929892884,2,3,3,03/10/2025,5,02:29,9,20.0,8,7,2.0,2.0,1,4,43
DEMO101292,53.41097391201959,-3.251274869661318,2,5,6,12/04/2025,6,00:30,3,70.0,7,1,3.0,1.0,1,6,34
DEMO101293,51.48283705833618,-0.420737609232018,2,4,5,08/05/2025,4,01:25,3,40.0,7,4,1.0,1.0,1,6,21
DEMO101294,54.767249787420575,-5.855344649255246,3,1,1,28/03/2025,5,07:01,7,30.0,8,6,1.0,1.0,1,1,1
DEMO101295,52.90283382492944,-0.9742084294795743,2,2,4,23/05/2025,5,00:30,1,60.0,8,1,1.0,1.0,2,5,40
DEMO101296,53.67381382112214,-1.3533197688791347,3,3,4,10/04/2025,4,22:14,2,20.0,7,1,2.0,1.0,1,1,28
DEMO101297,56.05999626006394,-3.961284823336258,3,1,1,01/04/2025,2,21:12,9,40.0,7,1,1.0,1.0,1,3,24
DEMO101298,52.68312408766746,-1.119589990822114,2,1,3,07/06/2025,6,04:03,3,30.0,9,1,2.0,1.0,1,5,24
DEMO101299,51.63842040332618,-0.5254973849603222,3,2,3,10/11/2025,1,07:27,3,30.0,0,1,3.0,3.0,1,1,31
DEMO101300,55.73170119752568,-3.0644259870803636,3,2,2,06/10/2025,1,17:02,2,30.0,8,5,3.0,2.0,1,1,40
DEMO101301,51.12862463717763,-2.302654578330373,3,2,4,19/04/2025,6,15:50,3,30.0,7,4,7.0,3.0,1,6,24
DEMO101302,55.982475219930514,-4.4010041379463125,2,3,3,11/12/2025,4,13:53,3,70.0,8,5,8.0,3.0,1,3,17
DEMO101303,51.53999738731682,-3.212020455404537,3,3,3,18/03/2025,2,23:48,3,70.0,1,1,7.0,4.0,1,2,42
DEMO101304,53.26732427959578,-1.9925003758019346,3,4,5,29/11/2025,6,15:18,12,40.0,6,1,3.0,6.0,1,4,44
DEMO101305,55.65617114473981,-4.318992678602713,3,4,5,23/04/2025,3,16:09,7,60.0,1,6,1.0,1.0,1,6,5
DEMO101306,53.8617129182157,-1.1656382712877704,1,1,2,17/07/2025,4,12:30,7,30.0,8,6,8.0,1.0,1,1,36
DEMO101307,53.39654182127018,-2.3492645870321747,3,2,3,16/03/2025,7,12:40,2,30.0,8,5,1.0,1.0,1,2,4
DEMO101308,51.59687995038015,-2.841362296462149,3,2,4,06/10/2025,1,06:01,3,30.0,7,5,1.0,1.0,1,2,17
DEMO101309,51.37792911776421,-2.70867840014726,3,3,5,26/04/2025,6,12:51,9,20.0,7,7,1.0,2.0,1,4,39
DEMO101310,52.87826474615077,-1.0105018095864244,2,3,4,15/11/2025,6,22:26,7,30.0,2,7,2.0,1.0,1,1,5
DEMO101311,51.654101163270944,-2.4736476306790034,3,1,1,31/01/2025,5,09:49,9,50.0,7,5,4.0,2.0,1,5,8
DEMO101312,55.76831752591614,-3.150892153328499,3,7,7,03/07/2025,4,03:04,3,50.0,9,1,1.0,2.0,2,5,9
DEMO101313,51.21959098462699,-3.3409369094139634,2,2,6,27/02/2025,4,14:25,7,30.0,8,1,5.0,1.0,1,2,40
DEMO101314,51.31333330367222,-3.2423269644480635,3,2,2,21/11/2025,5,18:27,6,30.0,0,5,1.0,1.0,2,1,1
DEMO101315,53.844335942200864,-1.1503718984771998,3,4,6,02/06/2025,1,23:02,3,40.0,6,1,1.0,1.0,1,1,1
DEMO101316,56.20823545999531,-4.416579806737208,2,2,3,04/09/2025,4,13:42,9,70.0,8,1,1.0,1.0,1,3,6
DEMO101317,53.40850028973551,-1.1424180686101697,2,2,4,18/11/2025,2,18:55,3,30.0,6,1,1.0,1.0,1,2,43
DEMO101318,53.2514746150364,-2.9078179257018713,2,1,2,15/07/2025,2,06:32,6,30.0,7,7,,1.0,1,5,9
DEMO101319,51.305289528442486,-2.502839835541059,3,2,2,21/01/2025,2,10:23,2,60.0,9,1,1.0,1.0,1,6,7
DEMO101320,52.560077916872594,-2.2912374460169254,3,3,5,22/03/2025,6,10:38,7,40.0,9,6,1.0,1.0,1,6,24
DEMO101321,53.48882342440565,-1.4470707114315888,1,4,4,19/03/2025,3,07:21,9,60.0,0,7,,1.0,1,3,8
DEMO101322,52.6161048836422,-1.1735860041024673,1,1,3,30/11/2025,7,17:21,3,30.0,6,5,5.0,1.0,1,3,31
DEMO101323,51.5169308987563,-3.5662547813896515,3,4,4,28/11/2025,5,21:45,12,70.0,7,1,9.0,1.0,1,2,10
DEMO101324,51.64084830673508,-3.1690866374374673,3,1,2,24/06/2025,2,07:35,3,60.0,9,6,3.0,5.0,1,5,9
DEMO101325,53.64457855746492,-2.3447487640308253,3,4,4,21/11/2025,5,03:15,9,30.0,2,5,3.0,1.0,1,3,36
DEMO101326,55.92652602638264,-4.188218396631759,2,5,8,31/03/2025,1,19:24,9,20.0,1,1,7.0,3.0,2,5,38
DEMO101327,52.70165375352687,-2.0953242159254293,3,3,3,05/09/2025,5,20:50,12,40.0,7,5,1.0,1.0,2,6,17
DEMO101328,55.83020906661339,-4.4954296739542405,2,2,2,24/05/2025,6,22:31,9,30.0,3,1,1.0,1.0,1,2,6
DEMO101329,51.38634171154478,-2.565109988302359,3,2,6,29/03/2025,6,06:04,6,30.0,2,5,2.0,6.0,1,1,20
DEMO101330,53.399131189742846,-3.0864773854251886,3,2,3,02/04/2025,3,17:51,3,30.0,9,7,1.0,2.0,2,6,10
DEMO101331,55.917362252899466,-4.3327956627575155,3,3,4,03/06/2025,2,17:44,9,30.0,2,4,2.0,1.0,2,1,16
DEMO101332,54.10875160491028,-3.284506333717317,2,1,1,04/05/2025,7,18:16,9,60.0,0,7,2.0,2.0,2,5,23
DEMO101333,55.91786597864161,-3.2020649158318557,3,2,2,19/03/2025,3,19:57,7,20.0,0,1,1.0,1.0,1,4,17
DEMO101334,52.98704833495232,-1.0042515573830149,3,1,1,02/05/2025,5,22:57,7,30.0,1,6,2.0,2.0,1,2,10
DEMO101335,54.9100275014901,-5.864213520773879,3,3,3,16/02/2025,7,11:59,6,50.0,1,6,1.0,1.0,1,5,18
DEMO101336,53.48088497873869,-1.5585586748360376,3,3,3,20/12/2025,6,01:22,3,40.0,3,1,1.0,2.0,1,6,21
DEMO101337,53.498460368416715,-1.9431125624080883,2,2,3,19/05/2025,1,04:55,1,30.0,0,7,6.0,4.0,1,1,34
DEMO101338,56.26272880516867,-3.3927616160734244,3,3,3,09/02/2025,7,21:48,7,30.0,7,7,4.0,2.0,1,3,17
DEMO101339,51.51284250137704,-2.7665257976736086,3,4,5,30/07/2025,3,20:52,7,30.0,3,1,1.0,2.0,1,1,25
DEMO101340,52.44396763427723,-0.9567534419314876,3,2,2,19/11/2025,3,00:32,7,60.0,7,6,1.0,1.0,2,1,6
DEMO101341,52.41294741377714,-1.697783120337548,3,2,2,12/05/2025,1,08:16,7,30.0,9,1,1.0,1.0,1,4,35
DEMO101342,52.35652911723178,-1.815677948472211,2,3,4,05/11/2025,3,05:13,3,40.0,9,1,1.0,1.0,2,3,18
DEMO101343,52.86937902266311,-1.241304275346529,3,3,3,11/08/2025,1,07:57,3,70.0,3,1,1.0,3.0,1,6,26
DEMO101344,53.474462105572236,-1.929791037171193,3,5,6,27/09/2025,6,15:30,1,30.0,2,1,1.0,1.0,2,2,20
DEMO101345,54.7273678842808,-5.779144376399424,2,2,3,19/04/2025,6,12:55,2,60.0,8,1,6.0,1.0,1,2,3
DEMO101346,51.709694695046416,-3.6772224937594187,2,3,3,14/01/2025,2,11:33,7,50.0,2,1,5.0,2.0,1,1,40
DEMO101347,56.098856398163434,-3.8721148198059594,3,2,3,07/05/2025,3,10:32,9,40.0,8,7,5.0,1.0,2,3,39
DEMO101348,56.15270224206028,-4.2907919366308045,3,5,5,04/12/2025,4,15:04,9,70.0,7,1,3.0,2.0,1,3,37
DEMO101349,53.345082822202386,-1.244379788751651,3,2,3,16/10/2025,4,16:24,2,20.0,1,6,4.0,2.0,1,1,10
DEMO101350,51.13129802361455,,1,6,7,14/10/2025,2,01:33,9,60.0,3,1,4.0,1.0,1,6,23
DEMO101351,51.0039813816,-2.8975427322518916,3,2,2,17/11/2025,1,03:06,7,30.0,9,1,6.0,1.0,2,6,12
DEMO101352,53.54773592311083,-3.103768984628665,2,3,4,17/05/2025,6,08:09,3,,7,6,4.0,2.0,2,3,2
DEMO101353,51.47079409843355,-3.641419073296683,3,2,3,28/04/2025,1,10:35,9,30.0,8,1,4.0,1.0,1,1,19
DEMO101354,53.750316875639356,-2.428363186778794,2,4,4,04/12/2025,4,23:14,12,40.0,8,1,5.0,6.0,1,4,44
DEMO101355,53.491858062982026,-2.95755181073625,3,2,4,28/07/2025,1,21:42,3,30.0,6,7,2.0,1.0,1,3,36
DEMO101356,51.13872622089115,-2.571480267187565,2,3,4,19/04/2025,6,15:27,7,30.0,2,1,1.0,1.0,1,1,10
DEMO101357,52.37740895164134,-2.0511922663434405,3,4,4,12/04/2025,6,00:24,3,20.0,7,1,1.0,1.0,1,2,13
DEMO101358,52.56324897277879,-1.9511155241954723,2,2,2,17/11/2025,1,02:07,3,30.0,1,5,2.0,2.0,1,2,10
DEMO101359,51.25407626728076,-2.561468403198963,3,1,1,20/01/2025,1,10:24,2,30.0,7,1,1.0,1.0,1,3,2
DEMO101360,51.77832624039393,0.03334654669409012,3,2,2,23/01/2025,4,14:32,1,50.0,1,5,1.0,2.0,2,4,12
DEMO101361,51.42810423505332,-0.27814274824257956,3,4,6,27/09/2025,6,15:34,9,50.0,9,1,1.0,5.0,2,6,37
DEMO101362,51.396565093923726,-2.6240218661442922,2,1,2,01/01/2025,3,03:16,2,50.0,8,1,1.0,1.0,1,3,11
DEMO101363,53.192020464701685,-2.5435510417441973,3,3,3,04/03/2025,2,21:01,7,50.0,1,1,8.0,1.0,1,5,24
DEMO101364,53.321604356974944,-1.4505546928450652,3,3,4,28/12/2025,7,11:56,9,30.0,8,1,1.0,1.0,1,5,18
DEMO101365,51.47221369877284,0.1434254247693655,3,2,4,05/06/2025,4,14:57,9,30.0,8,5,1.0,3.0,1,2,8
DEMO101366,53.85310331287865,-1.1821140003494655,3,1,2,23/09/2025,2,00:54,3,50.0,8,7,2.0,1.0,1,2,41
DEMO101367,53.269292220773075,-2.9422943232773466,3,2,4,27/06/2025,5,19:17,2,40.0,2,6,1.0,3.0,1,6,38
DEMO101368,54.5262572405398,-6.00817079160669,3,4,5,03/02/2025,1,13:36,3,50.0,6,1,4.0,3.0,1,6,40
DEMO101369,53.43645888474593,-1.583126871910846,2,3,5,09/03/2025,7,05:08,3,20.0,7,7,3.0,1.0,2,4,39
DEMO101370,51.55966336355475,-2.8861407767687273,3,1,3,05/10/2025,7,07:54,3,30.0,3,6,1.0,1.0,1,1,40
DEMO101371,51.558206922722846,-3.521054109078542,3,2,3,04/02/2025,2,08:00,7,30.0,7,1,2.0,4.0,1,4,22
DEMO101372,53.59039652227912,-2.4458681738067,2,3,6,06/08/2025,3,00:28,7,50.0,2,1,1.0,2.0,1,2,4
DEMO101373,53.53317886043406,-2.9722006930893383,3,2,4,08/05/2025,4,22:51,3,70.0,9,1,4.0,2.0,1,3,38
DEMO101374,51.57977942304528,-3.7896335720498264,3,2,2,16/05/2025,5,19:43,3,40.0,9,1,8.0,1.0,1,5,24
DEMO101375,54.47888138658623,-5.339565737902798,2,2,2,14/12/2025,7,21:51,9,60.0,2,1,7.0,1.0,2,2,17
DEMO101376,54.556679696661256,-6.506987481698,3,2,3,10/08/2025,7,08:29,12,50.0,2,1,1.0,1.0,1,5,21
DEMO101377,55.732344637207106,-3.7299584011470737,3,4,4,13/08/2025,3,13:05,7,60.0,1,7,4.0,4.0,1,5,40
DEMO101378,52.86483449569278,-1.3732133086947123,3,2,3,08/05/2025,4,10:00,7,60.0,9,1,5.0,1.0,2,3,44
DEMO101379,53.031643764132355,-1.195946703704804,3,3,3,20/05/2025,2,11:09,7,30.0,1,1,6.0,2.0,1,6,14
DEMO101380,54.669498742626665,-5.641761261870792,3,3,4,08/09/2025,1,14:03,2,30.0,8,7,1.0,1.0,1,5,21
DEMO101381,53.92007804350357,-1.6318621446497972,3,3,4,15/01/2025,3,10:26,9,70.0,8,1,2.0,2.0,1,2,43
DEMO101382,51.71932411052821,-2.7812275396576767,3,4,4,28/03/2025,5,18:03,3,40.0,2,1,1.0,1.0,2,1,34
DEMO101383,51.24520238053391,-3.2530527024079214,2,3,3,08/08/2025,5,01:11,7,30.0,8,1,1.0,2.0,1,1,33
DEMO101384,51.118453424536774,-2.663152368385889,2,1,2,16/08/2025,6,04:25,3,50.0,3,5,3.0,1.0,1,1,14
DEMO101385,53.43346417484758,-1.8972274782691614,3,2,2,03/02/2025,1,21:44,7,30.0,2,1,2.0,3.0,2,4,35
DEMO101386,53.22023985670926,-0.90486535008678,2,4,4,15/10/2025,3,21:40,9,60.0,9,5,1.0,1.0,1,2,24
DEMO101387,54.0603488207577,-1.6940293921471914,3,2,3,18/07/2025,5,19:03,9,40.0,3,6,,1.0,1,6,43
DEMO101388,51.51734523771791,-3.261780197630306,3,3,3,28/03/2025,5,08:54,3,60.0,0,5,2.0,1.0,1,1,13
DEMO101389,51.430265319729756,-3.625333114106302,3,4,5,02/10/2025,4,10:32,7,50.0,7,6,9.0,1.0,1,3,32
DEMO101390,53.84788028976541,-1.3974617014469186,3,2,3,28/12/2025,7,00:20,7,30.0,8,5,5.0,1.0,1,5,22
DEMO101391,53.15646410723641,-1.1704895885363993,2,3,3,04/06/2025,3,06:22,9,70.0,7,5,,1.0,1,4,9
DEMO101392,54.45703314001747,-5.837035151372486,2,5,6,14/04/2025,1,17:50,6,30.0,2,1,5.0,1.0,1,5,43
DEMO101393,55.76142600339488,-4.100146941181483,3,2,4,20/04/2025,7,08:27,6,60.0,8,1,1.0,1.0,1,1,39
DEMO101394,53.49800335210903,-1.8691214645507883,3,2,2,05/08/2025,2,11:14,7,30.0,2,1,1.0,1.0,1,6,4
DEMO101395,53.582590208176704,-1.5636181614571703,2,3,3,18/01/2025,6,02:25,3,30.0,3,4,7.0,2.0,1,5,26
DEMO101396,53.53145678751299,-1.4571254387731176,3,6,7,26/06/2025,4,11:04,7,50.0,1,1,1.0,1.0,2,4,32
DEMO101397,53.02646958073274,-1.0941639234815876,3,3,3,10/01/2025,5,17:09,2,50.0,7,5,1.0,1.0,1,4,39
DEMO101398,51.658182674338995,-0.16946110798580494,2,3,3,15/01/2025,3,13:18,9,70.0,8,1,3.0,2.0,2,3,2
DEMO101399,53.79820984579141,-1.5707708336121535,3,1,2,06/06/2025,5,13:13,3,60.0,0,4,1.0,1.0,2,4,12
DEMO101400,51.596178026249774,-2.5456120862861034,3,2,3,30/09/2025,2,21:20,9,30.0,0,1,1.0,1.0,1,1,31
DEMO101401,53.44199104320664,-2.253413439080647,3,1,1,19/11/2025,3,05:03,2,60.0,8,7,2.0,4.0,1,3,8
DEMO101402,53.8906807359548,-1.1326304848590778,2,1,1,01/02/2025,6,07:36,6,70.0,2,1,1.0,2.0,2,1,8
DEMO101403,53.809180331854776,-1.6831793872774998,3,2,3,31/03/2025,1,14:06,3,70.0,2,5,4.0,1.0,1,5,1
DEMO101404,53.382835122214864,-2.3515852189034794,2,4,5,03/06/2025,2,11:13,9,60.0,7,4,1.0,1.0,1,4,40
DEMO101405,52.349654422844445,-2.371870794177009,3,2,4,29/07/2025,2,23:58,2,50.0,6,1,2.0,2.0,1,2,25
DEMO101406,51.420035890555575,-2.4410996183336913,1,2,3,27/12/2025,6,01:00,6,60.0,1,6,,2.0,2,3,23
DEMO101407,,-3.0069816267772334,3,2,2,07/09/2025,7,02:16,2,50.0,8,7,3.0,1.0,1,6,4
DEMO101408,51.42771458997865,-0.1063444816484763,3,2,2,16/07/2025,3,08:30,9,30.0,1,6,1.0,1.0,1,3,20
DEMO101409,53.74291228747623,-1.4390385281314906,2,1,3,23/01/2025,4,11:18,3,60.0,8,7,1.0,,2,5,28
DEMO101410,51.693967507139284,0.08221518857370558,3,1,2,30/01/2025,4,21:19,7,30.0,8,1,5.0,2.0,1,2,41
DEMO101411,53.07420299965078,-1.5137551848370143,2,6,6,25/02/2025,2,11:07,3,30.0,1,7,1.0,1.0,1,4,19
DEMO101412,54.16310747877328,-1.5322760610801809,2,4,5,30/08/2025,6,10:25,3,30.0,8,7,4.0,1.0,1,2,5
DEMO101413,55.65131118587509,-2.790185880422852,3,5,6,01/05/2025,4,04:45,2,30.0,8,6,1.0,1.0,2,6,43
DEMO101414,53.334905309358426,-1.5379851063187522,2,2,2,29/03/2025,6,10:35,7,60.0,9,6,1.0,1.0,1,5,2
DEMO101415,56.17521268750752,-3.5185155847426604,3,2,2,02/09/2025,2,12:55,1,30.0,8,5,1.0,1.0,1,4,8
DEMO101416,53.43050377426729,-1.2104844433699893,3,3,4,25/10/2025,6,14:41,12,40.0,3,1,6.0,1.0,1,6,42
DEMO101417,53.369154045438734,-2.955976603844994,3,4,5,10/06/2025,2,14:47,3,40.0,7,4,1.0,1.0,1,6,20
DEMO101418,51.313757517055684,-3.1856366694339577,2,3,4,18/11/2025,2,10:25,7,50.0,8,1,1.0,1.0,1,6,2
DEMO101419,53.53337114568564,-3.089292800334373,2,3,5,25/09/2025,4,03:36,3,30.0,8,5,2.0,2.0,1,2,43
DEMO101420,54.630865434230664,-5.709219101250912,2,3,3,19/09/2025,5,03:34,3,40.0,3,1,1.0,3.0,1,4,5
DEMO101421,54.53645170975519,-6.062112083610795,2,2,2,13/11/2025,4,03:48,9,30.0,8,5,5.0,2.0,1,1,37
DEMO101422,53.56262852489463,-1.1230611176450425,3,3,4,09/03/2025,7,14:30,9,70.0,2,1,9.0,3.0,1,2,39
DEMO101423,56.26711261927255,-4.231458156565955,3,3,5,04/10/2025,6,20:24,7,20.0,9,1,2.0,4.0,1,2,13
DEMO101424,53.64087927436553,-1.30592561231724,2,3,6,16/12/2025,2,21:04,9,70.0,2,1,2.0,1.0,2,2,44
DEMO101425,56.05827921179539,-2.9732167811055867,3,2,2,29/12/2025,1,07:51,3,20.0,0,1,1.0,1.0,1,6,42
DEMO101426,55.88913837105108,-4.535279544624037,2,1,2,30/07/2025,3,01:26,12,30.0,1,5,,2.0,1,5,38
DEMO101427,51.598511837632,-3.0644441597093603,3,2,2,03/10/2025,5,15:47,6,60.0,9,1,2.0,1.0,2,4,37
DEMO101428,54.038494983352,-1.613497097666883,3,3,3,21/11/2025,5,00:40,9,50.0,8,1,1.0,1.0,2,4,42
DEMO101429,56.209289141993615,-3.030724227069564,2,5,6,08/11/2025,6,15:00,9,30.0,3,1,8.0,5.0,1,6,3
DEMO101430,53.318682599718926,-3.00609890947714,3,1,1,24/11/2025,1,09:39,3,40.0,9,1,8.0,1.0,1,1,16
DEMO101431,53.1822646017506,-2.694439573973547,2,3,4,31/10/2025,5,20:29,7,30.0,2,1,2.0,3.0,1,2,5
DEMO101432,53.4639489867444,-2.0528792162323666,3,3,5,20/05/2025,2,15:14,12,20.0,2,1,1.0,1.0,1,5,9
DEMO101433,52.93903712585267,-1.6938023362041874,2,2,2,24/09/2025,3,17:15,1,20.0,1,5,4.0,1.0,1,4,35
DEMO101434,53.30532118904858,-1.5151221792616834,3,3,3,30/05/2025,5,09:38,3,30.0,3,5,5.0,3.0,1,3,4
DEMO101435,52.66856203421496,-1.4356075682485254,2,3,3,20/10/2025,1,20:05,7,30.0,6,7,2.0,2.0,1,1,39
DEMO101436,53.313890762413074,-2.6553347664522895,3,1,1,23/10/2025,4,12:36,3,30.0,1,1,1.0,1.0,1,3,39
DEMO101437,53.37180433280973,-1.3735419991048614,3,4,4,08/12/2025,1,15:50,3,60.0,1,1,1.0,1.0,1,6,40
DEMO101438,53.698055438566804,-1.6718105509197023,3,4,4,03/08/2025,7,08:05,9,30.0,3,1,1.0,1.0,1,2,43
DEMO101439,54.559947552440356,-5.94515622650284,3,1,1,23/06/2025,1,10:00,12,30.0,2,4,1.0,1.0,1,6,31
DEMO101440,56.18302753061012,-2.93596999672881,3,2,3,02/03/2025,7,20:03,6,30.0,7,1,5.0,1.0,1,6,39
DEMO101441,52.96997812430401,-1.3475109923334128,3,3,3,21/08/2025,4,09:43,12,70.0,6,1,1.0,1.0,1,5,27
DEMO101442,54.97917281018677,-5.829773532793749,2,2,4,26/07/2025,6,00:50,2,30.0,1,4,1.0,1.0,1,4,37
DEMO101443,53.52163475414921,-3.19580229232828,3,1,2,07/07/2025,1,09:59,3,30.0,0,1,6.0,1.0,1,2,27
DEMO101444,52.61245193700813,-1.9579724612808582,3,2,3,04/09/2025,4,09:01,2,70.0,7,4,2.0,,1,6,22
DEMO101445,51.47064155288871,-0.24105246924093882,2,2,2,07/11/2025,5,10:28,3,30.0,8,5,1.0,1.0,1,3,17
DEMO101446,54.586496326341056,-5.830674637750171,3,1,1,24/02/2025,1,01:02,7,30.0,6,6,8.0,1.0,1,3,13
DEMO101447,54.78314211202678,-5.798447609714122,3,1,2,07/06/2025,6,03:22,3,50.0,7,1,1.0,1.0,1,6,44
DEMO101448,56.077896018980056,-3.7349595539177987,2,1,1,21/09/2025,7,07:18,3,20.0,9,1,6.0,4.0,1,6,7
DEMO101449,52.53415605147237,-1.9270416438416138,2,5,7,27/10/2025,1,10:36,7,30.0,8,4,1.0,6.0,1,4,32
DEMO101450,53.90102515215648,-1.4716468076378544,2,5,5,12/10/2025,7,00:54,7,40.0,2,1,,2.0,1,3,35
DEMO101451,51.4821974677346,0.15423685698885545,3,1,3,19/10/2025,7,09:48,7,70.0,9,1,3.0,1.0,2,1,12
DEMO101452,51.546998818839185,-0.133813602593417,2,4,5,09/11/2025,7,07:03,7,,7,1,,2.0,1,2,22
DEMO101453,53.49649999294674,-2.2192342420601423,2,1,1,18/12/2025,4,00:14,12,40.0,6,1,2.0,1.0,1,5,37
DEMO101454,52.961909333888016,-1.0118757028314396,3,3,4,10/08/2025,7,06:16,9,30.0,8,1,1.0,1.0,1,1,7
DEMO101455,51.687727898987326,-0.29014436690308765,2,3,3,01/04/2025,2,06:15,9,40.0,3,5,2.0,3.0,1,3,13
DEMO101456,54.58828728016606,-5.8818818316174175,2,4,5,25/07/2025,5,03:21,12,70.0,9,6,1.0,1.0,1,5,43
DEMO101457,53.295166594584494,-3.186285648851475,2,2,4,17/09/2025,3,18:36,9,50.0,1,1,5.0,4.0,1,1,42
DEMO101458,53.752309296175476,-1.625584279493136,3,5,6,06/02/2025,4,01:44,2,30.0,3,4,3.0,2.0,1,1,43
DEMO101459,52.903268849814594,-0.6428923416267203,3,1,2,04/10/2025,6,13:56,6,70.0,0,7,2.0,1.0,1,3,29
DEMO101460,56.032674093813135,-3.2229640681784817,3,3,3,18/07/2025,5,15:42,3,60.0,8,1,1.0,1.0,1,3,36
DEMO101461,53.700340097788924,-1.4958839822125467,2,2,2,08/12/2025,1,19:17,2,30.0,2,5,2.0,2.0,1,1,15
DEMO101462,51.70997397268297,-0.7629079253961799,3,2,2,19/03/2025,3,13:11,7,50.0,3,1,2.0,1.0,1,6,27
DEMO101463,51.458920357219924,-0.022051366079636286,3,3,5,28/11/2025,5,13:22,3,60.0,9,7,1.0,1.0,2,1,22
DEMO101464,51.76404848627989,-2.7048652626216274,3,1,3,13/06/2025,5,18:47,7,30.0,1,1,,1.0,2,4,23
DEMO101465,52.49088354217575,-2.094036082949985,3,1,2,29/07/2025,2,20:59,9,70.0,0,1,1.0,5.0,1,3,19
DEMO101466,53.47619790697586,-1.2099446485828933,3,4,6,29/08/2025,5,05:23,3,30.0,7,7,,1.0,1,6,17
DEMO101467,51.63336770117154,-2.736679989025877,1,4,5,31/07/2025,4,19:10,12,30.0,3,5,4.0,5.0,1,5,35
DEMO101468,56.17354740053521,-3.585620336410316,3,2,2,26/11/2025,3,11:00,9,70.0,0,1,1.0,2.0,1,1,3
DEMO101469,51.6202759218323,-0.23280319868419486,3,3,4,03/03/2025,1,02:04,9,70.0,2,6,1.0,1.0,1,1,18
DEMO101470,51.953499791830026,-3.3430882066748158,3,2,2,24/09/2025,3,14:38,2,20.0,2,7,3.0,1.0,1,4,43
DEMO101471,55.86482102198396,-4.224126055907194,2,5,5,22/12/2025,1,23:35,12,60.0,2,1,4.0,2.0,1,3,35
DEMO101472,53.136767145979405,-3.0642466905492918,3,4,4,22/03/2025,6,03:38,1,50.0,8,1,1.0,1.0,1,6,6
DEMO101473,53.47455331992912,-2.4822629714977777,3,4,5,04/04/2025,5,00:01,9,60.0,2,1,1.0,1.0,1,4,23
DEMO101474,54.74035631293972,-5.8022490422811455,3,4,5,23/06/2025,1,21:26,1,30.0,6,7,2.0,1.0,1,5,7
DEMO101475,53.88267827192858,-1.267449532894817,2,2,3,22/09/2025,1,14:10,3,70.0,2,1,3.0,3.0,1,6,42
DEMO101476,53.225123046175604,-2.8357337106123897,2,2,2,17/12/2025,3,05:20,3,50.0,9,1,2.0,2.0,1,2,3
DEMO101477,51.393660569161874,-2.545159504588635,3,2,3,18/10/2025,6,19:37,9,60.0,8,1,3.0,1.0,1,4,29
DEMO101478,53.33505793412345,-2.261191131196249,3,4,4,17/10/2025,5,09:16,9,30.0,3,1,4.0,1.0,1,5,23
DEMO101479,51.334966090936824,-2.4473774883407104,3,1,2,11/06/2025,3,07:39,7,30.0,8,4,8.0,1.0,1,4,18
DEMO101480,52.469374959492384,-2.0225049165830127,3,2,2,24/08/2025,7,06:17,9,30.0,2,1,1.0,2.0,2,5,3
DEMO101481,51.591399798228245,0.07413774423043915,3,3,3,19/03/2025,3,14:30,3,20.0,0,1,1.0,1.0,1,3,21
DEMO101482,53.66960352235233,-1.8566291409336568,2,3,7,19/06/2025,4,03:27,12,60.0,3,1,1.0,6.0,2,1,12
DEMO101483,52.372007556763826,-2.30911949040624,2,2,2,10/03/2025,1,08:23,3,40.0,7,1,1.0,2.0,1,4,31
DEMO101484,51.5824347861295,-2.4406329801925404,2,1,2,10/01/2025,5,07:07,12,40.0,2,1,1.0,1.0,1,3,43
DEMO101485,51.32744680159165,-3.43667818564338,2,3,4,09/11/2025,7,01:34,9,30.0,3,1,6.0,3.0,2,4,36
DEMO101486,52.3239385784464,-2.071735479250105,3,3,3,21/10/2025,2,18:59,3,50.0,8,5,1.0,2.0,1,1,44
DEMO101487,51.903105282975005,-0.3768900953399369,2,2,3,06/07/2025,7,00:38,3,30.0,9,1,1.0,1.0,1,6,14
DEMO101488,52.39137955670987,-1.7472421235134483,2,6,7,06/01/2025,1,23:44,7,60.0,9,1,2.0,1.0,2,4,37
DEMO101489,52.6262270925134,-1.3494889024182615,2,2,5,02/02/2025,7,02:48,12,20.0,7,4,9.0,3.0,1,3,9
DEMO101490,53.57762605338007,-1.215476585997619,2,5,6,10/02/2025,1,08:02,7,30.0,7,5,1.0,1.0,1,2,38
DEMO101491,53.04964182673985,-2.8072542718722473,3,1,2,19/09/2025,5,02:47,9,30.0,7,5,5.0,2.0,1,2,12
DEMO101492,51.80431200291973,-0.06435158809035163,3,1,2,16/03/2025,7,08:14,12,20.0,3,7,5.0,1.0,2,6,36
DEMO101493,53.78778772746303,-1.1652486202212844,2,4,4,02/04/2025,3,14:39,3,50.0,8,1,2.0,1.0,2,3,19
DEMO101494,51.267119468932925,-2.81213311224416,3,5,5,11/11/2025,2,02:59,6,50.0,1,1,,5.0,1,2,17
DEMO101495,53.50940296633825,-2.960376754711577,3,2,2,16/11/2025,7,12:53,7,30.0,9,1,2.0,1.0,1,4,5
DEMO101496,53.26301014042701,-1.7075495108063454,3,2,2,06/10/2025,1,18:24,3,60.0,2,1,1.0,1.0,1,1,6
DEMO101497,55.922508382569305,-3.3149706550938123,3,2,2,23/04/2025,3,10:50,9,70.0,1,7,2.0,2.0,1,2,44
DEMO101498,53.702340459060274,,3,5,6,31/07/2025,4,02:37,3,50.0,2,4,1.0,1.0,1,1,35
DEMO101499,51.42108150059408,-2.9607105216386724,3,2,2,15/03/2025,6,16:07,7,50.0,8,6,4.0,3.0,1,5,15
DEMO101500,52.743010786214604,-0.8555588616947984,3,2,3,10/11/2025,1,04:14,6,30.0,2,7,5.0,3.0,1,1,23
DEMO101501,54.12658952971549,-1.6142387332805346,3,3,3,31/01/2025,5,00:57,9,40.0,7,6,1.0,1.0,2,6,44
DEMO101502,,-1.6940641233252864,2,1,2,29/09/2025,1,10:54,6,30.0,2,1,2.0,1.0,1,4,36
DEMO101503,53.69902186361619,-1.7518201567552656,3,2,2,06/07/2025,7,06:53,7,,8,7,1.0,6.0,1,4,34
DEMO101504,53.56813412777433,-1.7551014280950508,3,2,3,04/10/2025,6,00:23,3,20.0,7,1,1.0,4.0,1,3,37
DEMO101505,53.48718862509575,-2.3723217712125297,2,3,3,14/06/2025,6,18:19,9,40.0,9,1,4.0,1.0,2,6,6
DEMO101506,51.46173908588099,-3.087395174741472,3,1,2,27/02/2025,4,14:48,3,30.0,2,4,1.0,2.0,1,4,26
DEMO101507,53.362587366160916,-2.7644844147376615,3,5,5,02/10/2025,4,21:01,7,30.0,2,7,5.0,1.0,2,1,10
DEMO101508,51.361698670773364,-2.9887561330888923,3,2,3,19/08/2025,2,11:53,9,60.0,1,6,1.0,1.0,1,4,21
DEMO101509,55.896762424397565,-4.33317004578605,3,3,3,19/06/2025,4,10:36,6,30.0,3,1,5.0,1.0,1,3,21
DEMO101510,51.54223347544083,-2.318339648227415,3,1,1,17/05/2025,6,20:37,3,30.0,8,6,1.0,1.0,1,4,5
DEMO101511,53.44061406684678,-2.3671924299211367,2,4,6,06/05/2025,2,01:26,3,30.0,1,1,1.0,1.0,1,1,32
DEMO101512,55.96618479899665,-3.553628583463335,3,2,2,25/06/2025,3,08:58,7,40.0,9,5,4.0,1.0,1,2,18
DEMO101513,53.87500300915436,-1.2912940703683748,2,3,3,06/04/2025,7,19:44,3,30.0,0,1,2.0,2.0,1,4,27
DEMO101514,53.55052332471921,-2.726189718515633,2,5,5,14/04/2025,1,07:03,3,40.0,8,1,1.0,1.0,1,6,13
DEMO101515,54.54616013442594,-6.04700464097543,3,2,2,12/04/2025,6,21:31,3,20.0,8,1,,1.0,1,5,27
DEMO101516,53.34153870237126,-3.173035177640863,2,2,2,05/01/2025,7,06:51,3,40.0,9,7,1.0,1.0,1,3,31
DEMO101517,51.57409740099269,0.38084067016735057,3,1,1,05/12/2025,5,09:04,6,50.0,6,7,1.0,1.0,1,1,32
DEMO101518,53.192471023768334,-3.215363005471894,3,3,3,28/03/2025,5,21:44,6,30.0,8,1,2.0,5.0,1,2,25
DEMO101519,53.930335077530735,-3.5319497440911523,3,2,2,02/03/2025,7,05:14,7,70.0,0,1,2.0,1.0,1,1,17
DEMO101520,51.02889238786336,-2.934904993751675,2,3,3,25/02/2025,2,23:30,7,30.0,3,1,3.0,1.0,2,1,19
DEMO101521,55.76324228358628,-4.941605356818447,3,5,6,27/12/2025,6,01:52,3,30.0,8,6,6.0,5.0,1,6,28
DEMO101522,53.573345206754034,-2.326324724209859,2,5,5,24/06/2025,2,06:29,9,30.0,1,4,2.0,1.0,1,2,25
DEMO101523,52.61758701549353,-1.6949995758716756,3,3,4,30/04/2025,3,14:02,6,60.0,8,4,1.0,1.0,2,6,42
DEMO101524,,-1.560693714666608,3,2,4,28/05/2025,3,14:01,9,30.0,2,1,1.0,2.0,1,2,14
DEMO101525,51.39035329287518,0.21659240589194814,2,2,2,02/02/2025,7,21:44,7,40.0,2,1,1.0,2.0,1,2,1
DEMO101526,53.80978217893684,-1.4517836992318018,2,3,3,25/04/2025,5,23:55,3,30.0,7,7,4.0,1.0,2,3,27
DEMO101527,52.24173912486446,-2.1064168922478337,2,4,5,01/04/2025,2,16:17,9,70.0,0,4,1.0,2.0,2,3,32
DEMO101528,51.29099041505459,-0.07245372382459991,3,2,2,21/10/2025,2,15:56,3,40.0,7,1,3.0,1.0,1,6,22
DEMO101529,54.75509458273284,-5.508078183943988,3,2,4,22/01/2025,3,07:27,12,30.0,9,1,3.0,1.0,1,1,14
DEMO101530,52.63327938663861,-1.8282685777650869,3,4,4,05/06/2025,4,19:03,7,40.0,0,1,5.0,1.0,1,2,36
DEMO101531,51.509502990401735,0.002023948086135513,3,1,2,16/10/2025,4,15:31,2,,2,1,1.0,2.0,2,2,40
DEMO101532,54.735866205169174,-5.815046766042532,1,3,3,01/11/2025,6,00:58,3,20.0,0,1,1.0,1.0,1,2,40
DEMO101533,53.49758456168322,-2.4124177034566934,2,4,4,07/07/2025,1,19:15,9,30.0,6,5,7.0,2.0,2,2,40
DEMO101534,55.81397516314828,-3.5835973987159875,3,2,2,23/03/2025,7,08:57,1,30.0,8,1,2.0,4.0,1,2,18
DEMO101535,51.2988768609887,-0.03156874142352943,3,3,5,04/05/2025,7,11:39,3,30.0,9,1,2.0,2.0,1,3,1
DEMO101536,52.59861837663337,-1.5380207534331791,2,4,6,23/03/2025,7,11:23,12,40.0,2,4,4.0,2.0,2,4,4
DEMO101537,52.364781444917966,-1.7436102662479414,3,3,3,30/08/2025,6,19:41,3,70.0,1,1,7.0,1.0,1,1,43
DEMO101538,56.009815641138616,-4.570817684371729,3,3,3,17/04/2025,4,06:24,3,40.0,0,1,1.0,1.0,1,5,15
DEMO101539,53.326106571271104,-1.3645394453264175,2,5,5,19/08/2025,2,09:05,2,30.0,2,6,7.0,1.0,2,6,1
DEMO101540,53.64226495830748,-2.761231784538597,3,4,4,28/08/2025,4,00:52,7,40.0,6,1,1.0,1.0,1,1,13
DEMO101541,53.30862286349992,-1.952162203268933,2,5,6,10/12/2025,3,08:22,7,30.0,9,6,8.0,2.0,1,1,21
DEMO101542,52.28117228249487,-1.7374981580023616,3,3,4,16/05/2025,5,02:33,7,50.0,1,1,1.0,2.0,2,6,31
DEMO101543,52.99189524290612,-1.091917259410731,3,2,2,17/12/2025,3,13:44,12,50.0,8,1,1.0,1.0,1,5,8
DEMO101544,53.418134908531016,-2.3910874287503523,3,4,4,27/05/2025,2,21:04,1,50.0,6,1,1.0,1.0,1,1,27
DEMO101545,53.407675162508966,-1.5096966023227307,2,3,3,06/09/2025,6,11:43,3,70.0,9,5,5.0,3.0,1,2,26
DEMO101546,55.851045627198225,-4.007479699269421,3,3,3,30/08/2025,6,21:21,3,20.0,9,1,9.0,1.0,1,2,5
DEMO101547,51.38883435538605,-3.3771465330955706,3,1,2,26/10/2025,7,23:32,3,60.0,9,6,1.0,1.0,1,6,21
DEMO101548,53.36007084371318,-3.198721744257079,3,2,4,21/06/2025,6,01:27,2,60.0,3,1,1.0,1.0,1,6,35
DEMO101549,51.11326852802662,0.04866528171131826,1,2,2,17/10/2025,5,12:46,3,30.0,2,4,1.0,1.0,1,1,17
DEMO101550,54.068992640843966,-1.453699902670522,2,2,2,10/05/2025,6,12:11,9,60.0,1,1,1.0,2.0,1,3,28
DEMO101551,51.36611772723824,-2.8232029677039803,2,2,4,29/06/2025,7,09:06,3,30.0,2,1,5.0,1.0,1,5,40
DEMO101552,53.033198795380734,-0.9352328553924063,3,4,6,02/07/2025,3,19:24,12,40.0,7,4,1.0,1.0,1,5,10
DEMO101553,53.00664890065313,-1.5981790268392715,2,3,5,15/09/2025,1,09:07,12,30.0,9,1,8.0,1.0,1,2,22
DEMO101554,53.248708940787196,-2.615557376467362,1,4,6,14/08/2025,4,01:14,6,30.0,7,1,7.0,1.0,1,2,41
DEMO101555,52.53117843190737,-1.812450595176874,2,4,5,29/01/2025,3,13:39,9,50.0,3,4,1.0,1.0,1,6,8
DEMO101556,51.806741604624754,-3.004851767502692,3,4,4,23/10/2025,4,04:49,9,30.0,2,5,2.0,1.0,1,2,6
DEMO101557,56.03276588030379,-3.2676876138544846,3,2,3,04/10/2025,6,08:41,3,30.0,8,5,9.0,3.0,2,4,30
DEMO101558,54.69612912691491,-5.801727541967439,3,4,7,08/02/2025,6,12:19,7,40.0,1,1,6.0,2.0,1,1,3
DEMO101559,51.39183519815235,-3.298424296787666,3,1,1,18/12/2025,4,17:48,2,40.0,0,1,4.0,1.0,1,1,22
DEMO101560,53.79686922003246,-2.0530677753501765,2,1,3,30/08/2025,6,06:24,6,20.0,0,1,1.0,1.0,2,5,20
DEMO101561,53.76348924925903,-1.106758027429902,3,2,2,01/02/2025,6,09:10,9,60.0,9,1,1.0,2.0,1,1,10
DEMO101562,53.53432182900752,-2.444019264760586,2,1,1,29/06/2025,7,01:45,7,70.0,3,1,5.0,1.0,1,6,12
DEMO101563,54.818761898171246,-6.057649339917029,3,5,5,02/11/2025,7,09:31,3,30.0,9,1,1.0,1.0,2,5,10
DEMO101564,52.88979546109737,-1.301027747131201,3,3,4,13/04/2025,7,13:22,7,70.0,6,1,4.0,1.0,1,2,26
DEMO101565,53.41116852299354,-2.547912793718365,3,3,3,07/12/2025,7,14:39,12,70.0,8,1,4.0,1.0,1,3,35
DEMO101566,54.5245040194766,-5.806165382540258,3,1,2,02/06/2025,1,07:43,1,30.0,8,1,2.0,6.0,1,1,34
DEMO101567,53.332461551517646,-1.310023118804532,2,3,3,24/03/2025,1,01:13,3,,9,1,1.0,1.0,1,6,41
DEMO101568,51.68379310784334,-2.9389734848407914,3,1,2,11/05/2025,7,13:07,3,60.0,1,1,1.0,4.0,2,1,20
DEMO101569,54.67603044847041,-5.740414546505168,3,1,3,11/07/2025,5,15:31,12,60.0,1,1,6.0,3.0,1,3,23
DEMO101570,51.56285087644255,-0.0664211463918951,3,5,6,09/09/2025,2,02:03,6,30.0,1,6,1.0,6.0,1,1,3
DEMO101571,51.42995893881595,-2.5343765833811176,3,1,1,05/12/2025,5,12:38,2,60.0,3,1,1.0,2.0,1,6,30
DEMO101572,55.70700061678799,-3.8839031995312605,3,2,2,13/03/2025,4,02:26,7,30.0,1,1,8.0,2.0,2,2,23
DEMO101573,56.07686177833787,-3.470801455673514,2,3,5,17/12/2025,3,10:12,6,50.0,8,6,4.0,,1,2,6
DEMO101574,52.63551352095514,-2.094266106387008,3,3,3,12/07/2025,6,15:35,1,30.0,2,1,2.0,3.0,1,2,30
DEMO101575,53.957785302195475,-1.385103199322528,2,4,4,16/02/2025,7,17:22,9,60.0,9,1,5.0,1.0,1,2,20
DEMO101576,52.95046761200845,-1.0706286558595592,2,4,7,05/12/2025,5,17:23,7,60.0,8,6,2.0,2.0,1,1,25
DEMO101577,55.81174120821975,-3.2633693751382467,3,3,4,08/05/2025,4,18:12,1,40.0,8,5,9.0,1.0,1,4,21
DEMO101578,52.60000766089899,-1.311750587408335,3,2,2,15/08/2025,5,05:40,12,30.0,8,7,6.0,1.0,1,6,24
DEMO101579,53.574022593860185,-1.7469533033174165,3,2,3,12/09/2025,5,20:54,3,,0,7,1.0,1.0,1,2,7
DEMO101580,53.95040369395861,-1.5299545716485665,3,2,3,05/01/2025,7,08:37,1,30.0,0,5,1.0,1.0,1,1,28
DEMO101581,53.33890930436659,-2.1678289454963813,2,4,4,22/03/2025,6,08:14,3,70.0,3,1,1.0,1.0,1,2,2
DEMO101582,53.02118534181342,-1.2487008718852453,3,4,5,08/09/2025,1,18:50,2,50.0,9,1,3.0,1.0,1,3,31
DEMO101583,51.1028968240341,-2.741305744350173,2,5,7,29/04/2025,2,07:07,7,60.0,0,1,3.0,1.0,1,2,30
DEMO101584,53.62088868451769,-1.5373115572891194,3,3,3,04/01/2025,6,01:17,3,60.0,3,4,2.0,1.0,1,1,25
DEMO101585,53.8302304176355,-1.1612751924943572,3,1,1,09/01/2025,4,17:02,3,40.0,8,7,8.0,1.0,1,6,17
DEMO101586,55.98791290755827,-3.2740445788050287,3,4,4,29/10/2025,3,15:50,12,30.0,2,1,2.0,1.0,1,3,34
DEMO101587,51.78493855095476,-0.02804025966794349,3,3,3,26/02/2025,3,13:02,3,30.0,9,7,5.0,1.0,2,5,17
DEMO101588,51.37482995799215,-3.319095852511361,1,3,3,06/02/2025,4,03:32,3,20.0,9,4,3.0,1.0,1,4,6
DEMO101589,51.52823655303503,0.048453904171389395,2,3,4,25/07/2025,5,15:11,3,60.0,0,1,2.0,1.0,2,1,42
DEMO101590,55.70895317335287,-3.987948996642694,3,3,3,13/02/2025,4,04:12,9,60.0,7,6,1.0,1.0,1,4,31
DEMO101591,51.185001148833244,-2.628518868636122,3,1,1,27/08/2025,3,13:36,3,30.0,1,4,3.0,6.0,2,1,8
DEMO101592,51.50468991968033,-2.4180942726560803,3,3,3,18/07/2025,5,12:48,2,40.0,3,1,3.0,1.0,1,6,31
DEMO101593,51.54934335910628,-0.15416822607170863,2,1,3,25/08/2025,1,18:01,9,40.0,9,1,1.0,1.0,1,5,36
DEMO101594,55.48194534759001,-4.2403491942365035,2,5,7,29/06/2025,7,23:09,3,50.0,0,1,5.0,1.0,1,3,15
DEMO101595,52.6174651891468,-1.7813604277072779,2,4,4,12/10/2025,7,04:17,9,50.0,9,1,2.0,2.0,1,4,40
DEMO101596,53.37351723089782,-1.393893040050859,3,1,1,24/08/2025,7,02:56,7,30.0,9,5,1.0,1.0,2,5,11
DEMO101597,55.99961119597585,-4.194439487326236,3,2,2,01/06/2025,7,13:03,9,50.0,8,7,5.0,1.0,1,2,33
DEMO101598,51.52391845050554,-3.5324769619602194,2,3,4,06/01/2025,1,22:10,2,60.0,2,5,1.0,1.0,1,6,8
DEMO101599,56.05243138698883,-4.548205525790537,3,6,6,10/04/2025,4,03:24,12,20.0,2,6,3.0,1.0,1,3,16
DEMO101600,54.00966535017375,-1.9640613745990319,1,7,8,17/02/2025,1,11:19,3,40.0,3,6,3.0,1.0,1,4,36
DEMO101601,55.90006795348758,-4.588071671648576,3,2,3,06/01/2025,1,09:02,1,30.0,1,1,1.0,6.0,1,6,17
DEMO101602,56.1194148962576,,2,2,2,10/04/2025,4,07:32,9,60.0,0,6,2.0,6.0,1,3,44
DEMO101603,53.95962730365593,-1.6338251738857468,2,5,5,17/03/2025,1,15:36,3,70.0,0,6,1.0,1.0,1,5,7
DEMO101604,52.27348158295196,-2.04203401612159,1,4,5,29/01/2025,3,07:10,3,40.0,8,1,1.0,1.0,1,6,23
DEMO101605,51.3226992806941,-2.7464781520533674,3,4,4,25/04/2025,5,11:41,7,30.0,0,1,3.0,1.0,1,4,3
DEMO101606,52.30436653026622,-1.6018156229605744,3,4,5,04/07/2025,5,20:03,1,70.0,2,5,1.0,4.0,2,1,26
DEMO101607,53.50059000009461,-1.8516872062300136,3,1,2,07/03/2025,5,09:43,3,30.0,8,7,8.0,4.0,2,5,13
DEMO101608,53.35346750702246,-2.45092134844882,3,5,5,10/04/2025,4,00:15,6,40.0,1,7,1.0,1.0,1,4,37
DEMO101609,52.12037739864009,-2.1180487195975393,2,2,2,08/01/2025,3,21:13,3,30.0,2,1,1.0,1.0,2,6,15
DEMO101610,55.771706570743454,-3.1733312766464596,2,2,5,19/01/2025,7,06:11,7,30.0,0,6,7.0,1.0,2,5,33
DEMO101611,52.417336081120204,-2.2003652051902995,2,4,5,27/02/2025,4,18:52,9,60.0,1,1,2.0,2.0,1,4,8
DEMO101612,55.94693723328564,-4.4152643197713735,3,2,2,15/06/2025,7,18:30,3,30.0,2,6,3.0,1.0,1,2,23
DEMO101613,56.09689970653214,-4.151575125255275,2,3,5,01/09/2025,1,12:41,3,60.0,1,5,4.0,1.0,2,5,35
DEMO101614,51.6788284324789,-0.1598822779407714,3,2,5,15/10/2025,3,02:12,3,60.0,6,7,6.0,1.0,1,5,20
DEMO101615,53.512862952661244,-2.557022397049066,2,4,6,18/08/2025,1,22:03,3,50.0,1,7,1.0,1.0,1,3,25
DEMO101616,55.8044532053153,-3.16391894250694,2,2,2,14/08/2025,4,16:02,1,30.0,2,1,1.0,3.0,1,2,20
DEMO101617,52.594004657417486,-1.127031652404629,2,4,4,08/12/2025,1,10:26,7,30.0,8,7,9.0,1.0,1,5,7
DEMO101618,52.39853442973977,-1.8388742666490425,3,2,3,04/04/2025,5,20:19,3,70.0,8,5,1.0,1.0,1,5,1
DEMO101619,54.54574310332023,-6.267929067191406,3,5,6,19/10/2025,7,18:46,9,30.0,3,1,4.0,2.0,1,4,3
DEMO101620,53.81880773995206,-1.3136783602417448,3,2,4,08/12/2025,1,18:47,1,20.0,9,1,3.0,1.0,1,4,20
DEMO101621,51.66846720066031,-0.24715927240147695,2,4,5,27/07/2025,7,04:18,1,50.0,8,5,2.0,2.0,1,3,43
DEMO101622,54.718139629966544,-6.206410830619482,3,3,3,03/11/2025,1,15:26,3,50.0,7,1,5.0,2.0,1,1,28
DEMO101623,51.52422199964715,-0.1109772749239091,3,2,2,20/02/2025,4,06:22,3,40.0,3,1,,1.0,2,6,28
DEMO101624,52.883069517495514,-0.99908888363889,1,6,6,17/11/2025,1,01:40,7,30.0,0,4,1.0,1.0,1,6,7
DEMO101625,54.32317075171334,-5.78699043432499,1,3,4,25/07/2025,5,08:37,7,30.0,3,1,3.0,1.0,1,2,1
DEMO101626,52.81070674462391,-0.8491887021660838,2,3,3,22/03/2025,6,02:39,12,30.0,7,1,4.0,2.0,1,1,25
DEMO101627,53.20743524408949,-1.622511392539158,2,3,4,23/01/2025,4,02:03,3,40.0,9,6,1.0,4.0,2,6,12
DEMO101628,51.92117297614493,-2.9765732633387434,3,1,2,20/09/2025,6,17:20,1,70.0,9,1,7.0,1.0,1,2,6
DEMO101629,52.84527370123762,-1.969035355486825,3,2,2,07/06/2025,6,12:58,9,60.0,1,5,2.0,2.0,1,2,30
DEMO101630,52.72821242292707,-1.8366290641688905,3,1,3,24/04/2025,4,09:20,9,50.0,9,1,1.0,2.0,1,4,31
DEMO101631,51.55229940257847,-3.3791736383982074,3,3,4,23/05/2025,5,04:10,1,40.0,8,6,6.0,5.0,1,5,39
DEMO101632,52.24302413142414,-1.9707615592854597,3,2,2,28/12/2025,7,18:11,2,50.0,8,1,8.0,1.0,2,1,12
DEMO101633,51.52185577181424,-3.297513581621491,3,3,4,06/06/2025,5,15:01,6,40.0,9,6,1.0,1.0,1,4,40
DEMO101634,51.3661922153114,-2.465601153384683,2,1,2,29/01/2025,3,14:46,3,60.0,2,5,4.0,2.0,1,4,10
DEMO101635,52.92925697742834,-1.163209563670543,3,3,4,13/04/2025,7,04:00,7,40.0,3,7,,2.0,1,4,29
DEMO101636,52.67546630305973,-1.7829955482819229,3,3,3,23/02/2025,7,02:35,3,30.0,9,1,1.0,2.0,1,6,12
DEMO101637,,-1.4026449281827489,3,1,2,08/09/2025,1,02:23,12,40.0,1,1,1.0,3.0,1,2,2
DEMO101638,53.63738707638177,-2.59886295537866,3,6,8,20/10/2025,1,00:05,6,30.0,8,1,6.0,1.0,1,3,18
DEMO101639,53.89126463172668,-1.4047467737253625,3,3,3,03/11/2025,1,23:53,9,40.0,8,4,1.0,2.0,1,3,5
DEMO101640,55.73237426389878,-4.381326593554373,2,1,1,20/08/2025,3,08:44,2,60.0,9,4,1.0,1.0,1,1,40
DEMO101641,51.271398369891195,-0.07615858649242463,3,4,4,08/10/2025,3,15:49,7,50.0,1,4,4.0,1.0,1,3,8
DEMO101642,53.35449025561576,-2.8807809273043268,3,3,3,02/06/2025,1,23:56,9,30.0,8,1,2.0,1.0,1,2,22
DEMO101643,53.326854766425996,-1.660985048377827,3,3,4,18/08/2025,1,22:54,1,50.0,0,4,1.0,1.0,2,6,15
DEMO101644,52.39210840454636,-2.056247152207328,3,2,2,09/02/2025,7,07:42,6,30.0,9,1,1.0,1.0,1,6,19
DEMO101645,53.673987654565174,-1.5409970572849034,3,3,5,16/07/2025,3,11:32,3,50.0,6,4,5.0,1.0,1,5,38
DEMO101646,51.46648261633846,-2.703462645789163,3,3,4,23/07/2025,3,11:41,6,30.0,7,5,3.0,3.0,1,5,35
DEMO101647,53.61892637522686,-1.0573414038792985,3,1,2,12/01/2025,7,00:26,9,40.0,9,1,5.0,1.0,2,4,40
DEMO101648,54.21930502612915,-5.92766641958686,3,2,3,20/07/2025,7,18:10,7,60.0,6,1,1.0,1.0,1,6,15
DEMO101649,51.25789166075073,-3.4580619267564696,3,1,1,21/09/2025,7,13:23,9,30.0,6,1,2.0,1.0,1,6,16
DEMO101650,53.5278450476472,-1.7422474388480471,3,4,5,15/05/2025,4,08:28,3,50.0,3,6,5.0,1.0,2,4,7
DEMO101651,51.1730660487754,-0.043503926485658345,2,3,5,18/07/2025,5,13:02,9,50.0,7,6,,1.0,1,5,14
DEMO101652,51.24759668604278,-0.1367264666341033,3,2,2,15/04/2025,2,17:50,7,60.0,8,1,1.0,1.0,2,1,26
DEMO101653,53.76190677569421,-1.1058123785849614,2,2,2,09/04/2025,3,00:54,1,70.0,8,1,1.0,3.0,1,6,22
DEMO101654,52.587422303672724,-1.8164475554384638,3,2,4,17/02/2025,1,15:25,9,40.0,0,5,1.0,1.0,1,5,19
DEMO101655,53.96129182258975,-2.2622095165288347,3,1,2,30/04/2025,3,20:29,1,30.0,2,6,1.0,1.0,1,2,13
DEMO101656,51.17416251400393,-3.5629195230344055,3,3,3,21/10/2025,2,17:50,1,50.0,3,1,8.0,2.0,1,5,42
DEMO101657,51.85688057407547,-3.728945597022151,2,1,2,08/12/2025,1,14:27,9,40.0,0,1,2.0,1.0,2,3,42
DEMO101658,51.245531403438946,-2.886189460989084,2,4,4,21/08/2025,4,02:41,1,60.0,8,1,3.0,1.0,1,6,24
DEMO101659,53.961953018675786,-1.4772675327810245,2,2,4,16/08/2025,6,17:30,2,60.0,6,6,1.0,1.0,1,4,19
DEMO101660,52.98929660762616,-1.5183496759167932,3,3,5,13/08/2025,3,18:16,1,50.0,0,1,3.0,1.0,1,3,16
DEMO101661,53.433392222205704,-1.5039565412981255,3,2,5,23/06/2025,1,11:47,9,30.0,7,6,2.0,3.0,1,6,39
DEMO101662,53.54576978587713,-2.169025740456576,3,1,1,04/06/2025,3,13:11,1,30.0,2,5,8.0,1.0,1,4,27
DEMO101663,52.87408682806662,-1.005749477065005,2,3,3,15/08/2025,5,14:13,3,70.0,8,6,2.0,1.0,1,5,1
DEMO101664,52.70416237359315,-1.3447669270213125,1,3,4,14/10/2025,2,02:41,3,30.0,1,7,5.0,1.0,1,5,25
DEMO101665,51.403986647147256,-2.541598404088532,3,1,1,01/06/2025,7,06:42,3,40.0,0,1,1.0,1.0,2,4,12
DEMO101666,55.99648666018818,-3.0619795168898776,3,4,5,26/07/2025,6,19:57,3,50.0,0,5,2.0,4.0,1,1,41
DEMO101667,55.65697712735654,-4.372112183448689,2,4,4,21/06/2025,6,23:42,9,30.0,3,5,7.0,1.0,1,2,28
DEMO101668,52.91759409482781,-1.692215580293316,3,2,2,15/04/2025,2,06:01,9,60.0,8,6,3.0,2.0,1,1,18
DEMO101669,,-4.436580442706854,2,4,6,16/04/2025,3,09:50,9,20.0,7,1,4.0,1.0,1,5,36
DEMO101670,56.03463215881008,-3.501124052457285,3,1,1,29/01/2025,3,21:24,9,70.0,0,1,6.0,1.0,1,6,6
DEMO101671,52.66815982778161,-0.8736466389618066,3,4,4,10/06/2025,2,03:00,3,40.0,7,7,7.0,1.0,1,5,16
DEMO101672,53.69371114944676,-1.7800476151457045,3,1,2,18/09/2025,4,06:34,3,30.0,6,1,1.0,3.0,2,4,26
DEMO101673,55.98499654234009,-3.4275579477636864,3,1,3,08/09/2025,1,01:10,6,60.0,8,7,1.0,1.0,1,6,17
DEMO101674,55.792643614524096,-4.407386688414691,3,4,4,26/12/2025,5,05:24,3,60.0,2,1,2.0,2.0,1,1,20
DEMO101675,54.399589331716435,-5.729670218965416,2,3,3,15/01/2025,3,15:28,7,30.0,8,1,9.0,1.0,1,3,33
DEMO101676,52.6546459713431,-1.67942039576299,3,4,4,05/10/2025,7,08:04,1,20.0,7,7,2.0,1.0,2,1,4
DEMO101677,53.58277813393656,-3.184828535353701,2,1,1,18/10/2025,6,23:51,9,40.0,7,5,1.0,1.0,2,1,9
DEMO101678,54.7328982384555,-6.038268215151943,3,5,6,09/06/2025,1,21:30,3,50.0,3,4,2.0,1.0,1,5,5
DEMO101679,52.88890453236068,-1.2003721300790604,3,2,6,14/04/2025,1,21:57,6,30.0,0,1,1.0,1.0,1,1,2
DEMO101680,54.56024040783626,-5.596273873584793,3,4,5,11/05/2025,7,17:27,12,40.0,1,1,1.0,1.0,1,3,30
DEMO101681,51.732127084332944,-0.6202869185399459,2,4,4,07/09/2025,7,16:35,3,40.0,8,1,1.0,3.0,1,5,7
DEMO101682,51.651697770968106,-0.4685784637869598,3,5,7,11/11/2025,2,12:48,2,60.0,7,4,,1.0,1,3,5
DEMO101683,56.18082777779714,-2.60485187665281,3,4,7,23/08/2025,6,23:12,3,60.0,7,1,4.0,1.0,2,1,33
DEMO101684,51.469589554313565,-2.3052359162655405,3,3,3,07/07/2025,1,02:54,3,30.0,6,1,1.0,1.0,1,5,16
DEMO101685,53.0644910510756,-1.5157899010313014,3,2,2,27/08/2025,3,17:11,6,50.0,0,1,1.0,1.0,1,4,32
DEMO101686,53.52794230915171,-2.2390358731619733,3,2,2,26/01/2025,7,03:59,12,40.0,2,7,2.0,1.0,2,4,38
DEMO101687,51.71419671994156,-2.4347501003794676,3,4,4,10/08/2025,7,08:38,9,30.0,7,6,1.0,1.0,1,3,7
DEMO101688,54.18700329940864,-5.902947911938037,3,2,2,16/01/2025,4,06:31,9,30.0,1,1,1.0,1.0,1,6,6
DEMO101689,52.50830683276794,-1.535787903500117,3,2,3,17/12/2025,3,14:12,9,50.0,9,7,1.0,1.0,1,2,8
DEMO101690,56.12489429583381,-3.398090322639348,2,3,5,21/11/2025,5,18:34,3,60.0,0,1,1.0,1.0,2,2,9
DEMO101691,51.693416434108,-3.2956326463813164,2,1,2,05/07/2025,6,01:33,12,30.0,8,1,4.0,4.0,1,5,40
DEMO101692,53.299613865281046,-1.451708087232738,3,3,5,17/05/2025,6,14:59,6,20.0,2,1,,2.0,1,3,29
DEMO101693,51.52467265373657,-2.4667409846839385,2,1,5,25/09/2025,4,05:50,3,40.0,9,7,1.0,1.0,1,1,34
DEMO101694,52.618583191412576,-1.8093923123237405,2,1,2,21/08/2025,4,01:28,12,70.0,8,1,1.0,2.0,2,3,29
DEMO101695,56.090005934786845,-4.202570604983937,3,5,7,15/09/2025,1,10:23,6,50.0,2,1,1.0,1.0,1,4,20
DEMO101696,53.4724417091959,-3.0866594325762104,1,4,5,08/07/2025,2,13:23,3,30.0,3,7,1.0,1.0,1,4,1
DEMO101697,52.532508372777436,-1.8057215125090493,2,3,3,28/03/2025,5,04:22,9,60.0,9,5,1.0,1.0,2,3,24
DEMO101698,51.40576711623449,-2.5233524328619623,3,2,3,27/01/2025,1,09:00,3,40.0,7,6,1.0,1.0,1,6,10
DEMO101699,54.79914482604612,-5.932554711428287,2,3,3,14/04/2025,1,22:02,3,40.0,0,5,1.0,1.0,1,1,41
DEMO101700,54.0246532642845,-1.612704428998382,3,2,2,13/07/2025,7,08:45,3,20.0,8,5,6.0,1.0,1,4,23
DEMO101701,53.66864297294436,-2.3672389562204135,3,3,3,04/06/2025,3,23:15,7,20.0,2,1,1.0,2.0,1,5,11
DEMO101702,55.99773845752982,-4.603144186469182,3,2,4,04/07/2025,5,20:24,3,40.0,2,6,1.0,1.0,2,2,24
DEMO101703,53.52491275206615,-1.9008757216457697,2,2,6,12/04/2025,6,08:41,1,60.0,8,1,2.0,1.0,2,3,12
DEMO101704,54.491561904190505,-5.750111676382139,1,2,3,09/12/2025,2,13:36,3,60.0,9,1,1.0,1.0,1,2,1
DEMO101705,51.34834031446133,,2,2,4,14/05/2025,3,17:21,3,70.0,0,7,5.0,1.0,1,2,29
DEMO101706,54.78266928544722,-6.208181059931197,3,3,3,05/11/2025,3,11:45,6,40.0,3,1,1.0,2.0,1,2,32
DEMO101707,51.68546569417431,-3.2990675949746566,3,5,6,23/05/2025,5,09:09,6,40.0,2,1,,2.0,1,5,18
DEMO101708,53.524994999058414,-2.2594405443040912,2,4,4,11/06/2025,3,07:28,2,40.0,9,1,8.0,1.0,1,4,33
DEMO101709,53.524840252538084,-2.156839133541647,2,2,4,09/08/2025,6,03:06,3,30.0,9,6,1.0,2.0,2,2,15
DEMO101710,51.4928918809935,-2.772560865215702,1,3,4,07/04/2025,1,00:31,3,20.0,9,7,1.0,1.0,1,2,11
DEMO101711,53.6241394444647,-2.5754334021983314,2,1,1,22/03/2025,6,08:05,6,60.0,0,1,3.0,1.0,1,6,34
DEMO101712,51.61777441932832,-2.9678972223967386,2,6,6,19/05/2025,1,19:56,9,20.0,0,1,8.0,1.0,1,5,27
DEMO101713,55.78668526720476,-4.2083186434465345,2,3,3,21/10/2025,2,05:39,3,70.0,7,5,1.0,1.0,2,2,1
DEMO101714,53.472719244296805,-1.397343778567219,3,3,4,22/02/2025,6,04:14,3,60.0,1,5,3.0,1.0,1,3,14
DEMO101715,51.19665993174892,-3.2321215951222304,3,2,2,09/06/2025,1,07:36,1,30.0,1,1,1.0,1.0,2,3,20
DEMO101716,53.26995018411521,-1.6336503655350822,3,5,5,03/09/2025,3,14:20,7,,2,1,3.0,2.0,1,2,19
DEMO101717,51.139662202174904,-3.1665261192472705,2,2,3,15/09/2025,1,05:31,3,50.0,8,4,1.0,3.0,1,2,13
DEMO101718,51.300286540406695,-2.3775915864041903,2,4,4,08/06/2025,7,05:10,7,40.0,8,1,3.0,5.0,1,1,3
DEMO101719,52.81730093455286,-1.1440519231298496,3,2,3,30/01/2025,4,02:30,7,50.0,8,6,1.0,1.0,2,4,42
DEMO101720,52.11125712923959,-1.6063552710285538,3,2,2,06/01/2025,1,07:06,1,30.0,0,1,2.0,1.0,1,3,19
DEMO101721,56.07522961231795,-4.11219354379536,2,2,2,21/06/2025,6,05:09,3,60.0,8,6,1.0,2.0,1,6,23
DEMO101722,53.289525095292866,-1.476910492838185,3,1,1,23/10/2025,4,19:35,12,40.0,6,5,4.0,1.0,1,3,18
DEMO101723,55.806057503517565,-4.2301343116713905,2,5,5,11/01/2025,6,21:30,3,40.0,2,5,4.0,1.0,1,2,35
DEMO101724,52.79982163701849,-1.3346496999351558,3,3,5,20/11/2025,4,08:17,6,70.0,7,6,6.0,1.0,1,6,12
DEMO101725,56.05509669395504,-3.475076302306789,3,5,5,04/09/2025,4,02:03,6,60.0,8,1,9.0,1.0,1,2,34
DEMO101726,54.8458398549021,-6.167658522031904,3,2,4,03/01/2025,5,02:25,3,50.0,1,1,2.0,1.0,1,3,31
DEMO101727,53.04888416009156,-1.3885605684546678,1,2,2,06/05/2025,2,07:55,9,60.0,8,4,4.0,1.0,2,4,38
DEMO101728,53.47104193049239,-3.0381839902201686,3,4,6,22/03/2025,6,11:42,1,70.0,7,6,1.0,1.0,1,1,44
DEMO101729,52.13079968382049,-1.7024815400765179,2,2,3,13/12/2025,6,12:03,3,60.0,7,6,7.0,2.0,1,2,6
DEMO101730,55.935052642659755,-3.0239787380944,2,1,2,22/07/2025,2,07:56,7,60.0,9,1,3.0,1.0,1,6,31
DEMO101731,51.598103468285316,-3.54351098694854,3,1,2,29/04/2025,2,08:25,12,30.0,8,6,2.0,1.0,2,1,41
DEMO101732,56.080052915329716,-4.045328195560415,3,5,7,12/04/2025,6,06:34,1,60.0,7,1,2.0,1.0,1,4,12
DEMO101733,51.59077532600539,-3.145099189561629,3,3,4,25/07/2025,5,12:00,7,60.0,2,1,4.0,4.0,1,5,19
DEMO101734,51.85741526690007,-3.010987802596402,1,1,3,02/01/2025,4,16:18,1,40.0,6,1,6.0,1.0,2,2,6
DEMO101735,55.82218834584441,-3.0648107087426766,2,4,5,04/04/2025,5,01:47,7,50.0,8,7,,1.0,2,5,9
DEMO101736,52.82369389506896,-1.5599265775149855,2,4,5,02/03/2025,7,11:19,3,40.0,9,4,2.0,,1,5,9
DEMO101737,52.55520283605373,-1.8428368244763411,3,3,7,15/08/2025,5,15:09,3,40.0,8,1,1.0,4.0,1,5,21
DEMO101738,51.73738721148376,0.22534269090258627,3,2,2,02/09/2025,2,16:05,12,,8,5,8.0,1.0,2,5,25
DEMO101739,53.73979338343801,-2.527442279055317,3,2,3,20/06/2025,5,13:55,7,50.0,8,1,3.0,1.0,1,4,36
DEMO101740,53.04203416222712,-3.2134414393583515,3,4,4,21/02/2025,5,12:48,3,30.0,8,1,2.0,1.0,2,1,21
DEMO101741,55.88407830361417,-4.729208145999225,3,2,3,16/05/2025,5,16:02,12,40.0,2,1,3.0,2.0,1,6,26
DEMO101742,53.57984906249087,-3.0997082572717582,3,6,7,04/11/2025,2,09:55,3,60.0,3,1,3.0,1.0,1,2,5
DEMO101743,51.673832397145205,-0.4810203904516924,3,1,4,16/03/2025,7,13:49,7,30.0,7,1,4.0,1.0,1,4,28
DEMO101744,53.582474606409946,-2.4491393417888028,3,2,4,01/03/2025,6,07:21,7,70.0,7,1,2.0,1.0,1,1,21
DEMO101745,54.58195956288503,-5.8709573961865615,3,2,2,10/02/2025,1,10:39,9,40.0,7,6,6.0,1.0,1,4,13
DEMO101746,54.0509490627467,-5.734327180257073,1,2,2,26/10/2025,7,02:15,3,70.0,9,6,6.0,1.0,1,4,10
DEMO101747,51.82462645410635,-3.0535317415099126,3,2,3,13/02/2025,4,08:14,7,30.0,9,7,2.0,1.0,2,5,38
DEMO101748,56.063472941772254,-3.2986698085391466,3,4,4,01/08/2025,5,03:42,7,20.0,8,1,1.0,,1,4,9
DEMO101749,55.7054818124486,-4.30770646118,3,1,1,31/12/2025,3,05:12,3,40.0,8,1,2.0,2.0,1,6,26
DEMO101750,54.53900367341493,-5.961274575205165,3,2,4,23/08/2025,6,10:21,12,40.0,8,1,3.0,1.0,1,3,41
DEMO101751,51.52851359433044,-2.987240076100605,3,3,3,31/05/2025,6,12:21,3,50.0,8,1,2.0,2.0,1,6,23
DEMO101752,53.46663432366485,-1.277622022232666,3,6,7,17/03/2025,1,22:09,3,40.0,2,4,,1.0,1,2,2
DEMO101753,51.204339515394295,-2.375314957748782,3,1,1,01/01/2025,3,00:49,7,40.0,9,1,1.0,3.0,1,5,36
DEMO101754,53.202732095792264,-1.4118252710289616,2,3,3,26/02/2025,3,21:40,3,60.0,2,5,1.0,1.0,1,5,25
DEMO101755,53.89084781067265,-1.6093819910369171,3,4,5,14/12/2025,7,07:51,9,30.0,8,6,6.0,1.0,1,1,23
DEMO101756,51.350631632857514,-2.710157944818744,3,2,3,22/02/2025,6,17:31,3,30.0,1,1,8.0,1.0,1,4,33
DEMO101757,53.060949598524665,-1.3252456436236917,3,3,3,08/01/2025,3,16:10,3,60.0,7,7,2.0,1.0,2,3,16
DEMO101758,52.81234436872708,-1.3602368851930358,3,2,4,25/10/2025,6,23:16,7,30.0,2,1,1.0,2.0,1,3,2
DEMO101759,52.952584665000394,-1.3586531526122525,2,3,4,02/06/2025,1,02:21,9,40.0,8,7,2.0,1.0,1,3,43
DEMO101760,51.15948143667879,-2.4681565618079646,3,4,4,11/05/2025,7,23:56,7,40.0,9,5,2.0,2.0,1,4,5
DEMO101761,51.74878870582647,-2.4084689862792863,2,2,3,19/09/2025,5,01:14,2,30.0,0,1,2.0,1.0,1,4,12
DEMO101762,51.721265409217665,-0.12741827227982613,3,3,3,10/07/2025,4,21:41,3,30.0,1,1,,1.0,2,1,13
DEMO101763,53.54606281217094,-1.3177472842192985,3,2,2,30/11/2025,7,15:07,9,20.0,9,1,1.0,2.0,2,5,10
DEMO101764,52.97115185790808,-1.2223373559098836,3,1,1,20/06/2025,5,11:57,9,30.0,2,6,3.0,1.0,2,5,18
DEMO101765,54.37486848664946,-5.965827391310609,3,2,3,18/09/2025,4,09:38,7,30.0,8,1,3.0,3.0,1,4,31
DEMO101766,52.80373818723394,-1.0700973998746088,2,2,2,17/11/2025,1,02:25,7,20.0,8,6,4.0,1.0,2,6,17
DEMO101767,53.64655997542184,-3.179851983868342,2,2,2,19/06/2025,4,19:20,3,60.0,8,1,1.0,1.0,1,1,18
DEMO101768,51.364546075578346,0.04457047355510996,2,2,2,14/04/2025,1,17:21,6,60.0,0,7,1.0,2.0,1,6,34
DEMO101769,53.4749313199422,-2.3006105907121275,3,2,2,22/12/2025,1,22:13,3,30.0,8,1,1.0,1.0,1,1,7
DEMO101770,51.40237767871701,-2.630489545507437,2,6,6,24/03/2025,1,17:35,1,40.0,9,5,8.0,1.0,2,6,23
DEMO101771,51.426305177584666,-2.5667392701204705,3,1,1,15/01/2025,3,22:51,1,30.0,2,6,1.0,1.0,2,1,8
DEMO101772,51.43184412523945,-2.388416589051939,3,4,4,31/07/2025,4,21:14,7,30.0,8,1,3.0,1.0,1,3,10
DEMO101773,51.41153502178331,-3.117301230140184,3,3,3,27/12/2025,6,10:44,6,20.0,2,1,2.0,1.0,2,6,24
DEMO101774,55.872032529652536,-3.4924943193319655,2,2,2,01/02/2025,6,16:33,3,50.0,9,4,6.0,1.0,2,3,30
DEMO101775,52.42873428277178,-1.6440192362442372,2,3,3,07/11/2025,5,06:46,9,20.0,1,5,1.0,1.0,1,1,38
DEMO101776,53.76323370786081,-1.4318337297990293,2,2,4,31/10/2025,5,19:46,3,,2,6,2.0,1.0,1,6,23
DEMO101777,52.31620717296175,-1.9961412984026106,2,3,4,06/12/2025,6,14:02,7,60.0,1,1,6.0,1.0,1,3,44
DEMO101778,53.54866039531156,-1.5327682393690358,2,2,2,03/06/2025,2,10:01,9,50.0,9,7,1.0,1.0,1,6,37
DEMO101779,55.797545729824705,-4.108516627935217,3,3,5,03/04/2025,4,15:54,9,60.0,7,7,3.0,1.0,1,1,35
DEMO101780,51.34984474084088,0.24493182630984586,2,5,6,06/07/2025,7,06:09,9,30.0,2,6,1.0,2.0,1,2,14
DEMO101781,51.44261979226287,-2.688573222794266,3,2,2,21/02/2025,5,14:34,9,40.0,1,1,9.0,2.0,1,3,9
DEMO101782,51.315353744163026,0.18831145523700402,3,5,8,04/11/2025,2,11:45,6,30.0,9,1,4.0,1.0,2,2,4
DEMO101783,54.25666207053618,-5.793815805874738,2,2,5,31/08/2025,7,07:30,7,40.0,0,7,1.0,1.0,1,1,30
DEMO101784,56.12603008429137,-4.473494919755311,3,3,5,26/06/2025,4,23:00,9,30.0,7,5,6.0,1.0,1,4,3
DEMO101785,53.36693752609821,-2.388432713377952,2,2,2,08/07/2025,2,01:00,3,30.0,7,5,4.0,1.0,1,4,9
DEMO101786,53.08052315932708,-1.9523343221080935,3,2,3,17/09/2025,3,18:40,7,50.0,8,7,2.0,1.0,1,6,18
DEMO101787,52.619991415773136,-1.5509155401210213,2,2,2,10/07/2025,4,05:53,3,30.0,8,1,1.0,3.0,1,4,7
DEMO101788,53.319837382058395,-3.0033692859730636,3,3,3,03/11/2025,1,05:20,7,30.0,8,6,1.0,2.0,1,4,11
DEMO101789,55.94104803171628,-2.924228677188,3,4,4,04/12/2025,4,03:32,2,60.0,0,5,3.0,1.0,1,5,8
DEMO101790,53.40219343652028,-1.385069695363598,2,3,5,13/12/2025,6,02:56,7,30.0,3,6,2.0,1.0,1,6,10
DEMO101791,51.64723141693605,-3.1951378079636368,3,1,1,15/08/2025,5,02:49,3,30.0,0,6,6.0,1.0,1,1,8
DEMO101792,51.49305630048378,-2.5423917100119566,3,3,3,29/09/2025,1,19:32,3,20.0,3,1,1.0,4.0,1,5,24
DEMO101793,53.53225282993028,-1.8837516832739665,3,4,4,24/04/2025,4,22:39,3,40.0,7,1,3.0,1.0,1,6,3
DEMO101794,53.176637867610744,-3.0566529296136418,2,2,2,14/01/2025,2,14:57,7,60.0,7,7,1.0,2.0,1,1,4
DEMO101795,53.20577716005272,-2.3687679375886197,2,2,2,27/05/2025,2,00:47,9,60.0,9,6,3.0,1.0,1,2,18
DEMO101796,54.491338813869234,-5.689614545825236,3,1,2,15/11/2025,6,20:24,1,50.0,9,1,1.0,2.0,2,4,17
DEMO101797,53.534478750990864,-2.1827869920470797,3,2,3,18/02/2025,2,14:41,3,30.0,2,7,1.0,1.0,1,1,14
DEMO101798,53.24577297954247,-3.048452059908787,2,2,2,19/07/2025,6,12:19,7,60.0,8,1,1.0,1.0,2,4,12
DEMO101799,52.81633246754831,-0.890917708186457,2,2,2,12/03/2025,3,22:55,7,60.0,8,1,3.0,1.0,1,5,41
DEMO101800,51.361459582459844,-0.4905795166068978,2,2,2,06/06/2025,5,09:05,3,60.0,9,7,1.0,1.0,1,6,35
DEMO101801,53.286886703189786,-3.220436191191194,3,2,3,22/02/2025,6,08:13,7,30.0,0,5,5.0,1.0,1,5,38
DEMO101802,53.51464334089618,-2.688232940261462,2,4,5,26/09/2025,5,18:20,9,40.0,7,7,1.0,1.0,2,5,32
DEMO101803,,-1.3950799265887148,3,5,7,23/10/2025,4,12:12,3,20.0,3,7,2.0,2.0,2,3,11
DEMO101804,52.67048492229533,-2.2705090569715467,3,2,2,04/10/2025,6,17:35,6,40.0,2,4,3.0,1.0,1,3,19
DEMO101805,51.397000725830274,-0.07545020604690658,3,4,6,15/09/2025,1,16:42,1,60.0,7,1,1.0,2.0,2,5,23
DEMO101806,51.49842442171327,-0.4318593493575036,3,3,4,27/03/2025,4,20:53,12,50.0,2,6,1.0,1.0,1,6,13
DEMO101807,53.35953073991473,-3.093866685775168,3,1,1,13/07/2025,7,07:30,9,60.0,0,1,1.0,1.0,1,1,24
DEMO101808,52.52433299454942,-1.7805331013515748,3,2,3,08/02/2025,6,01:37,6,30.0,8,4,3.0,1.0,1,1,38
DEMO101809,54.68016753413275,-5.938249117625274,3,4,5,17/05/2025,6,11:35,12,30.0,0,4,8.0,1.0,1,2,18
DEMO101810,53.47270181043469,-2.2591444619817014,3,1,1,04/07/2025,5,15:00,3,70.0,2,1,1.0,1.0,1,5,22
DEMO101811,53.853530687203126,-1.667696936245871,3,2,3,02/09/2025,2,19:42,9,30.0,7,1,4.0,5.0,1,3,19
DEMO101812,56.12694878789185,-3.9748958667380307,3,6,8,05/02/2025,3,06:01,9,20.0,7,4,4.0,1.0,1,2,5
DEMO101813,53.299601266835204,-2.8724028390885104,3,2,2,24/10/2025,5,17:32,9,30.0,8,6,4.0,1.0,1,3,4
DEMO101814,51.713457841042796,-3.372323112754143,2,3,4,17/06/2025,2,19:59,7,60.0,9,1,2.0,2.0,1,6,19
DEMO101815,52.698548199263335,-1.8610405048176133,2,3,4,18/11/2025,2,19:47,3,40.0,3,1,,1.0,1,5,27
DEMO101816,53.238770000849854,-2.316962102934727,3,2,3,12/07/2025,6,19:30,2,20.0,1,1,2.0,1.0,1,3,35
DEMO101817,53.414801257714096,-1.680598411086733,3,3,4,19/07/2025,6,23:19,3,50.0,1,6,6.0,1.0,1,3,23
DEMO101818,52.51987462596761,-1.8557516497247246,2,6,6,10/09/2025,3,15:50,9,50.0,6,1,1.0,2.0,1,1,13
DEMO101819,53.77192029132836,-1.1478070855139175,3,4,4,27/10/2025,1,08:51,3,40.0,3,4,5.0,4.0,1,6,22
DEMO101820,53.34969492036971,-1.7572007168405261,3,2,2,27/02/2025,4,10:22,6,30.0,9,5,9.0,4.0,1,5,28
DEMO101821,55.971543592498044,-3.053330875461185,3,3,3,06/07/2025,7,17:06,1,30.0,6,1,7.0,1.0,1,3,41
DEMO101822,53.80447802835153,-1.343845598413706,3,2,3,11/01/2025,6,05:34,6,30.0,3,4,1.0,1.0,1,1,36
DEMO101823,51.36732233709952,-3.061969894505135,3,2,4,23/06/2025,1,14:38,3,30.0,9,7,6.0,2.0,1,1,38
DEMO101824,56.23267224457187,-2.9692376332009203,3,4,5,24/10/2025,5,13:56,6,30.0,8,1,1.0,1.0,1,4,3
DEMO101825,51.436649891160016,-3.195555311517019,3,3,4,12/11/2025,3,15:53,3,60.0,8,1,4.0,1.0,1,5,17
DEMO101826,52.41048876237351,-1.7724482795008747,3,6,6,14/04/2025,1,10:13,2,70.0,6,1,1.0,5.0,1,3,19
DEMO101827,54.59269586584257,-5.900624917064119,3,1,1,22/05/2025,4,17:15,1,30.0,2,5,3.0,1.0,2,4,23
DEMO101828,53.13113093252566,-1.7780742100749074,3,6,6,21/07/2025,1,01:59,12,40.0,7,7,2.0,1.0,1,5,19
DEMO101829,54.42775834886927,-6.179927780205348,3,2,2,25/05/2025,7,17:19,7,30.0,1,5,1.0,,1,3,17
DEMO101830,50.94259787292748,-2.33474401055174,3,1,3,06/03/2025,4,19:27,7,30.0,7,7,1.0,1.0,2,2,26
DEMO101831,54.66215930448645,-6.040293221738861,3,1,1,22/04/2025,2,21:18,12,40.0,9,5,1.0,4.0,1,5,25
DEMO101832,53.541334943104765,-1.548015955893656,3,3,3,28/05/2025,3,22:23,7,30.0,6,1,2.0,1.0,1,1,9
DEMO101833,51.55351411662069,0.05588012089356992,2,2,2,09/07/2025,3,08:33,7,30.0,0,1,6.0,1.0,1,1,40
DEMO101834,51.48661496147465,-2.6174270767836547,2,3,3,03/12/2025,3,01:17,6,,0,5,4.0,2.0,2,4,9
DEMO101835,52.46515525036432,-1.7198434353372347,3,2,2,18/07/2025,5,15:24,3,50.0,9,5,5.0,2.0,1,5,25
DEMO101836,54.86252682110472,-5.955720775215175,2,1,2,22/05/2025,4,02:21,3,40.0,2,4,5.0,4.0,1,1,24
DEMO101837,53.76749967688145,-1.7962883730906025,3,3,4,30/08/2025,6,06:06,9,20.0,6,4,1.0,1.0,1,1,42
DEMO101838,53.63497767667213,-1.9985739563153995,2,1,4,10/10/2025,5,16:47,3,30.0,8,1,2.0,1.0,1,4,8
DEMO101839,53.090608620909805,-1.355728991024083,1,2,2,07/06/2025,6,14:53,3,30.0,2,1,2.0,1.0,1,2,37
DEMO101840,53.15313163402966,-2.6888401284077665,3,2,2,28/06/2025,6,14:29,9,30.0,8,5,1.0,1.0,2,6,14
DEMO101841,52.59663833378113,-1.752902156005985,3,2,3,21/03/2025,5,18:12,2,30.0,0,5,3.0,6.0,1,4,14
DEMO101842,55.74487459570892,-3.313565010554853,2,3,4,12/11/2025,3,03:38,7,40.0,8,6,4.0,5.0,1,5,24
DEMO101843,51.37277779342293,-3.03642988467799,3,2,2,13/11/2025,4,18:32,7,40.0,0,1,3.0,1.0,2,1,22
DEMO101844,55.82395125773765,-4.363232891748567,3,2,3,05/03/2025,3,14:33,3,40.0,2,6,4.0,4.0,1,4,14
DEMO101845,53.598829475241516,-1.6535641105434404,3,8,8,07/05/2025,3,10:35,3,30.0,2,1,1.0,1.0,1,4,20
DEMO101846,51.31792491545244,-2.537092917491218,3,2,2,10/04/2025,4,11:43,3,50.0,9,1,5.0,2.0,1,1,16
DEMO101847,53.00675394602289,-0.9713704042949552,2,3,5,03/12/2025,3,12:02,9,60.0,7,6,1.0,1.0,1,1,5
DEMO101848,52.666255714668544,-1.0915762576532422,1,4,4,24/01/2025,5,13:05,9,30.0,8,7,6.0,2.0,1,2,43
DEMO101849,52.44491477457189,-2.0671922218096173,2,1,1,17/03/2025,1,08:05,9,30.0,7,7,1.0,2.0,1,1,13
DEMO101850,51.413747415940044,-0.4512308945229766,2,1,2,25/04/2025,5,05:09,2,60.0,8,1,2.0,1.0,1,1,37
DEMO101851,54.02030060001723,-1.591365902031733,2,4,5,24/07/2025,4,04:58,3,40.0,7,1,2.0,2.0,1,1,20
DEMO101852,53.26594041186562,-3.2543707175453527,3,1,1,01/04/2025,2,08:43,7,40.0,3,6,1.0,1.0,1,4,3
DEMO101853,52.197326232511024,-1.914100996785651,3,2,3,15/07/2025,2,06:39,7,50.0,8,6,1.0,2.0,1,2,37
DEMO101854,52.401090915526474,-1.8986167244810386,3,3,3,30/09/2025,2,12:41,1,30.0,2,1,1.0,1.0,2,2,19
DEMO101855,51.36342619725457,-3.0082052271843533,3,4,4,30/10/2025,4,21:02,2,20.0,9,1,2.0,1.0,2,5,41
DEMO101856,51.49124243774819,-2.432874401785056,3,5,7,06/02/2025,4,02:12,2,50.0,9,1,7.0,2.0,2,4,21
DEMO101857,53.61188526817518,-1.2343011053679511,3,4,6,20/02/2025,4,07:47,3,50.0,0,1,1.0,2.0,1,2,18
DEMO101858,52.88756189640213,-1.1623478959233438,3,1,1,04/02/2025,2,01:27,7,30.0,9,1,2.0,3.0,1,4,38
DEMO101859,55.923398295118794,-4.348224758213607,2,3,4,29/11/2025,6,23:30,12,20.0,1,5,6.0,1.0,1,1,3
DEMO101860,55.83982858210364,-4.1463939363460804,3,3,4,27/08/2025,3,16:45,2,70.0,8,1,2.0,1.0,1,2,4
DEMO101861,53.88449151163139,-1.4474834260389968,2,4,4,13/07/2025,7,05:04,6,50.0,8,5,6.0,1.0,2,6,40
DEMO101862,51.299373199776106,-3.0881380392415676,3,2,3,16/10/2025,4,09:47,3,30.0,2,5,2.0,3.0,1,4,8
DEMO101863,51.44411638553759,-2.1295101664989198,3,1,2,02/08/2025,6,17:40,3,30.0,1,1,2.0,5.0,1,6,27
DEMO101864,51.64542751917437,-3.019586778205884,3,2,2,27/03/2025,4,22:24,1,40.0,8,1,1.0,2.0,1,6,7
DEMO101865,51.311212417225654,,2,3,6,06/07/2025,7,13:29,3,20.0,3,7,1.0,1.0,1,2,39
DEMO101866,52.44875021876943,-2.1505789919893794,2,3,3,14/09/2025,7,06:04,3,30.0,6,4,3.0,3.0,1,2,40
DEMO101867,55.93466097425367,-3.4220026157174352,3,2,3,14/01/2025,2,16:12,9,70.0,8,7,5.0,1.0,1,1,5
DEMO101868,51.234103905632,-0.31359890861688466,3,2,4,10/08/2025,7,16:14,7,50.0,2,1,1.0,4.0,2,2,28
DEMO101869,56.07680150220996,-3.1846592760192607,3,1,2,01/07/2025,2,15:52,7,70.0,0,4,7.0,1.0,2,6,36
DEMO101870,51.39847417769413,-0.16210359589670473,3,3,3,26/01/2025,7,01:06,6,30.0,9,7,1.0,1.0,1,3,22
DEMO101871,53.46605770092672,,3,4,6,07/04/2025,1,16:17,3,20.0,8,1,2.0,1.0,1,4,1
DEMO101872,53.4852842779782,-1.073472979193001,2,3,4,13/06/2025,5,00:07,3,70.0,8,1,7.0,2.0,1,3,27
DEMO101873,54.71971505856595,-5.9516133758784235,2,1,3,06/05/2025,2,21:17,1,60.0,2,7,7.0,1.0,2,1,39
DEMO101874,51.23420003986656,-2.471725785148037,3,3,4,16/04/2025,3,21:00,2,40.0,9,1,2.0,1.0,1,2,2
DEMO101875,52.554460649162614,-1.8720039363899952,3,2,3,25/08/2025,1,13:16,3,30.0,2,1,1.0,2.0,2,5,43
DEMO101876,53.651686733928166,-1.9828516387597255,3,3,5,28/05/2025,3,15:43,12,50.0,1,7,1.0,4.0,2,3,4
DEMO101877,51.35716832687618,-3.026159015275403,2,4,5,01/07/2025,2,01:46,12,20.0,2,1,1.0,1.0,1,5,29
DEMO101878,56.000960713023645,-4.263834120396627,3,2,3,19/10/2025,7,20:22,9,70.0,8,4,5.0,,1,5,22
DEMO101879,,-1.6596976482236772,3,6,6,04/02/2025,2,06:42,7,50.0,2,6,1.0,1.0,1,1,24
DEMO101880,51.53725329579643,-2.44140434011065,3,4,4,12/05/2025,1,06:37,7,30.0,2,6,4.0,1.0,1,4,39
DEMO101881,53.950427211520875,-1.3417986144555885,3,2,2,27/01/2025,1,16:54,7,30.0,6,1,1.0,1.0,1,3,27
DEMO101882,53.31603330900313,-2.2319111381871113,3,5,6,05/12/2025,5,22:48,7,20.0,7,1,2.0,1.0,1,1,22
DEMO101883,51.30612308686881,-3.019543250834783,2,3,3,09/03/2025,7,11:13,3,60.0,1,6,1.0,1.0,1,3,34
DEMO101884,53.58505523665511,-1.5246247455159974,2,6,9,27/10/2025,1,12:35,12,30.0,8,6,2.0,1.0,1,1,3
DEMO101885,53.420436031222266,-2.4867034784546345,3,2,3,11/03/2025,2,13:47,9,40.0,3,1,2.0,1.0,1,1,36
DEMO101886,53.11572457008557,-1.580105484661419,1,3,3,29/04/2025,2,06:18,3,30.0,2,1,9.0,1.0,1,2,30
DEMO101887,51.42203609610597,-2.440941991341483,3,4,5,11/08/2025,1,14:34,6,40.0,0,1,7.0,1.0,1,3,12
DEMO101888,51.48509042878046,0.0003973975383976813,2,3,3,31/10/2025,5,23:24,9,50.0,9,1,4.0,1.0,1,1,18
DEMO101889,53.44975790788237,-3.156315670496922,3,4,4,06/03/2025,4,09:18,12,30.0,8,6,1.0,1.0,1,1,11
DEMO101890,53.408881108991054,-1.912331022108152,3,2,2,19/03/2025,3,18:11,3,30.0,0,7,7.0,1.0,1,3,8
DEMO101891,53.79101206471989,-2.4810141380636717,3,3,3,18/11/2025,2,18:02,6,30.0,2,1,7.0,2.0,2,1,18
DEMO101892,51.317845167706295,-3.139537433955262,2,7,8,28/04/2025,1,20:44,3,70.0,0,7,6.0,2.0,2,1,15
DEMO101893,55.51228486200763,-4.351059936247726,3,2,2,18/03/2025,2,17:49,3,30.0,7,6,2.0,1.0,1,1,21
DEMO101894,52.21957134587507,-1.8435883855878694,3,4,5,29/09/2025,1,22:39,3,30.0,8,5,1.0,2.0,2,3,18
DEMO101895,51.34644330088678,-3.479432128641989,3,3,6,03/02/2025,1,17:14,1,40.0,0,7,4.0,2.0,1,4,13
DEMO101896,53.03779061774076,-1.5581261398426551,3,3,4,13/11/2025,4,23:01,3,30.0,9,1,1.0,1.0,1,2,20
DEMO101897,51.44191651886083,-3.325237589173567,2,4,4,16/11/2025,7,17:37,6,60.0,3,7,1.0,1.0,1,5,17
DEMO101898,55.92378424516309,-4.088799050993557,3,2,4,09/11/2025,7,20:11,9,30.0,2,1,1.0,1.0,1,1,11
DEMO101899,51.33082472292231,-2.5429047275194367,3,3,5,18/04/2025,5,21:32,6,70.0,1,1,2.0,1.0,2,1,44
DEMO101900,53.025819459331345,-1.4832286701669164,3,5,6,11/02/2025,2,23:58,3,40.0,1,4,1.0,1.0,1,6,26
DEMO101901,52.666550160856254,-0.9258159054994698,3,2,2,05/06/2025,4,14:00,6,40.0,8,1,,1.0,1,2,27
DEMO101902,55.88959166946159,-4.198741228446593,3,4,4,03/05/2025,6,17:34,9,30.0,6,5,3.0,4.0,2,2,15
DEMO101903,53.58492792554452,-2.061736031097812,3,6,6,17/12/2025,3,23:59,6,30.0,8,1,2.0,1.0,1,4,22
DEMO101904,53.631166466957765,-1.630259740877643,3,4,6,19/08/2025,2,09:20,7,20.0,2,1,1.0,1.0,1,4,40
DEMO101905,53.77973148511684,-2.6728215457959648,2,3,3,11/12/2025,4,02:48,3,60.0,2,4,8.0,6.0,1,3,22
DEMO101906,53.45949462987547,-1.1920979953889796,3,3,3,02/10/2025,4,21:49,1,70.0,3,1,2.0,1.0,1,4,14
DEMO101907,52.608644137744236,-1.9315026110556874,3,4,4,18/09/2025,4,15:29,12,30.0,3,1,2.0,1.0,1,3,20
DEMO101908,51.653953239097945,0.10943119336745147,3,3,6,10/02/2025,1,10:18,3,70.0,0,1,2.0,5.0,1,4,22
DEMO101909,54.437691978843375,-6.022331262388448,3,5,7,26/01/2025,7,17:40,3,40.0,0,7,1.0,1.0,1,3,1
DEMO101910,51.560504271602404,-0.10551005688180835,2,4,4,17/01/2025,5,00:37,2,60.0,9,6,4.0,1.0,1,6,9
DEMO101911,51.323055981261334,,3,3,3,05/08/2025,2,11:28,6,70.0,8,4,1.0,1.0,1,4,6
DEMO101912,51.55619149904049,-0.3264459705501428,3,3,5,15/03/2025,6,06:11,9,70.0,0,5,6.0,1.0,1,2,28
DEMO101913,,-2.8325824334348426,3,6,6,28/12/2025,7,06:44,7,40.0,8,5,1.0,2.0,1,5,32
DEMO101914,53.79688494864274,-1.3395932804515522,3,2,4,18/02/2025,2,23:12,9,40.0,2,1,9.0,1.0,1,2,9
DEMO101915,52.84540847015335,-0.8738577974219299,3,2,3,12/12/2025,5,13:08,3,50.0,8,1,3.0,2.0,2,5,38
DEMO101916,53.69236954216145,-1.4323514212807391,3,4,4,01/09/2025,1,03:04,3,30.0,9,4,1.0,1.0,1,5,1
DEMO101917,53.2650273223628,-2.931314194886953,3,3,3,08/02/2025,6,08:26,12,30.0,0,1,2.0,4.0,1,4,22
DEMO101918,53.51990982769619,-2.762461315889086,3,3,6,22/01/2025,3,05:07,6,60.0,9,7,1.0,1.0,1,6,13
DEMO101919,53.25091001407583,-0.9385432470191803,3,1,1,25/05/2025,7,21:20,9,30.0,1,1,8.0,4.0,1,2,42
DEMO101920,51.86025914026576,-2.515394323904034,3,1,2,04/05/2025,7,06:14,7,30.0,2,4,4.0,1.0,1,3,16
DEMO101921,53.11908273170418,-1.1351029112236464,3,4,4,26/04/2025,6,08:27,3,30.0,7,1,2.0,3.0,1,1,7
DEMO101922,55.948357444801665,-2.958388011118436,3,4,4,12/07/2025,6,08:46,12,40.0,8,5,2.0,2.0,1,4,21
DEMO101923,53.58395406562711,-3.2402746852036324,3,3,4,17/02/2025,1,04:27,3,30.0,1,7,9.0,1.0,1,4,1
DEMO101924,51.51389522763018,-2.660029627753372,3,3,4,17/02/2025,1,18:33,7,70.0,1,1,4.0,1.0,2,3,1
DEMO101925,52.42068542220025,-2.225140987636305,1,1,2,11/09/2025,4,13:08,3,60.0,2,1,2.0,1.0,1,4,25
DEMO101926,51.805944312908,-2.8162739909065886,2,5,5,28/12/2025,7,10:06,7,20.0,2,5,1.0,1.0,1,5,44
DEMO101927,52.65881100639276,-1.83996782409024,3,1,1,10/04/2025,4,09:58,6,30.0,2,1,1.0,1.0,1,2,9
DEMO101928,53.34388360008332,-2.056726844250108,3,6,6,07/12/2025,7,16:37,3,20.0,1,1,4.0,1.0,1,6,25
DEMO101929,54.767639064977196,-5.4920310763888125,3,5,5,06/05/2025,2,02:00,12,30.0,9,5,3.0,5.0,1,4,12
DEMO101930,52.587154741382626,-1.917349733110806,2,3,3,03/05/2025,6,22:33,2,30.0,8,1,6.0,6.0,1,2,33
DEMO101931,53.23700726636951,-3.0884209215715828,3,5,7,02/02/2025,7,13:00,3,30.0,9,1,2.0,1.0,1,3,21
DEMO101932,51.492500181246484,-3.1967886323508767,2,4,7,04/06/2025,3,05:04,1,40.0,1,1,3.0,1.0,1,2,26
DEMO101933,54.584607422805156,-5.8720218720247415,1,2,2,01/07/2025,2,12:22,7,30.0,0,1,2.0,1.0,1,2,9
DEMO101934,52.01647153715468,-1.457839440513568,2,5,5,31/08/2025,7,20:39,6,30.0,7,7,5.0,2.0,1,4,36
DEMO101935,52.230310828546045,-1.8883747176375514,2,2,3,27/02/2025,4,04:37,7,70.0,7,1,2.0,6.0,1,5,5
DEMO101936,51.64884707325997,-2.850508028593296,1,2,4,10/03/2025,1,12:47,7,60.0,7,1,6.0,1.0,1,1,16
DEMO101937,52.82377827983603,-1.0653996207600267,3,4,5,07/06/2025,6,14:10,9,20.0,0,5,1.0,1.0,1,5,2
DEMO101938,54.70204543462911,-5.909776663595974,3,1,3,26/01/2025,7,19:11,12,40.0,8,6,4.0,1.0,2,4,35
DEMO101939,53.70811760630843,-2.251638491417292,3,3,3,22/02/2025,6,13:31,9,30.0,6,1,7.0,1.0,1,4,21
DEMO101940,52.11296442724767,-1.9545748658660362,3,1,2,18/08/2025,1,17:52,3,60.0,2,5,5.0,6.0,1,3,44
DEMO101941,54.090425925488866,-1.052081472161896,3,5,5,15/12/2025,1,18:43,9,60.0,6,5,1.0,2.0,2,6,41
DEMO101942,51.45042529307767,-3.3002079346657145,3,3,4,29/07/2025,2,21:40,2,50.0,0,1,4.0,1.0,1,4,22
DEMO101943,51.57684803104388,-0.4962282796693491,2,1,2,22/02/2025,6,08:05,2,50.0,1,1,1.0,1.0,1,4,32
DEMO101944,51.80315811317932,-2.731826479770342,3,4,4,28/12/2025,7,16:52,6,60.0,9,5,1.0,1.0,1,1,32
DEMO101945,52.659594290075624,-2.0080281525866255,3,2,3,10/07/2025,4,05:59,6,30.0,7,1,5.0,1.0,1,6,27
DEMO101946,52.45407513945597,-2.194208686802157,3,4,5,19/09/2025,5,20:34,6,50.0,0,1,5.0,1.0,2,2,40
DEMO101947,54.50112679298892,-5.975417716166871,3,2,3,13/03/2025,4,22:20,6,30.0,2,4,1.0,1.0,1,4,5
DEMO101948,51.42645971597926,0.25938143683545456,2,2,2,31/07/2025,4,07:39,7,20.0,1,1,8.0,1.0,2,3,12
DEMO101949,53.698934242938584,-1.854056002121176,3,1,4,28/01/2025,2,13:38,12,50.0,9,1,2.0,3.0,1,4,27
DEMO101950,51.70879385317291,-3.511654042674478,3,3,3,17/08/2025,7,19:55,3,30.0,8,1,7.0,2.0,2,2,7
DEMO101951,53.47826133691797,-1.2911452320159973,3,1,1,15/03/2025,6,00:06,3,20.0,7,7,5.0,1.0,1,3,28
DEMO101952,51.54510315584935,-0.17598808185575432,2,2,2,28/11/2025,5,16:30,2,20.0,9,6,7.0,1.0,1,2,35
DEMO101953,53.368934835787584,-3.0831954335413503,2,1,1,20/01/2025,1,19:42,3,70.0,3,1,6.0,6.0,1,1,4
DEMO101954,54.72836697566658,-5.670898337274941,2,3,4,27/08/2025,3,20:20,12,,9,1,8.0,2.0,1,3,18
DEMO101955,51.11526904021814,-2.720959114138311,3,2,2,20/02/2025,4,04:50,1,30.0,3,7,3.0,4.0,1,6,32
DEMO101956,53.290069916128445,-1.533841524971029,3,3,3,08/09/2025,1,18:03,3,30.0,8,5,1.0,1.0,1,5,40
DEMO101957,52.90656970765114,-0.9659414345371872,3,3,4,30/06/2025,1,18:06,3,70.0,9,5,1.0,1.0,1,4,23
DEMO101958,53.20970179880008,-1.4846671298741907,3,3,4,20/12/2025,6,00:47,3,20.0,3,1,4.0,1.0,1,3,17
DEMO101959,53.68717421970462,-2.270011907827577,3,2,2,26/08/2025,2,16:07,6,40.0,1,1,1.0,3.0,1,2,44
DEMO101960,51.68377636474794,-3.646943733708814,3,3,5,16/05/2025,5,15:25,12,,1,1,7.0,2.0,1,4,34
DEMO101961,54.58394704547897,-6.170227193128273,1,5,5,01/02/2025,6,23:16,7,50.0,2,6,1.0,1.0,2,1,7
DEMO101962,52.725149818861716,-1.9381693170520755,2,2,2,06/08/2025,3,01:41,3,60.0,2,7,6.0,5.0,1,5,15
DEMO101963,56.1338274872491,-3.443797235712094,3,4,5,10/06/2025,2,23:00,7,20.0,3,1,2.0,4.0,1,1,6
DEMO101964,56.02167098001554,-2.9589715583182414,3,2,2,20/01/2025,1,13:21,9,20.0,6,5,6.0,1.0,2,6,22
DEMO101965,55.56896033927861,-4.267234439799252,1,2,3,01/08/2025,5,06:59,3,30.0,0,7,8.0,1.0,2,6,30
DEMO101966,51.47725320234568,-2.645530682996964,3,3,3,18/03/2025,2,09:22,9,30.0,9,7,2.0,1.0,1,1,43
DEMO101967,53.40998892439745,-2.7577094185278406,3,5,5,27/03/2025,4,18:35,7,60.0,0,1,4.0,1.0,1,3,27
DEMO101968,51.43682096728946,-3.3190833733187564,2,4,6,04/01/2025,6,23:59,9,30.0,1,1,1.0,,1,6,37
DEMO101969,52.419486042457834,-1.7978412125824101,3,5,6,16/05/2025,5,07:36,2,60.0,0,7,5.0,1.0,1,5,12
DEMO101970,56.08858330920464,-3.1881136342703953,2,4,4,21/03/2025,5,23:45,9,20.0,9,1,5.0,3.0,2,1,26
DEMO101971,54.37321439247462,-5.728621072094587,3,1,1,27/01/2025,1,15:57,9,20.0,3,1,1.0,2.0,1,2,25
DEMO101972,56.079120509469796,-4.146693382580561,3,2,4,08/06/2025,7,04:37,7,50.0,1,1,1.0,3.0,1,2,7
DEMO101973,51.44543209680218,-2.437483484951537,2,5,5,22/03/2025,6,14:49,3,60.0,1,4,2.0,2.0,1,1,44
DEMO101974,52.803220827150746,-1.2803334339919987,3,1,2,18/02/2025,2,19:30,3,20.0,3,1,1.0,1.0,1,4,27
DEMO101975,51.455171560160395,-0.262132238586143,3,1,1,20/06/2025,5,01:48,9,70.0,9,4,5.0,1.0,2,5,8
DEMO101976,54.633128861828624,-5.951683873560178,3,2,3,24/01/2025,5,01:38,7,20.0,7,7,1.0,2.0,2,5,41
DEMO101977,51.71411181916731,-2.438920518457502,3,2,2,28/12/2025,7,00:20,12,60.0,2,1,8.0,1.0,2,5,27
DEMO101978,51.635234215909875,-0.03626825145532166,2,3,5,21/06/2025,6,13:33,6,30.0,2,7,8.0,2.0,1,4,19
DEMO101979,56.16591744834437,-3.0012266256205042,2,1,2,30/12/2025,2,01:20,3,20.0,1,7,7.0,1.0,1,6,5
DEMO101980,53.369728743558866,-1.6717006546256898,3,3,4,18/11/2025,2,22:23,9,60.0,6,6,3.0,1.0,2,6,42
DEMO101981,53.34290248921068,-1.789188065874565,3,2,3,24/12/2025,3,03:17,9,30.0,3,4,1.0,1.0,1,5,35
DEMO101982,51.84164206325736,-0.24245585320841134,3,2,2,18/07/2025,5,01:29,6,40.0,8,7,5.0,2.0,2,5,35
DEMO101983,55.92850455270502,-3.3441674422785903,3,4,4,04/06/2025,3,06:20,9,60.0,1,4,4.0,1.0,1,4,23
DEMO101984,53.28250841577056,-1.696056194231876,3,3,5,20/09/2025,6,18:37,3,30.0,1,1,8.0,1.0,1,3,22
DEMO101985,55.83633017467027,-3.2383145421339625,3,1,1,30/01/2025,4,21:22,3,50.0,7,7,1.0,1.0,1,5,7
DEMO101986,56.00637579019498,-3.494547752293348,3,4,5,03/11/2025,1,06:29,2,40.0,8,1,1.0,2.0,2,6,36
DEMO101987,53.28566536530158,-2.375973558667887,3,2,2,29/04/2025,2,12:08,3,30.0,6,7,9.0,1.0,1,5,14
DEMO101988,53.513759152151415,-2.4743895180875755,3,2,3,03/01/2025,5,18:23,7,20.0,8,1,6.0,1.0,2,1,18
DEMO101989,54.62680447192051,-6.210222853860998,3,3,3,28/03/2025,5,19:21,3,30.0,8,1,1.0,1.0,1,6,36
DEMO101990,53.0612086091639,-1.4532167071043405,3,1,2,30/03/2025,7,03:57,9,30.0,9,6,4.0,1.0,1,6,26
DEMO101991,53.09344311880099,-3.2267267968146847,3,3,3,06/01/2025,1,20:26,3,30.0,3,5,,1.0,1,3,19
DEMO101992,53.44107742814096,-1.4253595223394615,3,3,4,02/09/2025,2,20:01,7,50.0,9,1,2.0,1.0,1,4,21
DEMO101993,53.302297164556876,-1.537903683559825,3,3,3,04/02/2025,2,17:18,6,30.0,8,7,1.0,1.0,1,5,42
DEMO101994,55.92820041345505,-3.1616280415431492,3,1,3,06/11/2025,4,12:43,3,30.0,7,1,1.0,3.0,1,6,37
DEMO101995,51.30631479270831,-0.17697725201254422,3,1,2,15/06/2025,7,09:09,7,60.0,7,1,1.0,2.0,2,2,23
DEMO101996,52.708487450631964,-1.005495677184398,3,2,3,20/09/2025,6,21:09,12,30.0,0,5,1.0,1.0,1,2,21
DEMO101997,54.6751304488275,-5.80976808241654,2,5,5,04/05/2025,7,20:22,12,70.0,7,1,2.0,2.0,1,4,24
DEMO101998,53.74465947068992,-1.421764354905327,3,2,2,18/02/2025,2,12:21,3,40.0,8,1,1.0,1.0,2,6,10
DEMO101999,53.946355785491065,-1.5937178849713745,2,3,3,07/03/2025,5,17:28,6,70.0,9,1,2.0,1.0,1,4,8
DEMO102000,51.23393275843271,-3.187793870755443,3,2,3,24/08/2025,7,09:02,3,60.0,3,1,2.0,2.0,1,5,2
DEMO102001,51.487924985398884,-0.4109295646969112,2,1,1,19/09/2025,5,17:43,6,30.0,9,7,4.0,6.0,2,1,39
DEMO102002,51.75554556537217,-2.7564759715090754,3,4,4,08/04/2025,2,02:12,3,40.0,1,1,4.0,1.0,1,4,23
DEMO102003,53.35487597605846,-2.8151890460321276,3,1,3,11/05/2025,7,21:42,12,30.0,9,6,1.0,1.0,1,4,34
DEMO102004,55.84828325862481,-3.320991434292606,3,2,2,11/12/2025,4,12:33,7,40.0,7,5,1.0,1.0,2,3,28
DEMO102005,52.65037482370393,-1.9517061928894364,3,3,3,07/11/2025,5,14:12,3,30.0,8,1,6.0,1.0,1,4,6
DEMO102006,53.627746455818176,-2.8483874261258992,3,2,3,31/05/2025,6,04:28,12,40.0,7,7,6.0,1.0,1,5,22
DEMO102007,52.37186450790086,-1.834021714809359,2,2,4,29/03/2025,6,12:02,7,30.0,9,1,8.0,1.0,1,3,8
DEMO102008,55.85218238251162,-3.1873354798167246,2,4,4,20/04/2025,7,00:42,2,60.0,0,1,8.0,2.0,2,2,9
DEMO102009,53.53686052357941,-1.5295870245080223,3,2,2,16/07/2025,3,21:18,9,20.0,3,6,3.0,1.0,1,5,24
DEMO102010,53.46240532354258,-2.798073338552666,3,3,3,26/07/2025,6,17:23,7,60.0,9,6,7.0,1.0,1,4,32
DEMO102011,51.512562863443016,-2.747863947860067,2,1,2,09/03/2025,7,10:09,3,70.0,1,1,2.0,3.0,1,5,35
DEMO102012,52.52880147350511,-1.8151615865475632,3,3,4,25/01/2025,6,20:21,3,30.0,7,6,5.0,1.0,1,5,2
DEMO102013,54.58818696250407,-5.998589828107106,2,3,5,30/06/2025,1,19:23,3,30.0,6,7,8.0,1.0,1,4,33
DEMO102014,53.561566724722965,-1.3424189340274157,3,1,3,19/10/2025,7,02:13,3,40.0,8,1,5.0,1.0,1,6,24
DEMO102015,54.05073950194585,-1.4006137887434953,3,4,4,25/02/2025,2,01:58,9,70.0,9,5,2.0,1.0,2,3,4
DEMO102016,51.269139991478895,-2.5627975218664805,3,4,5,30/05/2025,5,06:16,3,60.0,2,1,1.0,1.0,1,2,16
DEMO102017,56.023882030194564,-4.001318839133207,3,5,5,28/02/2025,5,00:10,6,30.0,8,1,1.0,1.0,1,1,31
DEMO102018,55.85629589335991,-4.087136524139002,3,3,3,30/03/2025,7,13:32,12,70.0,7,1,,2.0,1,2,18
DEMO102019,53.176929481521185,-3.062489457623265,2,2,3,12/08/2025,2,12:19,12,30.0,8,1,5.0,1.0,2,5,43
DEMO102020,53.6344243149107,-1.4988809236766865,1,3,6,15/04/2025,2,12:27,9,30.0,1,5,4.0,3.0,1,1,25
DEMO102021,53.30739488792777,-1.4097438071647055,2,2,2,07/04/2025,1,01:43,9,40.0,2,1,1.0,2.0,1,6,27
DEMO102022,53.5715667409201,-1.243637480374028,2,5,7,30/12/2025,2,22:04,12,60.0,7,1,4.0,1.0,1,3,24
DEMO102023,53.19494376180025,-1.8214447745028228,2,2,2,04/03/2025,2,23:30,9,30.0,0,1,1.0,1.0,1,5,25
DEMO102024,51.183277258971934,0.12809769420388809,3,4,4,11/03/2025,2,14:01,6,50.0,8,1,2.0,2.0,2,1,29
DEMO102025,53.36073499221496,-3.365878659426614,2,5,6,06/12/2025,6,00:02,1,20.0,1,4,1.0,1.0,1,2,28
DEMO102026,53.29516551154589,-1.3650340655328512,2,3,3,20/07/2025,7,09:05,3,30.0,9,4,2.0,1.0,1,6,6
DEMO102027,54.79001408054982,-5.826696750081074,3,3,3,16/01/2025,4,17:09,3,70.0,9,1,4.0,1.0,2,3,25
DEMO102028,53.00104515699831,-1.2071819429647759,3,2,3,05/06/2025,4,17:20,3,50.0,7,1,4.0,2.0,1,3,29
DEMO102029,51.58274357409526,-2.4489178034474537,3,1,1,26/07/2025,6,05:56,3,30.0,9,1,4.0,1.0,1,4,10
DEMO102030,52.88398843615632,-1.4434140907047865,3,3,4,03/04/2025,4,19:54,1,50.0,9,4,1.0,1.0,1,5,9
DEMO102031,53.26161440340158,-2.43408074930516,2,1,1,20/07/2025,7,23:06,7,30.0,8,1,4.0,1.0,2,6,25
DEMO102032,52.72238996482531,-2.144777424184949,2,3,4,25/08/2025,1,12:59,3,30.0,7,5,1.0,2.0,2,6,29
DEMO102033,55.758030775785265,-4.410875722003256,3,6,10,02/04/2025,3,09:38,3,40.0,3,5,2.0,1.0,1,6,33
DEMO102034,54.71383260406298,-5.6827277267918,1,3,4,24/10/2025,5,12:33,7,70.0,8,1,3.0,2.0,1,4,4
DEMO102035,51.41535381622429,-2.8852670122153095,3,1,2,15/06/2025,7,00:47,3,30.0,8,1,4.0,1.0,1,2,26
DEMO102036,53.49946717155798,-1.4930825485216392,2,4,4,18/12/2025,4,12:29,6,20.0,6,1,7.0,1.0,1,2,14
DEMO102037,51.561766165580885,-0.08453737570454539,3,2,2,02/02/2025,7,00:15,3,50.0,6,1,1.0,1.0,1,2,21
DEMO102038,54.62036610788082,-5.47280271032017,2,3,4,29/04/2025,2,00:31,7,30.0,2,1,6.0,1.0,1,1,33
DEMO102039,53.48278979424692,-3.0919789613814475,3,4,4,21/09/2025,7,13:43,9,30.0,8,7,1.0,1.0,1,6,31
DEMO102040,53.75740723657769,-1.711329853383383,3,2,2,23/11/2025,7,12:40,2,40.0,9,1,2.0,3.0,1,6,16
DEMO102041,51.17472615879635,-2.9608870723541303,3,7,9,22/03/2025,6,23:10,9,70.0,0,1,5.0,1.0,1,5,38
DEMO102042,55.91620195620524,-4.378370661434533,3,5,6,24/12/2025,3,12:56,9,30.0,1,6,4.0,4.0,2,4,33
DEMO102043,56.07038199129045,-4.48442486516426,1,3,3,12/03/2025,3,23:17,12,30.0,9,7,6.0,1.0,1,5,1
DEMO102044,53.79281817468296,-1.3412874450529728,2,2,2,01/06/2025,7,19:49,9,40.0,1,1,5.0,1.0,2,4,4
DEMO102045,54.54085867691526,-5.605014146913357,3,3,5,25/04/2025,5,08:18,7,30.0,8,4,1.0,1.0,1,1,39
DEMO102046,53.45540066498976,-3.110315088784689,2,2,4,04/06/2025,3,22:03,2,30.0,6,1,9.0,2.0,1,4,20
DEMO102047,53.131062655167156,-1.1664967014919068,3,1,2,26/11/2025,3,11:59,2,40.0,6,6,8.0,1.0,1,5,24
DEMO102048,55.90271020425933,-2.975803232915588,3,1,1,25/09/2025,4,14:35,3,40.0,1,4,2.0,1.0,2,4,30
DEMO102049,53.11207650025906,-1.6524099975000661,2,3,3,18/10/2025,6,02:12,3,40.0,1,1,1.0,1.0,2,6,18
DEMO102050,53.509230305797914,-2.018043282259434,3,3,4,03/04/2025,4,05:00,12,30.0,7,1,1.0,1.0,1,2,21
DEMO102051,53.86642501475244,-1.2017286526292081,2,2,4,12/12/2025,5,12:07,3,30.0,3,1,6.0,1.0,1,4,32
DEMO102052,51.485840461872066,-2.884237670506022,3,3,4,08/06/2025,7,06:10,6,30.0,8,5,8.0,2.0,1,2,11
DEMO102053,54.508270931644425,-6.252073300678836,3,2,3,26/08/2025,2,14:55,12,,9,1,6.0,1.0,1,5,44
DEMO102054,55.92440146632218,-4.63905916297559,3,3,5,12/09/2025,5,01:10,1,40.0,8,1,1.0,2.0,1,6,22
DEMO102055,51.412951232955955,-2.7124224237485035,3,1,1,30/08/2025,6,06:09,1,,3,1,1.0,1.0,2,1,13
DEMO102056,55.78551527715829,-4.553894649294969,3,4,6,08/08/2025,5,15:50,3,40.0,6,6,2.0,3.0,1,2,9
DEMO102057,55.81276402448573,-3.9915245846111893,3,1,2,25/06/2025,3,14:52,3,30.0,1,1,1.0,5.0,2,5,36
DEMO102058,51.48564629527121,-2.819111016839031,3,1,1,25/08/2025,1,23:12,6,60.0,8,7,1.0,1.0,1,2,40
DEMO102059,51.50504556848927,-2.685371502899565,3,1,1,27/11/2025,4,21:39,3,50.0,3,1,1.0,6.0,1,1,40
DEMO102060,51.38913716673628,-3.092804964778361,3,2,2,23/05/2025,5,19:32,7,30.0,9,1,1.0,2.0,1,5,39
DEMO102061,52.990628493344836,-1.3561809373113267,3,3,3,06/07/2025,7,00:34,2,20.0,8,1,1.0,1.0,1,4,10
DEMO102062,52.55493149547847,-1.8886566713295856,3,1,2,07/03/2025,5,14:18,7,20.0,1,1,4.0,1.0,1,2,5
DEMO102063,55.964534377286526,-4.0969645210294265,2,3,4,10/05/2025,6,05:45,3,20.0,3,1,1.0,1.0,1,2,39
DEMO102064,53.46783668801196,-0.726861989542624,3,3,3,09/10/2025,4,06:52,6,40.0,8,1,2.0,1.0,1,4,41
DEMO102065,53.18928325516761,-1.0674130296199624,2,3,4,22/08/2025,5,05:43,1,30.0,9,1,3.0,1.0,1,6,41
DEMO102066,55.987713396657014,-4.631393020734315,2,1,2,19/03/2025,3,10:54,9,50.0,2,1,8.0,1.0,1,3,39
DEMO102067,51.84235108520908,-3.0135623028545573,1,3,3,19/07/2025,6,02:06,7,40.0,8,6,4.0,1.0,1,4,27
DEMO102068,53.98647529823178,-1.4755671931886127,3,2,2,24/10/2025,5,12:39,3,20.0,1,1,3.0,1.0,2,6,29
DEMO102069,53.588348866373906,-2.8717339440429064,3,1,1,15/02/2025,6,03:59,7,20.0,9,6,4.0,1.0,1,6,9
DEMO102070,53.26006498279239,-2.266351919605324,2,4,4,23/01/2025,4,12:32,3,20.0,7,6,4.0,1.0,2,1,41
DEMO102071,53.51723586190623,-1.2593153166870903,2,2,3,24/05/2025,6,15:56,9,40.0,8,5,4.0,6.0,2,5,5
DEMO102072,51.607691009246366,-2.648292218010742,3,2,3,28/08/2025,4,04:20,12,40.0,3,1,2.0,1.0,1,2,37
DEMO102073,51.44654190923073,-2.5146120884525986,3,4,6,25/04/2025,5,02:53,2,30.0,9,4,2.0,1.0,1,3,27
DEMO102074,55.49560765498795,-4.203094556231133,3,7,8,27/10/2025,1,19:56,6,20.0,8,6,2.0,1.0,1,5,17
DEMO102075,,-2.562727996297362,3,4,4,06/11/2025,4,17:37,3,70.0,1,1,1.0,6.0,1,6,9
DEMO102076,53.35808120589601,-3.070220077342002,3,3,5,14/07/2025,1,06:42,9,30.0,7,1,1.0,1.0,2,4,43
DEMO102077,53.31156694365647,-2.7236587891131245,3,1,1,19/05/2025,1,21:31,1,30.0,2,1,1.0,1.0,2,2,9
DEMO102078,53.53234678017151,-1.218657660339719,3,3,4,16/01/2025,4,05:19,6,30.0,8,1,2.0,1.0,1,1,6
DEMO102079,52.555884070923724,-1.4265184029460751,3,3,4,27/10/2025,1,22:32,9,20.0,8,1,2.0,1.0,1,6,22
DEMO102080,55.749272986591095,-3.1570228437169967,2,3,3,23/11/2025,7,02:57,3,50.0,6,1,2.0,,1,4,32
DEMO102081,52.18635731484545,-1.8355934615937535,3,3,3,11/06/2025,3,15:00,9,50.0,2,5,1.0,1.0,1,1,17
DEMO102082,54.17220040502893,-1.479573826778831,2,3,3,08/07/2025,2,00:12,2,30.0,9,1,1.0,2.0,1,3,31
DEMO102083,55.955039848104825,-4.441046391106036,1,3,4,03/10/2025,5,04:29,12,30.0,9,1,1.0,1.0,2,4,12
DEMO102084,52.409542597344995,-1.6775664210364425,2,3,4,11/09/2025,4,09:20,9,40.0,6,7,4.0,6.0,1,3,13
DEMO102085,53.12683945821543,-1.5334330951761368,3,2,2,19/02/2025,3,02:37,3,30.0,8,1,1.0,1.0,2,6,32
DEMO102086,55.70478356783982,-4.10905462280285,2,3,3,03/09/2025,3,10:21,2,70.0,2,1,1.0,5.0,1,5,7
DEMO102087,53.26904540652617,-1.746032222290523,2,4,5,04/12/2025,4,05:39,6,40.0,2,1,1.0,1.0,1,4,20
DEMO102088,53.70294569320061,-1.4122310740990942,1,3,4,02/10/2025,4,02:06,7,60.0,9,1,2.0,1.0,1,4,3
DEMO102089,51.44932171785295,0.18155363586865378,3,4,4,25/06/2025,3,23:19,2,30.0,8,4,1.0,1.0,1,5,24
DEMO102090,51.26901901254112,-3.3332595392479045,3,1,2,10/07/2025,4,23:41,12,40.0,0,1,2.0,2.0,1,2,22
DEMO102091,53.643573211898655,-1.6507854766288939,3,1,1,05/04/2025,6,23:28,9,30.0,3,6,2.0,2.0,1,4,7
DEMO102092,55.64530790793416,-3.296656315384976,1,2,2,30/08/2025,6,03:42,12,70.0,3,7,8.0,1.0,1,6,10
DEMO102093,53.12441438779703,-2.3507452673326608,3,2,2,30/03/2025,7,09:38,3,40.0,2,1,3.0,1.0,1,3,39
DEMO102094,52.20979953145923,-1.5627075607153245,2,3,4,05/05/2025,1,07:19,3,50.0,9,6,1.0,1.0,1,2,18
DEMO102095,55.843539232100696,-3.1524305868242988,3,3,7,07/04/2025,1,07:25,3,20.0,1,4,1.0,1.0,1,5,3
DEMO102096,54.541865890481034,-6.152364769741614,3,1,1,03/05/2025,6,09:57,3,40.0,2,6,5.0,2.0,1,5,17
DEMO102097,51.565357013600334,-3.365851800870682,3,2,3,14/05/2025,3,12:57,2,40.0,8,1,1.0,1.0,1,3,36
DEMO102098,56.028042173409986,-3.6699395489096807,3,1,4,31/01/2025,5,11:02,2,30.0,1,4,7.0,1.0,1,5,17
DEMO102099,53.593079662942365,-2.416844237215057,2,2,5,19/09/2025,5,07:42,7,50.0,3,1,2.0,1.0,2,5,7
DEMO102100,51.4267061594202,-3.470198894054942,3,2,2,10/06/2025,2,23:29,3,30.0,7,1,1.0,1.0,1,3,34
DEMO102101,55.98216711867402,-4.532080251004556,2,3,6,13/12/2025,6,23:00,2,40.0,2,7,1.0,5.0,2,1,30
DEMO102102,53.09500405875136,-2.333775003943406,2,5,5,08/03/2025,6,07:38,6,30.0,3,1,7.0,1.0,1,5,34
DEMO102103,52.59487669288095,-2.140444106254023,2,2,2,02/09/2025,2,05:01,7,50.0,7,1,9.0,4.0,1,2,2
DEMO102104,51.474435410043974,-3.2082072112989763,2,5,6,07/03/2025,5,12:19,9,30.0,9,1,6.0,2.0,1,4,37
DEMO102105,53.9739054323951,-1.4536549432028898,3,2,2,19/07/2025,6,08:41,7,40.0,9,7,1.0,1.0,1,6,1
DEMO102106,,-3.108476142944445,3,2,2,29/06/2025,7,23:48,3,60.0,1,1,5.0,1.0,1,3,3
DEMO102107,52.65037600382985,-1.8310721963437637,2,5,7,13/06/2025,5,10:24,7,30.0,7,1,1.0,2.0,1,3,9
DEMO102108,53.508075592273926,-2.1503173484661295,2,1,1,27/08/2025,3,00:48,7,60.0,8,4,1.0,2.0,1,2,9
DEMO102109,54.00225239865349,-1.6625836763535071,2,2,3,30/10/2025,4,03:50,3,60.0,2,1,4.0,1.0,1,4,27
DEMO102110,53.64904678535451,-1.242174255424835,3,2,5,26/04/2025,6,01:26,2,30.0,2,1,8.0,3.0,1,5,40
DEMO102111,55.938979143337555,-3.7391853962206776,3,3,3,07/11/2025,5,09:10,12,20.0,7,5,2.0,1.0,1,1,2
DEMO102112,51.46608678030687,-2.984991708563538,2,4,5,09/03/2025,7,07:39,2,60.0,3,7,2.0,1.0,1,4,24
DEMO102113,51.66427229764201,-3.1649919703467337,3,2,4,17/04/2025,4,20:00,3,70.0,9,6,1.0,1.0,1,1,13
DEMO102114,55.89141551107176,-4.451644726269352,2,3,5,24/04/2025,4,21:53,3,30.0,1,1,2.0,2.0,1,2,9
DEMO102115,53.76345960835585,-1.9425450107058349,3,2,2,14/12/2025,7,03:23,9,70.0,0,1,1.0,1.0,1,3,42
DEMO102116,54.46769168882274,-5.967126049471673,3,1,2,13/02/2025,4,22:45,6,30.0,9,6,6.0,1.0,1,4,44
DEMO102117,52.768514971012046,-1.2176769487933603,3,5,5,25/05/2025,7,14:44,12,30.0,9,1,1.0,1.0,1,2,26
DEMO102118,52.83715846554882,-0.8823747914424169,2,2,3,04/06/2025,3,07:28,9,60.0,3,5,4.0,1.0,2,3,15
DEMO102119,55.97819939866492,-4.991648621486281,3,2,3,20/10/2025,1,09:58,9,30.0,8,1,1.0,1.0,1,3,17
DEMO102120,56.074759225366826,-3.205216835985782,3,4,5,27/06/2025,5,10:47,3,60.0,8,7,2.0,2.0,1,5,13
DEMO102121,54.36562132057372,-6.284009537827769,3,4,5,19/12/2025,5,04:53,3,30.0,2,1,1.0,1.0,1,3,3
DEMO102122,52.80215135072493,-1.0253852166955983,2,2,3,28/09/2025,7,20:05,9,,8,7,2.0,5.0,1,4,4
DEMO102123,53.43301367724646,-1.0818174609930604,3,3,4,14/09/2025,7,00:29,12,70.0,8,1,2.0,,1,4,3
DEMO102124,56.08836949336508,-4.133308016102115,2,2,2,02/10/2025,4,01:57,9,30.0,2,5,3.0,2.0,1,1,23
DEMO102125,53.67438322967865,-1.0762617449667828,2,3,3,28/02/2025,5,06:48,12,50.0,9,1,8.0,4.0,1,5,25
DEMO102126,53.54402387640414,-1.4989936741334564,2,1,2,13/06/2025,5,03:27,7,70.0,9,4,1.0,1.0,2,3,20
DEMO102127,53.5616695192396,-1.123669746432987,3,2,2,02/08/2025,6,01:04,6,60.0,6,1,3.0,1.0,1,3,44
DEMO102128,51.19272082356881,-0.5094465791572804,2,1,1,18/03/2025,2,09:16,6,70.0,0,1,7.0,1.0,2,5,20
DEMO102129,53.89799013132873,-1.4986392683604668,2,4,4,13/02/2025,4,09:34,6,70.0,9,1,1.0,1.0,2,4,6
DEMO102130,55.473856310589255,-4.569589015010334,3,3,3,19/02/2025,3,03:38,3,30.0,6,1,6.0,1.0,1,5,9
DEMO102131,54.575631384608265,-5.838122991660803,3,3,4,16/10/2025,4,19:55,3,40.0,1,7,8.0,2.0,1,1,11
DEMO102132,52.891219407755365,-1.2348514332592522,3,1,2,28/08/2025,4,21:05,2,30.0,8,6,6.0,2.0,1,3,13
DEMO102133,51.313657220745654,-2.6353461470077177,3,2,2,13/04/2025,7,17:23,2,50.0,8,5,2.0,1.0,1,2,43
DEMO102134,53.667512982632886,-3.0428713799761815,3,3,3,27/09/2025,6,12:16,3,50.0,1,1,4.0,2.0,2,1,3
DEMO102135,55.84919993696168,-3.9999677367269797,3,6,8,11/09/2025,4,22:57,7,30.0,2,1,2.0,1.0,1,5,43
DEMO102136,52.92451863342111,-1.1117610502601585,2,2,2,26/10/2025,7,08:09,7,60.0,9,1,3.0,1.0,1,3,21
DEMO102137,51.46117304422383,-0.08268138373150688,3,4,4,29/11/2025,6,10:13,7,30.0,9,1,8.0,1.0,1,5,24
DEMO102138,52.81655991694615,-1.1541162306680441,1,2,3,19/11/2025,3,00:17,9,50.0,3,4,1.0,1.0,2,6,36
DEMO102139,51.78347747830706,-2.4155563037117416,2,3,6,08/03/2025,6,16:06,3,30.0,1,6,5.0,1.0,1,2,25
DEMO102140,55.79636317138462,-4.30447473655727,2,2,3,08/10/2025,3,02:38,3,30.0,2,1,2.0,1.0,1,5,29
DEMO102141,51.81545869987895,-3.4443000286336405,3,2,2,24/05/2025,6,15:31,6,50.0,6,1,1.0,1.0,2,6,28
DEMO102142,54.448697867729145,-5.699535304974586,3,5,6,28/05/2025,3,18:33,1,40.0,2,1,3.0,1.0,1,5,10
DEMO102143,53.38437839693526,-1.5757768844551074,3,4,5,25/08/2025,1,05:54,7,60.0,7,1,5.0,2.0,1,6,6
DEMO102144,51.36842475523251,-2.520818013252408,2,6,9,08/08/2025,5,14:25,9,60.0,0,1,2.0,1.0,1,1,22
DEMO102145,53.26377130756832,-2.808446859032398,2,4,6,03/06/2025,2,07:18,3,60.0,8,1,6.0,2.0,1,5,15
DEMO102146,53.446780836883654,-2.499336736164237,3,2,2,31/12/2025,3,09:22,9,60.0,8,1,1.0,1.0,1,6,2
DEMO102147,54.89695221772109,-6.126182124621723,2,2,3,05/03/2025,3,12:48,3,70.0,8,1,7.0,1.0,1,2,1
DEMO102148,51.713370568216504,-3.522522615636376,3,3,5,05/02/2025,3,05:31,6,30.0,2,5,3.0,1.0,1,4,29
DEMO102149,51.486011337628554,-3.262764641552425,3,4,4,11/01/2025,6,19:10,9,50.0,7,7,5.0,4.0,1,2,13
DEMO102150,53.55479300148584,-1.2951940048702264,2,2,4,25/10/2025,6,09:41,9,20.0,2,1,1.0,1.0,2,3,28
DEMO102151,53.858754492484415,-1.555041705165543,3,6,6,29/05/2025,4,11:44,7,40.0,3,1,2.0,1.0,1,4,21
DEMO102152,51.386383399176225,-2.8399161703781357,2,2,3,09/06/2025,1,19:14,7,60.0,8,1,7.0,3.0,1,4,1
DEMO102153,52.78108354815934,-1.0798608701757477,2,4,5,25/08/2025,1,05:33,2,50.0,8,6,1.0,2.0,1,2,2
DEMO102154,55.979160360334276,-4.388520528981056,2,3,4,08/06/2025,7,10:33,7,40.0,8,1,2.0,2.0,2,2,23
DEMO102155,53.17787405350065,-3.155161445678221,3,2,2,29/07/2025,2,23:10,7,50.0,2,4,5.0,2.0,1,4,15
DEMO102156,53.42709588706987,-2.6118553227870325,3,2,4,22/01/2025,3,09:00,2,30.0,8,4,4.0,1.0,2,5,25
DEMO102157,53.461477663014676,-1.2826183790377688,3,1,3,27/02/2025,4,02:43,2,70.0,2,7,6.0,2.0,2,3,12
DEMO102158,56.07190947554826,-3.231589626756354,3,1,3,07/12/2025,7,06:36,12,30.0,7,1,4.0,1.0,2,2,34
DEMO102159,51.2236274177105,-2.555407046696012,3,2,2,14/06/2025,6,22:42,3,30.0,2,1,8.0,3.0,1,3,39
DEMO102160,56.25424202733168,-3.295014169669961,3,2,4,03/03/2025,1,18:22,9,30.0,8,1,2.0,1.0,1,5,38
DEMO102161,53.52879626310333,-2.848605319624826,3,1,2,15/05/2025,4,19:30,3,70.0,9,1,3.0,1.0,1,5,4
DEMO102162,51.44966156825016,-2.567019411869527,3,4,4,03/05/2025,6,06:58,3,30.0,2,1,6.0,1.0,1,1,7
DEMO102163,51.2380817940278,-3.4778211514653377,2,4,4,11/04/2025,5,20:13,7,40.0,9,7,4.0,2.0,1,4,14
DEMO102164,54.44402585142851,-6.016852415448105,2,1,4,18/04/2025,5,09:39,7,30.0,8,5,1.0,1.0,1,4,5
DEMO102165,54.52783992302634,-6.232563401033192,2,3,3,24/09/2025,3,19:07,6,20.0,7,7,1.0,2.0,1,2,39
DEMO102166,53.79046349642017,-1.5937641979596477,1,2,3,08/02/2025,6,21:03,3,20.0,6,7,2.0,1.0,1,6,9
DEMO102167,51.53815546379586,-3.418136865335814,3,4,6,24/04/2025,4,04:57,6,20.0,2,1,4.0,1.0,1,2,23
DEMO102168,54.528339037360816,-5.913701248577038,3,3,3,20/06/2025,5,22:07,7,,1,6,2.0,1.0,1,3,6
DEMO102169,54.852552595504164,-5.763417179186194,2,3,4,17/07/2025,4,15:39,3,30.0,0,5,5.0,1.0,1,4,12
DEMO102170,51.4338141099741,-0.052702559802295684,3,4,4,18/11/2025,2,17:30,6,30.0,8,1,,2.0,1,6,13
DEMO102171,55.89360896367024,-4.605345362746777,2,5,5,03/12/2025,3,18:48,3,30.0,2,5,1.0,5.0,2,1,31
DEMO102172,54.796522037178384,-6.329681627572985,2,3,4,19/04/2025,6,04:32,3,,6,7,3.0,1.0,2,1,7
DEMO102173,55.84901603300863,-3.496053192429095,3,4,4,16/07/2025,3,17:41,3,60.0,9,6,2.0,1.0,1,6,21
DEMO102174,53.22931665000613,-1.9964574244568563,3,2,5,09/01/2025,4,05:53,3,20.0,8,5,1.0,1.0,1,6,30
DEMO102175,55.87324893907994,,3,3,3,14/08/2025,4,06:49,9,40.0,1,1,2.0,3.0,2,3,1
DEMO102176,52.64502687088255,-2.051754836746651,3,3,4,25/02/2025,2,02:43,12,30.0,8,6,2.0,1.0,1,6,17
DEMO102177,53.41530269348172,-3.2372682735260083,2,3,5,27/01/2025,1,04:09,1,70.0,1,1,5.0,2.0,2,6,24
DEMO102178,53.49740300222746,-1.1372665034085858,2,3,4,03/09/2025,3,23:10,3,70.0,8,5,2.0,1.0,1,2,15
DEMO102179,53.16672487915589,-3.092050634951896,2,4,4,07/03/2025,5,07:29,12,30.0,0,5,1.0,2.0,1,6,3
DEMO102180,55.568317199949206,-4.270771205041765,3,3,3,24/06/2025,2,09:39,3,30.0,1,1,2.0,1.0,1,4,34
DEMO102181,53.5799024846174,-2.2035542528110157,2,4,6,06/02/2025,4,11:40,3,30.0,9,1,6.0,2.0,1,5,6
DEMO102182,53.43880928765575,-1.6343299613825593,3,4,5,30/09/2025,2,17:47,7,20.0,2,5,2.0,3.0,1,2,30
DEMO102183,53.21112384511924,-1.6562062317559019,2,2,3,07/10/2025,2,13:06,3,30.0,1,1,1.0,3.0,1,6,32
DEMO102184,53.16960373712524,-1.4887358233051764,3,1,2,29/07/2025,2,12:10,6,30.0,1,1,7.0,,1,4,7
DEMO102185,53.76594705651235,-1.647758489235106,2,3,4,02/11/2025,7,20:08,9,30.0,2,1,1.0,2.0,1,2,32
DEMO102186,53.787527575356634,-1.9764706452273835,3,4,4,09/06/2025,1,11:32,7,30.0,8,4,1.0,1.0,1,1,8
DEMO102187,53.576161442893856,-1.7647518457322198,3,6,7,10/03/2025,1,18:38,7,30.0,1,1,2.0,1.0,1,5,18
DEMO102188,53.390774666717775,-3.024814067759124,3,1,2,25/02/2025,2,21:06,3,30.0,0,1,4.0,2.0,2,6,4
DEMO102189,53.114919608916644,-1.6031383795375378,2,3,4,22/03/2025,6,16:52,3,30.0,9,7,6.0,,1,3,11
DEMO102190,51.334807114759215,-2.468676578005774,2,1,3,15/03/2025,6,00:18,9,60.0,2,1,1.0,,2,1,30
DEMO102191,51.212872545642085,-2.7748098888119848,2,2,3,28/04/2025,1,06:39,12,30.0,0,7,5.0,2.0,1,5,2
DEMO102192,53.77621411678359,-1.1140979147402932,2,2,4,20/03/2025,4,14:45,9,30.0,0,1,4.0,1.0,1,1,28
DEMO102193,53.360664253880266,-2.2300570870944934,2,5,5,04/08/2025,1,11:02,2,70.0,9,1,7.0,1.0,1,6,33
DEMO102194,53.61913394362265,-1.4521931488024753,2,2,2,24/02/2025,1,06:51,9,30.0,6,6,7.0,1.0,1,5,26
DEMO102195,56.00328254162571,-3.311733673169169,3,3,4,15/08/2025,5,08:58,1,30.0,7,1,5.0,2.0,1,2,31
DEMO102196,53.559674070303856,,2,3,3,02/05/2025,5,01:57,7,40.0,7,7,1.0,1.0,1,4,15
DEMO102197,51.64070509128418,-3.6326587230207004,3,2,2,08/09/2025,1,05:08,7,30.0,6,1,1.0,1.0,1,3,34
DEMO102198,52.91430954807195,-1.1580072549748353,2,3,4,07/07/2025,1,18:23,3,40.0,8,6,8.0,1.0,2,2,24
DEMO102199,53.611960750045064,-1.7702477323437158,3,4,5,27/11/2025,4,00:13,6,60.0,9,1,3.0,,2,4,5
DEMO102200,51.21672063620819,-2.3727344364563816,3,4,5,10/06/2025,2,20:27,9,40.0,7,6,2.0,1.0,1,5,25
DEMO102201,51.610624850223395,-0.5193581712233584,3,2,3,18/04/2025,5,08:58,9,60.0,8,1,7.0,1.0,1,2,3
DEMO102202,51.87142993008197,-0.058161454397619966,3,2,3,04/08/2025,1,19:45,3,30.0,0,5,6.0,3.0,1,5,33
DEMO102203,51.554683468961144,-2.480916047126417,3,2,2,29/08/2025,5,06:46,2,,6,1,4.0,3.0,2,5,9
DEMO102204,53.296756306105635,-2.6271603940502666,3,1,2,10/06/2025,2,19:25,7,30.0,7,6,6.0,1.0,1,2,22
DEMO102205,56.1553805548581,-3.377521274998428,2,1,4,24/07/2025,4,13:56,3,30.0,1,1,1.0,2.0,1,2,36
DEMO102206,52.35822576585975,-1.3419193307828277,3,2,3,21/06/2025,6,20:55,3,50.0,1,1,4.0,5.0,1,2,14
DEMO102207,51.563706113128426,-3.152081691696008,3,2,2,22/04/2025,2,01:48,3,50.0,1,5,8.0,1.0,1,3,7
DEMO102208,53.88037100034647,-2.441526368421507,3,1,2,25/04/2025,5,19:48,3,30.0,2,1,1.0,1.0,1,4,1
DEMO102209,52.37729364003805,-2.281905332758053,2,2,3,28/11/2025,5,06:39,6,70.0,8,6,1.0,1.0,2,6,27
DEMO102210,55.95164999144124,-4.28033523098186,3,2,2,04/09/2025,4,08:05,12,30.0,0,5,5.0,3.0,1,2,41
DEMO102211,,-3.1387264918965374,3,3,4,04/02/2025,2,01:17,9,70.0,7,1,2.0,2.0,1,4,29
DEMO102212,53.553605429234544,-1.7442442225174775,3,3,5,18/12/2025,4,22:46,6,20.0,0,6,1.0,1.0,1,5,7
DEMO102213,52.61001377549139,-1.7406268554640631,2,2,2,17/09/2025,3,15:19,2,50.0,7,1,1.0,3.0,1,4,35
DEMO102214,52.127998666669725,-1.7640945948366593,3,2,3,19/01/2025,7,23:10,7,40.0,2,4,1.0,2.0,1,4,41
DEMO102215,51.276601801033465,-2.5858348860156166,2,2,2,23/09/2025,2,13:56,6,40.0,1,1,1.0,1.0,2,4,1
DEMO102216,53.559866718599295,-3.1976943777324656,2,2,2,04/08/2025,1,03:29,9,60.0,3,1,6.0,6.0,1,1,33
DEMO102217,54.53695913273412,-5.925469966052178,3,1,2,01/12/2025,1,08:51,6,40.0,2,6,4.0,2.0,2,4,28
DEMO102218,53.70723173137637,-1.1070481480521008,2,1,1,28/06/2025,6,10:17,7,40.0,3,7,4.0,2.0,2,5,38
DEMO102219,53.68800718426947,-2.4645901402365453,2,4,4,09/07/2025,3,03:21,3,60.0,7,7,1.0,4.0,1,4,41
DEMO102220,54.71180247493884,-6.351900867497108,3,2,3,25/04/2025,5,22:20,9,30.0,9,5,2.0,1.0,1,1,23
DEMO102221,52.333667830879065,-1.9796493016938206,3,4,6,28/04/2025,1,22:22,9,40.0,7,1,1.0,2.0,2,2,21
DEMO102222,51.63989599791048,-0.32222680194379594,2,3,3,14/08/2025,4,13:26,3,50.0,6,1,6.0,1.0,1,5,13
DEMO102223,53.230636400946004,-3.436478402530814,3,2,4,30/10/2025,4,14:17,12,30.0,7,1,8.0,3.0,1,2,33
DEMO102224,51.16347581411935,-2.4901308733753185,2,2,2,22/11/2025,6,16:48,3,30.0,6,5,2.0,3.0,1,3,13
DEMO102225,53.433040155415455,-1.7867019121975662,3,2,2,09/10/2025,4,16:19,1,30.0,7,1,8.0,2.0,1,6,18
DEMO102226,51.25309020758345,-3.5205932862216356,2,7,7,11/08/2025,1,01:26,9,30.0,7,7,1.0,2.0,1,1,43
DEMO102227,54.365701783793845,-5.733271737599755,3,4,5,02/07/2025,3,12:51,7,50.0,6,1,1.0,2.0,1,2,6
DEMO102228,53.611245182318825,-1.212838413132468,3,3,4,04/05/2025,7,18:26,2,40.0,8,1,5.0,1.0,1,6,1
DEMO102229,54.6206412159319,-5.309201849120896,3,3,5,08/10/2025,3,19:00,3,30.0,3,6,1.0,1.0,1,2,16
DEMO102230,53.51600023371656,-1.8438796102418582,3,4,4,27/04/2025,7,14:00,2,40.0,1,1,7.0,1.0,2,2,37
DEMO102231,51.44784504120165,-0.033459429722235104,3,3,4,08/04/2025,2,21:26,3,30.0,7,1,1.0,2.0,1,1,31
DEMO102232,54.37352768797421,-6.26653703809202,3,2,2,13/11/2025,4,14:38,6,70.0,8,4,5.0,1.0,1,6,31
DEMO102233,52.276304720788254,-1.8732311974307272,3,2,3,04/08/2025,1,09:56,1,50.0,8,7,1.0,1.0,2,5,5
DEMO102234,53.09418277424168,-1.5076708332422992,3,2,2,10/05/2025,6,10:07,6,30.0,2,1,1.0,1.0,2,5,33
DEMO102235,56.07494623708788,-3.7023775050837124,3,3,6,12/11/2025,3,16:32,7,30.0,7,1,2.0,1.0,1,4,20
DEMO102236,53.31081386040392,-2.115864290518666,3,3,4,18/12/2025,4,21:17,9,60.0,9,1,8.0,1.0,1,6,1
DEMO102237,53.83387768168508,-1.549454626308342,2,2,2,27/04/2025,7,05:27,12,40.0,1,4,3.0,6.0,1,1,3
DEMO102238,53.07547373141024,-2.846492803445322,3,2,4,10/07/2025,4,07:26,2,30.0,6,1,3.0,3.0,1,1,35
DEMO102239,51.702405207119035,-3.481564392257378,3,4,5,26/06/2025,4,15:18,1,40.0,2,4,1.0,1.0,2,4,39
DEMO102240,53.470513509796525,-1.7350829693985643,2,1,3,14/09/2025,7,18:01,2,30.0,8,1,1.0,2.0,1,3,19
DEMO102241,53.09058797765317,-1.4067643683722262,3,2,4,14/12/2025,7,09:04,3,70.0,2,7,1.0,1.0,1,3,40
DEMO102242,53.291347336498134,-2.911503858854989,3,4,4,20/07/2025,7,15:31,6,60.0,8,5,5.0,1.0,2,4,12
DEMO102243,52.51082380228753,-1.5590273165403317,2,5,6,19/10/2025,7,00:13,1,30.0,1,5,1.0,1.0,1,3,19
DEMO102244,55.696555499661244,-4.255110761477998,3,2,2,06/08/2025,3,07:19,7,50.0,0,1,1.0,2.0,1,2,3
DEMO102245,56.01038308195914,-3.403038065628899,3,2,3,20/11/2025,4,22:05,12,60.0,1,1,3.0,1.0,1,3,17
DEMO102246,53.176538080927024,-0.8965175139668522,3,2,2,28/05/2025,3,13:02,3,30.0,2,1,3.0,1.0,1,6,4
DEMO102247,53.63694686242896,-2.2788219199901545,3,1,2,21/05/2025,3,20:07,1,60.0,8,1,2.0,1.0,1,6,36
DEMO102248,52.47327246667063,-1.6585606533291937,3,5,5,04/06/2025,3,05:22,9,30.0,1,1,1.0,1.0,1,1,38
DEMO102249,53.65699108038724,-3.0196414037498003,3,2,2,30/12/2025,2,06:09,9,30.0,0,1,2.0,1.0,1,1,39
DEMO102250,52.98131630122285,-0.6370079075117785,3,3,3,12/08/2025,2,23:13,1,70.0,9,1,4.0,1.0,1,2,39
DEMO102251,52.923332296762126,-1.1715112948705977,2,1,2,25/02/2025,2,23:18,7,50.0,3,1,1.0,4.0,1,2,28
DEMO102252,53.45408460322433,-2.3959652810286065,3,5,6,15/01/2025,3,21:17,3,30.0,7,1,4.0,,1,1,24
DEMO102253,52.96182761006374,-1.0801784289047738,3,4,5,09/07/2025,3,07:00,7,40.0,0,4,1.0,1.0,1,1,40
DEMO102254,53.87024490558611,-1.6658360239106167,2,3,3,22/10/2025,3,19:07,9,50.0,9,6,7.0,1.0,1,1,30
DEMO102255,55.694298691724356,-4.463822211425357,3,5,5,24/06/2025,2,11:57,3,50.0,6,1,8.0,1.0,1,6,23
DEMO102256,56.1483547263019,-2.868770973282237,3,1,2,24/07/2025,4,20:40,3,30.0,0,6,1.0,2.0,2,3,1
DEMO102257,53.60568466385077,-1.7798834107415615,2,1,2,19/10/2025,7,20:07,7,40.0,7,1,2.0,1.0,1,2,7
DEMO102258,51.94328541761223,0.11575641646273294,3,5,9,08/07/2025,2,10:17,7,60.0,2,7,2.0,1.0,1,1,30
DEMO102259,54.279478122414076,-5.549358783046237,2,4,5,28/11/2025,5,07:22,9,60.0,2,1,6.0,4.0,1,1,44
DEMO102260,51.504721802231806,-0.2136623285588467,3,2,2,21/08/2025,4,23:54,6,30.0,3,1,2.0,2.0,1,4,18
DEMO102261,54.4442444233735,-5.86943178324935,3,2,3,24/09/2025,3,10:52,9,70.0,6,5,,1.0,1,6,40
DEMO102262,51.61543505610181,-0.33208471941059514,3,4,7,13/10/2025,1,10:46,9,20.0,7,1,1.0,1.0,1,3,10
DEMO102263,53.166356716626986,-0.8877791435836708,3,1,2,17/08/2025,7,15:06,7,60.0,1,1,1.0,,1,6,36
DEMO102264,52.48505927244742,-2.204524834148911,3,3,4,19/01/2025,7,22:29,3,30.0,8,1,4.0,2.0,2,2,38
DEMO102265,52.42301390745427,-1.655837215576811,3,1,1,06/06/2025,5,03:29,3,70.0,0,7,3.0,4.0,2,5,40
DEMO102266,55.76979961275246,-4.255087694012,3,2,4,21/02/2025,5,23:38,7,60.0,8,6,6.0,1.0,1,3,20
DEMO102267,55.82235711542886,-4.4604734467655485,2,2,3,06/07/2025,7,10:50,1,60.0,1,1,6.0,2.0,1,4,1
DEMO102268,52.54698088399706,-2.0631483318800075,2,1,2,22/02/2025,6,00:19,1,30.0,3,6,3.0,1.0,1,5,32
DEMO102269,54.65692386510856,-5.818048472011705,2,3,3,05/07/2025,6,07:33,1,60.0,7,1,2.0,1.0,1,2,44
DEMO102270,54.06348554081854,-1.840617251591007,3,5,6,06/05/2025,2,11:15,12,30.0,7,4,7.0,2.0,1,2,34
DEMO102271,53.76562543001515,-1.4230252702633184,3,2,2,08/01/2025,3,16:12,7,30.0,8,1,5.0,2.0,2,2,20
DEMO102272,53.95924779930793,-1.5138773164495543,1,3,3,15/02/2025,6,13:18,9,60.0,6,1,6.0,1.0,1,2,2
DEMO102273,53.24322113642212,-3.092324686108769,3,2,3,03/07/2025,4,03:44,12,50.0,9,7,9.0,1.0,2,3,2
DEMO102274,53.24810612065881,-2.131369643192045,3,4,4,29/01/2025,3,11:26,7,50.0,9,6,2.0,2.0,1,2,11
DEMO102275,53.585312813713934,-3.1894610239703245,2,2,5,09/11/2025,7,05:40,6,30.0,9,7,4.0,1.0,2,4,29
DEMO102276,53.55152915378266,-2.3152203276925483,3,2,2,04/10/2025,6,06:41,6,40.0,2,5,4.0,1.0,1,4,16
DEMO102277,51.41016770649541,-0.22685973308133983,3,1,2,16/09/2025,2,17:21,9,30.0,0,1,1.0,1.0,1,3,5
DEMO102278,51.28678961760406,-2.89879905965892,3,8,9,04/03/2025,2,19:57,9,20.0,8,6,3.0,1.0,1,3,36
DEMO102279,55.77674516377626,-4.338345082335555,3,1,2,18/10/2025,6,03:02,9,70.0,2,1,2.0,2.0,1,5,13
DEMO102280,55.990750443819614,-3.5707596667871218,3,3,4,20/08/2025,3,14:53,6,40.0,8,6,2.0,1.0,1,5,11
DEMO102281,51.48114591993172,-2.72809535539518,3,3,3,23/05/2025,5,10:00,9,20.0,0,1,1.0,1.0,1,3,15
DEMO102282,53.53893985567394,-1.970412034012087,2,3,4,01/01/2025,3,08:22,6,30.0,8,6,4.0,2.0,2,6,3
DEMO102283,55.723267991556895,-3.439974342115031,3,1,1,13/07/2025,7,17:49,3,30.0,0,5,4.0,1.0,2,5,40
DEMO102284,55.887677051842154,-4.4795587375359,3,3,3,18/10/2025,6,05:41,3,30.0,9,1,,1.0,1,3,32
DEMO102285,56.057564096814424,-3.0948305120648008,3,2,3,13/01/2025,1,18:19,1,60.0,8,1,1.0,1.0,1,3,30
DEMO102286,51.33871486486551,-3.4157646792637735,3,5,6,20/01/2025,1,09:53,3,30.0,1,1,2.0,2.0,2,4,42
DEMO102287,55.69677037489453,-3.4948436118715023,2,4,5,20/05/2025,2,02:08,9,30.0,6,1,1.0,2.0,2,3,43
DEMO102288,54.60253722583998,-6.028412960856475,3,4,4,06/07/2025,7,19:40,3,30.0,6,6,1.0,2.0,1,4,13
DEMO102289,51.0570806532914,-2.138580757875411,3,2,2,23/06/2025,1,20:31,9,50.0,9,1,1.0,1.0,1,5,2
DEMO102290,51.38422529252864,-2.9927407416091634,3,2,3,05/06/2025,4,13:12,2,30.0,7,1,6.0,2.0,1,1,13
DEMO102291,53.90765232886071,-1.3875058481825309,3,4,4,04/04/2025,5,17:55,1,30.0,7,1,2.0,1.0,1,4,38
DEMO102292,53.43641043329582,-2.16380076652221,2,2,2,22/01/2025,3,03:45,6,60.0,2,1,3.0,1.0,2,3,25
DEMO102293,55.58198341721917,-3.7560317848309923,3,1,3,12/01/2025,7,08:00,3,40.0,8,1,,1.0,1,3,8
DEMO102294,56.135280909046415,-4.186777943737652,3,5,7,06/02/2025,4,08:05,2,30.0,0,6,2.0,1.0,1,2,18
DEMO102295,55.95432045243754,-3.1830356843028866,1,2,5,09/09/2025,2,18:03,1,60.0,9,5,6.0,1.0,1,1,14
DEMO102296,53.51828788498261,-2.238572484106994,3,4,4,14/10/2025,2,08:24,6,40.0,7,7,1.0,1.0,1,3,40
DEMO102297,53.56644863616736,-3.005330668049384,2,3,5,08/06/2025,7,17:25,3,60.0,8,1,1.0,4.0,1,6,38
DEMO102298,53.448113314216926,-2.0790541663127624,3,3,4,29/01/2025,3,07:43,7,20.0,8,1,1.0,6.0,1,4,3
DEMO102299,51.43201235472827,-3.3124778337684497,3,5,5,01/06/2025,7,14:40,2,30.0,1,1,2.0,1.0,1,4,3
DEMO102300,54.02165754280273,-0.8251217697016435,2,1,1,26/12/2025,5,05:00,1,20.0,2,1,8.0,4.0,1,5,29
DEMO102301,52.33890042936941,-1.688970465133425,3,3,5,02/04/2025,3,13:28,1,40.0,2,1,3.0,2.0,1,4,44
DEMO102302,53.11944278544432,-1.208658817103761,2,2,5,29/06/2025,7,01:47,2,30.0,2,1,3.0,1.0,2,5,38
DEMO102303,51.278107919999506,-3.243669953391174,3,3,5,16/07/2025,3,17:53,9,30.0,0,4,1.0,4.0,2,3,29
DEMO102304,51.35046416839306,-3.1876904957133143,3,3,3,01/05/2025,4,00:17,3,30.0,8,1,8.0,2.0,1,4,33
DEMO102305,52.538626994237276,-1.905737901214884,3,2,2,09/06/2025,1,23:02,7,30.0,7,4,2.0,1.0,2,5,21
DEMO102306,54.05789984256197,-1.3992373351529352,2,3,4,22/06/2025,7,20:09,9,30.0,7,4,1.0,1.0,1,2,13
DEMO102307,52.51273461286527,-1.8231866094523461,3,2,2,23/06/2025,1,13:20,3,30.0,6,5,9.0,1.0,1,3,43
DEMO102308,53.548774023494694,-1.2017774082687915,2,5,7,19/09/2025,5,21:26,9,40.0,1,1,2.0,3.0,1,2,26
DEMO102309,53.082792545725624,-1.3920882362142077,2,2,4,01/08/2025,5,19:21,9,60.0,3,5,1.0,1.0,2,2,27
DEMO102310,53.6578278348573,-1.5606583822359401,3,4,6,20/01/2025,1,03:05,9,70.0,2,1,1.0,1.0,1,3,34
DEMO102311,51.62134864434667,-0.36439636134305664,3,3,4,03/01/2025,5,17:20,9,30.0,9,1,1.0,1.0,2,4,11
DEMO102312,53.006547474605746,-1.274723827389863,3,3,5,30/05/2025,5,09:17,2,30.0,8,1,5.0,1.0,1,4,3
DEMO102313,51.23718409609777,-0.25396493943254217,3,3,4,28/11/2025,5,20:29,6,30.0,1,1,2.0,1.0,2,4,29
DEMO102314,,-2.057133322851711,3,3,4,14/01/2025,2,20:04,6,40.0,8,1,8.0,4.0,1,4,22
DEMO102315,51.285132492924106,-0.2830677902337698,2,3,4,26/01/2025,7,22:47,7,30.0,7,5,1.0,1.0,2,1,4
DEMO102316,52.729579376794256,-1.5564155109981137,2,2,2,05/09/2025,5,10:25,3,60.0,0,6,,3.0,2,2,39
DEMO102317,53.12532516977435,-2.6441188041548673,2,3,4,14/06/2025,6,04:19,2,70.0,0,1,4.0,1.0,1,4,40
DEMO102318,51.45290189633306,-3.0084360650744446,3,2,3,26/03/2025,3,03:54,12,30.0,1,1,3.0,1.0,1,6,10
DEMO102319,55.78299300674636,-3.4631118733295434,3,4,4,17/03/2025,1,03:44,6,30.0,8,1,2.0,1.0,1,6,29
DEMO102320,52.74015198363788,-1.5464411599793215,3,2,2,31/08/2025,7,23:08,3,40.0,8,7,2.0,1.0,2,1,44
DEMO102321,51.22863265791489,-0.231702460562506,2,4,4,11/07/2025,5,14:08,2,50.0,7,1,4.0,3.0,1,3,29
DEMO102322,51.87399246126221,-2.668622765390814,2,1,1,21/08/2025,4,08:00,7,60.0,0,1,6.0,2.0,1,6,23
DEMO102323,53.316071965675754,-1.3467286846721531,3,4,5,13/04/2025,7,10:33,2,30.0,2,1,1.0,1.0,1,4,20
DEMO102324,55.76262585389938,-4.458401079305228,2,2,5,12/07/2025,6,04:21,3,20.0,3,6,2.0,3.0,1,4,8
DEMO102325,56.09236942019662,-2.8894562949063185,3,2,2,10/11/2025,1,13:22,12,50.0,2,1,3.0,2.0,1,2,36
DEMO102326,51.44833407072675,-2.396935981213551,3,1,3,26/04/2025,6,10:30,1,30.0,7,1,1.0,1.0,1,2,30
DEMO102327,53.3277881292427,-1.529923639883236,2,1,3,25/05/2025,7,19:32,3,50.0,0,1,1.0,1.0,2,5,34
DEMO102328,51.36986957006698,-0.056072760765263005,2,3,4,01/03/2025,6,00:00,7,30.0,0,5,8.0,2.0,1,2,41
DEMO102329,52.39671251703444,-1.922453761591441,3,4,4,22/08/2025,5,22:06,3,30.0,7,1,1.0,2.0,2,2,26
DEMO102330,51.382654424291225,0.3533366789084702,3,2,2,12/01/2025,7,01:47,3,30.0,2,7,1.0,1.0,1,1,40
DEMO102331,51.62746053796237,-3.626794309811848,2,4,5,01/04/2025,2,10:57,7,60.0,8,7,3.0,1.0,1,4,22
DEMO102332,53.816281950291206,-1.4944132958976253,3,2,2,18/09/2025,4,08:50,7,30.0,8,1,1.0,1.0,2,4,19
DEMO102333,56.03659440475061,-3.221005589625361,3,1,1,08/01/2025,3,17:54,3,20.0,7,7,1.0,1.0,1,6,19
DEMO102334,52.87943738756908,-0.8626775455495233,2,2,2,28/12/2025,7,15:27,9,30.0,9,6,1.0,1.0,1,4,21
DEMO102335,53.07077969579604,-0.41239046791109446,2,2,3,28/05/2025,3,04:49,9,60.0,7,1,1.0,1.0,2,3,38
DEMO102336,53.283502982529804,-3.153581265757783,3,2,2,26/05/2025,1,11:52,7,40.0,8,6,2.0,1.0,1,3,42
DEMO102337,55.787508990649656,-2.910774251067994,3,1,2,15/07/2025,2,12:53,7,60.0,7,1,5.0,1.0,1,2,41
DEMO102338,51.41572323044995,0.20636656049894456,2,4,6,22/08/2025,5,11:08,9,70.0,8,4,1.0,,1,3,17
DEMO102339,52.74262649498213,-1.5748889311177199,3,3,5,17/06/2025,2,00:08,1,20.0,3,4,2.0,1.0,1,6,30
DEMO102340,53.30473004961691,-2.9329600143468295,2,2,2,19/11/2025,3,04:24,6,70.0,3,6,3.0,1.0,1,1,37
DEMO102341,51.358950556806136,-2.416156199759882,2,2,3,18/12/2025,4,12:30,2,30.0,2,7,1.0,2.0,1,1,44
DEMO102342,52.99412321989086,-1.3865124178539456,2,3,3,15/03/2025,6,06:57,3,50.0,7,1,2.0,3.0,1,3,27
DEMO102343,55.84068822020623,-3.8258007385208392,3,1,3,15/09/2025,1,13:19,12,30.0,3,5,,1.0,1,2,43
DEMO102344,53.185364389710195,-1.729077676556711,2,1,2,20/04/2025,7,03:49,1,40.0,9,5,1.0,2.0,1,3,23
DEMO102345,53.58816127223541,-1.7820310964387036,2,2,4,30/12/2025,2,17:53,3,50.0,7,7,1.0,3.0,1,1,27
DEMO102346,53.93561736100752,-1.617008095370081,3,2,2,03/04/2025,4,04:57,3,30.0,2,1,1.0,1.0,1,5,29
DEMO102347,55.739378671147016,-3.325120682025247,1,7,8,18/04/2025,5,15:11,7,30.0,6,1,6.0,6.0,2,3,22
DEMO102348,53.639978404083664,-2.1382857554305326,2,2,3,18/09/2025,4,20:14,9,30.0,8,1,8.0,1.0,2,1,27
DEMO102349,52.87072756052169,-1.2338724233929368,3,3,3,16/10/2025,4,08:13,3,30.0,8,1,6.0,1.0,2,1,23
DEMO102350,52.53663684168272,-1.366677499849939,2,4,5,16/02/2025,7,03:44,9,40.0,7,1,1.0,2.0,1,5,29
DEMO102351,56.069758888853244,-3.4572558106362834,2,2,2,22/07/2025,2,00:41,3,50.0,0,1,4.0,1.0,1,3,19
DEMO102352,56.00847790002471,-3.9666587336927446,3,4,5,07/05/2025,3,08:24,9,30.0,9,1,2.0,1.0,2,5,9
DEMO102353,53.51318206279105,-2.864904858821714,3,2,3,12/08/2025,2,02:05,9,20.0,9,7,1.0,1.0,1,4,37
DEMO102354,53.716886009947636,-1.8613728468864776,2,3,3,23/07/2025,3,21:31,3,70.0,9,1,8.0,1.0,1,2,2
DEMO102355,51.39051160399024,-2.4346927547028048,3,4,6,26/12/2025,5,23:43,9,,8,1,5.0,1.0,1,4,32
DEMO102356,51.372602335233786,-2.664719480399538,2,4,4,07/12/2025,7,23:28,3,50.0,0,6,1.0,1.0,1,5,33
DEMO102357,53.35102444055774,-2.6212901486301843,3,1,2,27/08/2025,3,22:16,6,20.0,9,1,8.0,5.0,2,6,27
DEMO102358,53.431611140436445,-1.7678413878911243,3,2,3,05/09/2025,5,14:35,3,40.0,0,5,1.0,1.0,1,6,32
DEMO102359,53.44385318533838,-1.9986910514220575,2,2,3,25/11/2025,2,07:39,3,60.0,1,6,2.0,2.0,1,6,36
DEMO102360,53.29749731844252,-1.1459134419575951,3,4,4,08/03/2025,6,10:35,12,20.0,7,1,1.0,1.0,1,5,11
DEMO102361,55.82515082363729,-3.0194206616332853,2,2,3,22/09/2025,1,06:52,9,40.0,3,1,1.0,1.0,2,5,27
DEMO102362,54.623881851994014,-6.105957021998838,1,2,2,09/10/2025,4,20:18,7,30.0,8,1,8.0,3.0,1,1,14
DEMO102363,52.714382285537134,-1.7668944228573251,2,4,5,16/02/2025,7,10:36,12,30.0,7,1,2.0,1.0,1,3,41
DEMO102364,55.9747186611803,-3.0702288774268656,3,1,2,18/11/2025,2,09:51,3,40.0,0,4,1.0,1.0,2,4,36
DEMO102365,52.24228999645191,-2.4905070206104467,3,3,3,13/09/2025,6,16:12,3,40.0,7,1,5.0,2.0,2,1,1
DEMO102366,51.45009221938672,-2.4480135505389606,2,3,3,07/05/2025,3,08:16,9,40.0,9,1,6.0,1.0,1,5,38
DEMO102367,53.56742916944004,-2.1963535418145055,3,4,6,26/06/2025,4,08:02,1,40.0,9,1,7.0,1.0,1,3,24
DEMO102368,52.61396439103728,-1.3276158054823255,3,3,5,28/06/2025,6,05:22,9,30.0,1,1,8.0,5.0,2,2,6
DEMO102369,53.57366608582693,-1.7652535876851632,3,3,4,02/12/2025,2,01:02,1,40.0,2,1,7.0,1.0,2,3,34
DEMO102370,51.53148452529636,-0.14662874597585532,3,2,3,20/12/2025,6,00:44,3,30.0,1,4,3.0,1.0,1,1,20
DEMO102371,56.4412671814358,-3.081430524996601,2,2,2,22/10/2025,3,09:05,3,30.0,8,1,1.0,1.0,1,1,37
DEMO102372,51.29310389037665,-0.09801848572637788,2,3,5,27/08/2025,3,23:41,3,,7,5,7.0,1.0,1,2,13
DEMO102373,51.72266036969653,-2.7000221766315766,2,4,5,08/02/2025,6,06:34,3,60.0,6,7,1.0,1.0,1,1,21
DEMO102374,55.96383819787645,-4.578969199466797,3,2,2,30/11/2025,7,15:59,2,30.0,2,6,1.0,1.0,1,5,26
DEMO102375,55.010203050949436,-6.090559869379935,3,2,3,18/02/2025,2,07:20,1,30.0,8,1,2.0,1.0,1,3,13
DEMO102376,51.22083863219886,-3.2881701321473846,3,2,2,02/03/2025,7,07:20,9,40.0,8,1,1.0,3.0,2,1,38
DEMO102377,52.76282670836337,-1.6036380686492708,3,3,5,26/01/2025,7,03:14,6,50.0,6,5,3.0,2.0,1,6,10
DEMO102378,54.8921501267905,-5.878968553640328,3,2,4,12/12/2025,5,13:32,3,60.0,1,5,7.0,1.0,2,5,6
DEMO102379,53.35280139706489,-1.6057125126257372,3,2,2,30/06/2025,1,15:13,2,50.0,3,7,2.0,1.0,1,4,17
DEMO102380,53.327748727243346,-2.4193292081863653,3,2,2,28/03/2025,5,08:06,3,30.0,9,1,2.0,1.0,1,1,19
DEMO102381,53.79054250839866,-2.885852672173069,3,4,4,30/01/2025,4,12:56,3,30.0,7,1,2.0,2.0,2,2,41
DEMO102382,54.44895029626683,-6.005319516981092,3,3,3,31/05/2025,6,11:40,6,60.0,8,1,4.0,1.0,1,6,37
DEMO102383,51.64290340584403,-2.840669540034912,2,3,3,22/09/2025,1,06:07,2,60.0,2,7,1.0,,1,3,25
DEMO102384,53.749937379231774,-2.4657283045928278,2,5,8,30/12/2025,2,16:37,12,70.0,2,5,1.0,1.0,1,2,36
DEMO102385,51.45268661302924,-2.755987591589051,3,3,3,21/07/2025,1,13:18,3,60.0,1,6,3.0,4.0,1,6,33
DEMO102386,54.567173131733654,-5.960527525167567,3,3,7,10/08/2025,7,01:10,3,30.0,2,5,2.0,4.0,1,1,1
DEMO102387,54.91506015312837,-5.6658087004508815,3,2,3,02/11/2025,7,11:28,7,30.0,1,7,2.0,1.0,2,6,19
DEMO102388,54.54198819266163,-6.353749008346986,3,3,4,26/11/2025,3,09:47,3,50.0,7,1,1.0,1.0,2,6,34
DEMO102389,51.381239134084105,-2.8952543262705843,2,3,4,13/04/2025,7,19:00,2,50.0,3,7,1.0,1.0,1,6,31
DEMO102390,52.92261779804256,-2.804786582355808,2,3,4,29/12/2025,1,07:21,3,30.0,8,7,4.0,1.0,1,6,36
DEMO102391,53.682681424494135,-2.0287217705448626,3,4,5,09/07/2025,3,22:55,7,40.0,3,6,2.0,2.0,1,6,43
DEMO102392,53.31387838228922,-1.8536869542877192,2,2,2,06/12/2025,6,14:23,9,70.0,1,7,2.0,1.0,2,6,38
DEMO102393,53.62171247007179,-2.2349175103513113,2,1,2,12/02/2025,3,03:05,3,30.0,0,4,7.0,1.0,1,4,26
DEMO102394,53.38191314310116,-3.1880017075417255,3,1,1,05/02/2025,3,09:25,9,30.0,2,5,4.0,4.0,1,2,31
DEMO102395,53.62148229634141,-1.7511066838954008,3,3,4,19/11/2025,3,21:40,6,,8,4,1.0,6.0,1,3,43
DEMO102396,54.844826385506096,-6.381398571678669,2,1,1,03/09/2025,3,06:59,9,30.0,7,6,3.0,1.0,2,3,13
DEMO102397,53.621618386953344,-1.807543148188251,2,1,2,05/03/2025,3,16:37,1,60.0,7,6,1.0,5.0,1,2,37
DEMO102398,53.717286754127024,-1.825095481197044,3,2,2,23/11/2025,7,18:03,9,50.0,9,6,1.0,1.0,1,2,18
DEMO102399,55.968805788825556,-4.063235200404058,3,3,4,07/02/2025,5,16:48,3,30.0,2,1,4.0,1.0,1,6,11
DEMO102400,51.7607021570585,-0.2734555567381114,3,5,5,07/09/2025,7,02:46,3,60.0,6,6,1.0,1.0,1,4,16
DEMO102401,52.97513709793526,-1.1953670787362958,2,1,3,16/03/2025,7,08:39,6,30.0,1,7,1.0,,1,4,11
DEMO102402,55.90276812476697,-3.9635153634811946,2,4,4,26/01/2025,7,08:53,12,40.0,1,5,7.0,1.0,1,1,9
DEMO102403,53.0175349069384,-1.1409675298798423,3,4,4,22/10/2025,3,08:46,3,50.0,3,1,4.0,1.0,1,5,39
DEMO102404,51.29686318845595,-2.75973030589066,2,2,4,06/11/2025,4,21:13,3,60.0,8,6,7.0,1.0,1,6,13
DEMO102405,55.871677445722966,-3.1393145231351975,2,2,2,08/02/2025,6,00:25,12,30.0,8,6,6.0,3.0,1,3,11
DEMO102406,51.42115928246418,-2.775978751769976,3,3,3,03/02/2025,1,12:30,9,40.0,2,1,1.0,1.0,2,3,3
DEMO102407,56.04436580298545,-4.6732014649376135,3,3,3,13/08/2025,3,23:29,7,50.0,3,4,3.0,2.0,1,1,11
DEMO102408,53.731486334837875,-2.9018992412210265,3,1,1,11/01/2025,6,21:38,3,60.0,9,5,1.0,1.0,1,2,20
DEMO102409,51.343587732442224,0.027658524909607213,3,3,4,30/09/2025,2,14:42,3,60.0,8,5,4.0,1.0,1,5,18
DEMO102410,53.08468212382823,-1.2046579276032228,2,3,3,01/12/2025,1,23:06,12,70.0,8,1,1.0,1.0,1,3,3
DEMO102411,51.54669868788665,-0.15914464042134702,2,1,2,02/10/2025,4,09:34,1,20.0,3,1,1.0,1.0,1,5,30
DEMO102412,54.50699297656911,-6.031731587569289,2,2,3,26/03/2025,3,14:02,9,30.0,2,7,1.0,1.0,2,3,25
DEMO102413,53.20834523850533,-1.0987901280299353,3,3,3,11/03/2025,2,13:30,7,30.0,8,7,5.0,4.0,1,6,13
DEMO102414,51.49565388715317,-2.5159260182731265,3,4,4,06/09/2025,6,01:25,12,40.0,0,1,1.0,1.0,1,4,14
DEMO102415,53.3031077583181,-3.0222220382024676,3,3,5,23/01/2025,4,00:12,7,60.0,7,7,3.0,2.0,1,6,32
DEMO102416,53.44823958563419,-1.237622850818762,3,5,6,16/07/2025,3,21:59,3,40.0,0,1,6.0,2.0,2,5,2
DEMO102417,53.62040772503472,-1.295029363333717,3,4,6,13/06/2025,5,04:15,9,20.0,7,1,4.0,3.0,1,2,8
DEMO102418,53.60211159513943,-1.4425813486865442,3,2,2,29/09/2025,1,08:03,12,50.0,7,5,2.0,1.0,1,6,10
DEMO102419,53.60193808623918,-2.7595372290705824,3,3,4,15/03/2025,6,14:21,9,20.0,0,1,1.0,4.0,1,6,41
DEMO102420,53.83595830072337,-1.4156081533207574,3,3,5,06/10/2025,1,13:45,3,20.0,3,1,,1.0,1,3,7
DEMO102421,55.98427392695036,-3.1764442688193015,1,3,4,13/09/2025,6,12:00,3,50.0,1,7,2.0,1.0,1,6,11
DEMO102422,52.39511654481768,-1.6520411316130053,3,3,3,29/03/2025,6,23:29,9,60.0,8,1,2.0,2.0,1,6,31
DEMO102423,56.08979450765164,-3.4125479075913665,3,2,3,11/05/2025,7,18:25,7,30.0,9,1,8.0,1.0,2,4,11
DEMO102424,51.42161820026345,-2.8170304473677725,3,4,4,25/01/2025,6,22:51,1,40.0,2,1,1.0,2.0,1,6,14
DEMO102425,53.09487041536567,-1.0390507748769426,3,4,6,14/06/2025,6,15:00,2,40.0,0,4,2.0,1.0,1,1,13
DEMO102426,52.40457788963599,-2.0532439723619493,3,1,1,06/04/2025,7,23:01,2,20.0,9,5,1.0,2.0,1,1,37
DEMO102427,51.26327129533632,-2.390695361795741,3,3,4,11/02/2025,2,14:33,3,40.0,8,1,1.0,2.0,1,6,38
DEMO102428,55.822495250008714,-3.1281414203120286,3,3,5,24/07/2025,4,13:10,3,20.0,8,1,1.0,1.0,1,6,13
DEMO102429,53.87700113019945,-1.0522084939438003,2,4,4,27/07/2025,7,19:42,12,60.0,2,4,4.0,1.0,1,5,5
DEMO102430,52.308318472177035,-2.127509891502428,3,2,2,01/02/2025,6,20:16,7,50.0,0,5,1.0,1.0,1,2,29
DEMO102431,53.28091443769906,-0.9344491744542647,2,1,1,09/03/2025,7,01:33,1,30.0,9,7,4.0,3.0,2,1,19
DEMO102432,52.24125369836078,-2.0092574084967354,3,3,3,31/01/2025,5,21:02,7,30.0,6,1,5.0,1.0,1,4,17
DEMO102433,53.773856287187506,-1.478783368683096,2,2,4,05/09/2025,5,16:41,3,,2,7,6.0,3.0,1,5,35
DEMO102434,53.62277181297449,-2.8168021078453065,2,3,5,04/05/2025,7,21:31,9,,8,7,1.0,1.0,1,5,26
DEMO102435,53.0062049239394,-1.0630935269320594,3,4,4,26/01/2025,7,17:00,9,60.0,8,1,5.0,1.0,2,4,2
DEMO102436,53.317593800096596,-1.3484238169848561,3,1,1,11/03/2025,2,22:15,1,60.0,0,1,1.0,3.0,1,6,28
DEMO102437,56.07129155202687,-4.150688500337335,3,5,5,23/12/2025,2,06:03,12,30.0,9,4,4.0,2.0,1,6,24
DEMO102438,51.31444602653681,-3.2364837131097213,3,2,2,04/04/2025,5,04:02,1,60.0,7,7,1.0,1.0,2,5,6
DEMO102439,51.45548646558694,0.0780537343747992,2,4,5,07/09/2025,7,04:41,9,40.0,1,1,4.0,1.0,1,1,1
DEMO102440,51.1633862979642,-2.3693034616486592,3,5,6,20/06/2025,5,06:25,9,30.0,0,1,1.0,3.0,1,5,5
DEMO102441,51.66650192583131,-0.2074937218644642,3,3,4,08/03/2025,6,05:48,9,30.0,7,5,3.0,2.0,1,4,23
DEMO102442,51.60821736125995,-0.3153825488877263,3,2,2,23/04/2025,3,10:15,3,30.0,7,6,1.0,1.0,1,3,44
DEMO102443,53.582062468854765,-2.176336049626519,2,3,3,06/01/2025,1,04:43,3,30.0,0,1,1.0,1.0,1,6,35
DEMO102444,53.40453491890874,-1.4192153112205623,3,1,1,30/09/2025,2,03:36,1,30.0,7,1,3.0,1.0,1,5,36
DEMO102445,51.49623150485905,-3.56356178380527,3,2,3,03/05/2025,6,12:39,2,30.0,3,1,1.0,1.0,2,4,31
DEMO102446,55.97275290427838,-3.1329273330218768,3,7,8,02/07/2025,3,19:49,1,40.0,3,7,4.0,1.0,1,3,41
DEMO102447,53.43598495286943,-1.6623529092092078,3,5,5,25/02/2025,2,03:42,1,30.0,9,5,4.0,1.0,1,3,3
DEMO102448,55.97673759531219,-3.6480629819953494,3,3,3,28/10/2025,2,12:44,7,30.0,2,1,3.0,2.0,1,5,1
DEMO102449,53.31312268998865,-2.148045857042254,2,4,5,21/03/2025,5,15:44,2,50.0,9,6,4.0,1.0,1,2,9
DEMO102450,51.07512250283195,,3,2,2,26/07/2025,6,16:26,3,40.0,2,4,5.0,2.0,2,3,36
DEMO102451,51.857444817166474,-2.869486900482253,2,5,5,15/11/2025,6,02:43,7,30.0,1,7,7.0,1.0,1,5,5
DEMO102452,52.36948541560998,-1.7018694454849024,2,5,7,18/09/2025,4,17:50,1,60.0,1,1,1.0,1.0,1,3,3
DEMO102453,53.37678446938451,-2.9323033944193053,3,3,5,09/08/2025,6,00:44,7,30.0,9,1,2.0,1.0,1,3,19
DEMO102454,56.153727265325664,-2.8542344040229763,3,4,4,21/11/2025,5,05:36,9,30.0,0,1,4.0,1.0,1,2,17
DEMO102455,53.46904152640093,-2.7600381199118615,3,4,5,06/03/2025,4,07:04,6,30.0,1,1,1.0,2.0,1,4,24
DEMO102456,51.22412630557641,-3.393392206469765,3,3,4,18/12/2025,4,20:26,6,,2,6,1.0,3.0,1,5,21
DEMO102457,54.38763885394101,-5.686924375271455,3,4,7,23/07/2025,3,04:03,9,30.0,8,4,1.0,2.0,1,3,14
DEMO102458,53.56685105060555,-3.1557744789078903,3,1,2,30/05/2025,5,18:06,6,60.0,3,1,2.0,2.0,1,4,27
DEMO102459,51.61484809677704,0.09290025942744534,3,3,5,04/04/2025,5,23:21,6,60.0,0,6,1.0,3.0,1,3,30
DEMO102460,51.36156126859867,-2.688610896977793,3,3,3,29/09/2025,1,23:27,9,30.0,6,4,4.0,2.0,1,4,10
DEMO102461,,-2.545211940401677,2,1,2,23/12/2025,2,07:31,9,30.0,9,1,3.0,1.0,2,1,2
DEMO102462,53.415326983319986,-2.889199676412051,3,1,2,09/09/2025,2,02:54,3,30.0,9,1,3.0,2.0,1,2,1
DEMO102463,53.42565965970894,-1.585696577697474,2,3,3,12/01/2025,7,05:45,3,50.0,9,7,1.0,1.0,1,6,5
DEMO102464,53.48414831420449,-2.7323227975431097,2,5,6,21/06/2025,6,18:25,9,60.0,2,5,5.0,1.0,2,6,20
DEMO102465,53.41080942899887,-1.9290347269313974,3,2,3,25/09/2025,4,04:20,6,30.0,1,6,4.0,2.0,1,5,4
DEMO102466,53.92695956200422,-1.9637288014144951,3,4,4,26/05/2025,1,15:42,7,60.0,0,6,1.0,2.0,1,1,3
DEMO102467,55.97110845461368,-4.251909642490804,3,2,2,10/10/2025,5,08:16,2,30.0,9,1,1.0,1.0,1,6,27
DEMO102468,51.66433103009485,0.028292518609480677,3,1,2,16/09/2025,2,18:53,2,40.0,8,1,1.0,4.0,1,1,37
DEMO102469,53.61952672275011,-2.2125493556134517,2,4,5,25/01/2025,6,14:46,6,20.0,7,5,8.0,1.0,1,4,2
DEMO102470,51.61575644062416,-3.14407047075072,3,3,5,23/07/2025,3,14:40,9,40.0,6,1,1.0,2.0,1,2,2
DEMO102471,52.40435013722024,,1,1,2,04/03/2025,2,18:14,3,50.0,3,7,1.0,5.0,1,5,11
DEMO102472,51.43217230737532,-2.9723192882148206,3,6,9,27/06/2025,5,22:37,12,50.0,6,1,1.0,1.0,1,2,35
DEMO102473,53.327549293899146,-1.8591387562101396,3,1,2,21/05/2025,3,08:49,9,60.0,2,1,1.0,3.0,2,1,44
DEMO102474,52.52239565116168,-1.7317295268314068,2,5,5,22/10/2025,3,12:04,9,20.0,6,4,2.0,2.0,1,1,21
DEMO102475,53.264142613987914,-3.1476489320281797,2,2,5,13/11/2025,4,15:10,9,30.0,1,1,5.0,2.0,2,3,14
DEMO102476,53.03938334302991,-1.3378550660302924,1,2,2,18/06/2025,3,19:30,3,50.0,1,5,2.0,4.0,1,2,2
DEMO102477,53.696706976375765,-2.0346374838219257,2,3,4,16/07/2025,3,11:21,3,40.0,1,6,6.0,1.0,1,2,11
DEMO102478,51.5072754387566,-0.06483960124828562,3,8,9,17/08/2025,7,08:42,2,70.0,9,6,1.0,1.0,1,1,15
DEMO102479,52.38875037382325,-1.8030431909374056,2,4,4,28/08/2025,4,20:24,3,60.0,9,7,2.0,1.0,1,2,25
DEMO102480,53.47002577412482,-1.3370778443377156,3,2,2,20/08/2025,3,22:59,1,30.0,8,1,5.0,1.0,2,5,2
DEMO102481,51.667410940109924,-3.124454789637228,2,3,3,13/10/2025,1,13:17,9,40.0,8,4,4.0,1.0,1,2,1
DEMO102482,53.34620252979877,-2.693812794265285,3,4,6,25/12/2025,4,02:21,9,50.0,1,7,6.0,1.0,1,5,4
DEMO102483,53.82159842526791,-1.6473843025104118,3,2,2,30/10/2025,4,06:00,3,20.0,1,1,1.0,1.0,1,3,7
DEMO102484,51.51094812410546,-2.4537736361454514,3,2,3,19/02/2025,3,11:14,6,30.0,0,1,2.0,2.0,1,1,23
DEMO102485,51.40445725643886,-2.4331953487040368,3,1,2,23/06/2025,1,16:14,7,30.0,0,1,4.0,4.0,1,2,36
DEMO102486,53.57311966599931,-2.356357200197984,2,1,3,18/06/2025,3,16:45,9,30.0,8,5,1.0,5.0,1,5,16
DEMO102487,51.21263190725139,-0.13635652073087698,3,2,3,05/07/2025,6,19:20,12,,0,5,5.0,1.0,1,3,10
DEMO102488,53.01669545675502,-0.878902917342973,2,4,5,12/07/2025,6,00:12,3,40.0,9,1,1.0,1.0,1,5,41
DEMO102489,51.777338252382044,-2.2505105250960127,3,2,2,20/09/2025,6,11:18,3,60.0,8,1,1.0,1.0,1,6,7
DEMO102490,,-2.5084897752506183,2,3,3,03/06/2025,2,16:33,9,60.0,1,1,5.0,1.0,1,4,25
DEMO102491,53.80769367148829,-1.335802839293655,2,2,2,07/04/2025,1,23:47,2,60.0,8,1,4.0,1.0,2,1,4
DEMO102492,54.378395393841295,-5.844780121113377,2,4,5,17/06/2025,2,03:58,9,60.0,8,1,6.0,1.0,1,3,28
DEMO102493,,-1.3007016246233036,3,4,4,08/11/2025,6,21:02,2,30.0,7,6,7.0,4.0,1,2,20
DEMO102494,53.46400699722394,-2.99395191745203,3,3,5,24/04/2025,4,00:50,6,30.0,0,7,1.0,1.0,2,3,32
DEMO102495,53.49759936650781,-2.3871050448438433,3,6,8,08/01/2025,3,04:23,7,50.0,3,6,3.0,2.0,1,5,40
DEMO102496,55.73115420820841,-2.744277742415242,3,5,6,23/12/2025,2,20:48,9,30.0,7,6,9.0,3.0,1,2,41
DEMO102497,51.52647050010835,-2.7471803600149824,3,4,5,13/03/2025,4,18:02,2,30.0,8,7,1.0,2.0,2,1,12
DEMO102498,51.35305611096869,-0.1211111470138875,3,2,2,09/08/2025,6,23:37,9,70.0,2,5,2.0,1.0,1,6,1
DEMO102499,54.493882548730426,-5.834977991750348,3,3,4,20/10/2025,1,14:55,9,50.0,9,4,7.0,1.0,1,2,24
DEMO102500,56.025640915891046,-4.210620688058432,3,3,3,11/04/2025,5,14:02,9,30.0,2,6,1.0,,1,1,9
DEMO102501,52.44325070818397,-1.8775972280798223,3,3,3,05/05/2025,1,12:47,12,50.0,9,4,7.0,1.0,1,2,34
DEMO102502,55.83698424809051,-3.1651494381174206,2,1,3,13/04/2025,7,12:06,9,60.0,1,1,2.0,1.0,1,2,37
DEMO102503,52.30895872726771,-1.608666900186611,2,2,3,24/02/2025,1,12:58,9,70.0,8,1,7.0,5.0,1,6,5
DEMO102504,51.3786540823425,-0.38411704820945725,3,1,2,25/02/2025,2,07:44,7,50.0,1,5,3.0,2.0,2,4,1
DEMO102505,52.38908541766156,-2.036812799995575,2,5,6,10/03/2025,1,20:54,9,20.0,8,7,4.0,2.0,1,3,29
DEMO102506,53.56283821109704,-2.7673730233395055,2,2,4,17/06/2025,2,08:53,12,60.0,9,5,5.0,1.0,1,6,3
DEMO102507,53.375334791915165,-1.42524109675866,3,4,4,13/07/2025,7,14:18,7,50.0,2,1,1.0,1.0,1,6,4
DEMO102508,51.671253879519654,-2.276833521881914,2,1,1,06/01/2025,1,16:24,3,30.0,1,4,3.0,2.0,2,1,38
DEMO102509,52.275910706493754,-1.8638198691632673,2,2,2,05/11/2025,3,12:41,3,60.0,9,6,7.0,1.0,1,2,12
DEMO102510,53.71316238903976,-2.1475912738109963,2,3,4,04/09/2025,4,14:10,9,40.0,9,6,8.0,1.0,1,4,35
DEMO102511,51.45466320428945,-3.2188094361623265,2,3,5,26/01/2025,7,01:18,12,70.0,8,1,8.0,1.0,1,1,34
DEMO102512,54.556607769920305,-5.595780191004607,3,2,3,04/11/2025,2,07:05,3,70.0,3,1,3.0,1.0,1,4,23
DEMO102513,55.91054476504546,,3,1,1,12/01/2025,7,10:53,12,30.0,1,1,3.0,1.0,1,4,9
DEMO102514,52.892927227461065,-2.1513320299324605,3,3,4,24/07/2025,4,09:14,3,30.0,3,7,2.0,3.0,2,5,2
DEMO102515,55.86749175705311,-3.029050499603429,3,4,4,19/06/2025,4,21:24,3,30.0,8,1,3.0,1.0,1,5,44
DEMO102516,56.23694890779073,-3.9932525562689105,3,2,2,03/07/2025,4,21:27,9,30.0,1,6,3.0,1.0,1,4,24
DEMO102517,53.11022810137022,-1.1562880871240968,2,3,4,16/12/2025,2,17:22,12,30.0,0,1,1.0,5.0,1,4,20
DEMO102518,52.28727018108518,-1.7130943175208437,2,2,3,05/12/2025,5,08:46,7,40.0,9,7,1.0,5.0,1,1,30
DEMO102519,54.424205557265495,-5.607541034731809,3,1,5,12/04/2025,6,01:54,12,20.0,8,1,3.0,2.0,1,2,15
DEMO102520,53.442964059476395,-3.004938514550843,3,4,4,31/07/2025,4,18:34,9,60.0,8,5,1.0,4.0,2,6,2
DEMO102521,51.526082602816146,-0.034947261808871075,3,3,4,17/12/2025,3,21:50,9,30.0,9,5,,1.0,1,5,19
DEMO102522,53.40909987733617,-2.3467462893590616,3,1,2,24/09/2025,3,11:06,9,30.0,6,6,1.0,1.0,2,6,19
DEMO102523,51.35815756983345,-2.448422414123595,2,3,4,21/11/2025,5,19:57,3,30.0,2,6,5.0,1.0,2,6,4
DEMO102524,51.78618643860349,-0.3429302772037557,3,1,2,08/06/2025,7,22:06,1,30.0,9,1,8.0,1.0,1,6,17
DEMO102525,53.82850328315076,-1.3776469339254087,2,3,5,14/04/2025,1,13:03,3,20.0,9,1,3.0,2.0,1,3,6
DEMO102526,53.49304750590094,-2.6109980336106995,3,2,2,06/07/2025,7,05:01,2,60.0,0,1,8.0,2.0,1,3,32
DEMO102527,54.61841968677008,-6.129825761260864,3,3,6,26/10/2025,7,00:14,3,30.0,2,5,6.0,1.0,2,6,17
DEMO102528,52.49400224980898,-1.5570757673992897,3,4,4,06/12/2025,6,18:50,1,70.0,2,5,1.0,1.0,2,3,9
DEMO102529,53.34261100385975,-1.1493053763213668,3,2,4,08/09/2025,1,13:18,3,20.0,1,1,1.0,6.0,1,6,34
DEMO102530,51.584760006245745,-3.315992439608588,2,3,5,15/09/2025,1,03:47,7,30.0,2,6,1.0,1.0,1,4,14
DEMO102531,56.42675202678737,-3.2210585411277473,2,3,3,06/07/2025,7,01:25,2,60.0,0,1,1.0,1.0,1,4,1
DEMO102532,54.737404416853416,-5.904475833780824,3,1,1,27/04/2025,7,23:06,3,30.0,8,1,3.0,1.0,1,5,14
DEMO102533,53.36338345315755,-2.318948646903668,3,4,5,04/06/2025,3,07:28,3,20.0,1,1,1.0,1.0,2,2,7
DEMO102534,56.177181298868,-2.896309947488799,2,4,5,01/07/2025,2,07:13,2,20.0,9,5,7.0,1.0,1,6,31
DEMO102535,54.58347249855424,-5.9772993444943765,2,1,4,25/10/2025,6,15:17,7,60.0,7,1,3.0,1.0,1,5,6
DEMO102536,54.07525138208972,-1.4542598702454494,3,2,2,22/07/2025,2,08:31,9,30.0,2,7,1.0,1.0,1,1,9
DEMO102537,53.28670954021338,-2.4643458849706907,3,2,3,17/10/2025,5,21:47,9,30.0,8,5,9.0,1.0,1,6,21
DEMO102538,52.66951036891695,-1.180589959518136,3,1,1,10/01/2025,5,16:35,7,60.0,8,4,8.0,1.0,1,1,28
DEMO102539,53.42678286626215,-3.0896783370655254,3,3,3,04/10/2025,6,08:13,12,50.0,8,1,5.0,1.0,1,2,19
DEMO102540,54.0650185247413,-1.6216375047088434,3,4,5,05/07/2025,6,06:43,9,60.0,9,6,5.0,1.0,2,2,39
DEMO102541,54.48378978220532,-5.643979238978571,3,4,5,31/12/2025,3,20:41,1,30.0,8,7,8.0,1.0,1,1,28
DEMO102542,54.70167358898767,-5.934741737726292,3,2,3,22/06/2025,7,14:14,3,50.0,8,1,3.0,3.0,1,2,43
DEMO102543,51.33318413684619,-2.5073857903673438,3,3,3,24/06/2025,2,22:51,7,40.0,8,1,6.0,2.0,1,3,15
DEMO102544,56.12325226973439,-3.3392316096747323,3,3,3,16/02/2025,7,08:50,7,30.0,3,1,1.0,1.0,1,6,24
DEMO102545,51.388797641694936,-2.642520006913971,2,2,2,22/10/2025,3,00:36,9,40.0,8,1,2.0,1.0,1,4,8
DEMO102546,56.001589711194676,-2.9406586866930646,2,2,5,14/09/2025,7,21:17,3,70.0,7,1,2.0,1.0,1,3,44
DEMO102547,53.321135664751736,-1.8044550516959543,2,4,4,11/11/2025,2,05:21,12,30.0,9,5,1.0,1.0,1,3,29
DEMO102548,53.27333540806409,-3.402579914070063,3,4,8,03/02/2025,1,20:26,6,40.0,6,1,1.0,2.0,1,2,27
DEMO102549,52.140120980834396,-1.9955510735012576,3,4,4,19/03/2025,3,17:11,12,30.0,2,6,1.0,6.0,2,6,30
DEMO102550,53.1471233674857,-1.5515527262223143,3,3,5,17/11/2025,1,05:18,6,50.0,3,1,1.0,1.0,1,2,41
DEMO102551,53.75068721192273,-1.5995427130987057,3,4,5,16/01/2025,4,18:08,3,40.0,3,5,1.0,1.0,1,5,26
DEMO102552,53.561578846068095,-2.286587661215048,3,2,2,05/07/2025,6,01:09,3,30.0,3,7,2.0,1.0,2,2,35
DEMO102553,53.814519878155814,-2.2261401751045002,3,4,5,28/05/2025,3,09:44,3,20.0,7,1,5.0,1.0,1,6,28
DEMO102554,54.50373434470224,-6.015741994034006,2,1,2,09/12/2025,2,08:07,3,30.0,9,1,3.0,1.0,1,5,19
DEMO102555,52.37154695659264,-1.5506672658716265,2,3,3,09/11/2025,7,15:28,9,30.0,2,4,4.0,1.0,1,2,18
DEMO102556,55.71480055007031,-2.977493097041596,3,2,2,24/11/2025,1,12:25,3,50.0,9,1,1.0,1.0,1,4,33
DEMO102557,51.63560061127475,-3.1945997869292557,3,3,3,16/04/2025,3,14:02,3,30.0,8,6,6.0,2.0,1,2,7
DEMO102558,51.61026482068247,0.10377606612464554,3,2,2,03/08/2025,7,11:49,3,30.0,1,6,1.0,1.0,2,4,9
DEMO102559,53.4616431116679,-2.078198416632018,3,2,2,13/09/2025,6,17:59,7,30.0,2,5,1.0,1.0,1,1,42
DEMO102560,53.01684003620673,-1.064225271378605,3,2,3,20/12/2025,6,03:38,3,30.0,9,7,2.0,6.0,2,3,6
DEMO102561,51.387316963720586,-2.3689175689299966,3,3,4,03/01/2025,5,17:40,1,50.0,8,1,7.0,2.0,1,5,5
DEMO102562,56.10871918140008,-4.374443490455589,3,3,5,23/12/2025,2,01:13,9,50.0,1,1,9.0,1.0,1,2,40
DEMO102563,51.31469628570968,-2.4474491461547503,3,5,6,10/05/2025,6,02:50,3,60.0,7,1,5.0,6.0,1,5,36
DEMO102564,53.32311074129675,-3.130598345704277,2,2,2,16/02/2025,7,17:47,12,30.0,2,5,4.0,2.0,1,1,40
DEMO102565,53.22546283603309,-2.8982767827988156,3,3,3,13/08/2025,3,03:26,1,50.0,7,1,2.0,1.0,2,3,21
DEMO102566,55.930101784315994,-3.4891017742655595,3,2,3,13/10/2025,1,18:42,7,30.0,1,1,4.0,1.0,1,3,32
DEMO102567,53.24153072321319,-1.2406534218523313,3,2,3,17/02/2025,1,03:57,7,20.0,2,7,1.0,,2,3,24
DEMO102568,51.341211597545986,-2.5743430984726188,3,2,3,15/01/2025,3,03:36,3,50.0,3,1,1.0,1.0,1,1,40
DEMO102569,54.381324619842566,-5.86159602190804,2,4,6,24/11/2025,1,22:11,7,20.0,7,1,9.0,4.0,2,3,12
DEMO102570,55.78077935038733,-3.1927671076749022,2,3,3,07/12/2025,7,04:19,3,20.0,2,1,8.0,1.0,1,5,38
DEMO102571,54.30775326111785,-5.657029763493762,3,1,2,27/02/2025,4,21:11,3,20.0,8,1,1.0,1.0,1,1,37
DEMO102572,55.92865398597101,-4.178532297317714,3,3,3,26/11/2025,3,08:19,9,40.0,8,1,1.0,1.0,2,3,40
DEMO102573,51.29929777763663,-2.348836838399573,2,5,5,29/11/2025,6,19:53,12,30.0,7,1,1.0,2.0,1,3,37
DEMO102574,56.243316010608595,-3.3059797290534796,3,1,1,31/12/2025,3,22:11,3,60.0,9,1,2.0,1.0,2,3,7
DEMO102575,53.97125513153958,-1.4006327716243154,2,4,5,20/03/2025,4,02:53,7,30.0,8,6,1.0,1.0,1,5,30
DEMO102576,53.81334127419393,-1.1587954251391364,3,1,2,31/07/2025,4,07:17,3,30.0,0,1,3.0,1.0,1,2,34
DEMO102577,53.51101911025813,-2.590963747672376,3,2,2,29/12/2025,1,13:29,1,40.0,0,5,1.0,2.0,1,3,14
DEMO102578,54.75183150020135,-6.531739205955761,3,4,5,26/11/2025,3,20:31,2,60.0,8,5,1.0,1.0,1,6,22
DEMO102579,52.865709749446516,-1.1065065349627936,3,4,6,09/08/2025,6,04:07,7,50.0,8,6,1.0,1.0,1,2,14
DEMO102580,51.417877734660564,-2.929789116875148,2,1,1,13/03/2025,4,04:11,9,30.0,9,7,5.0,1.0,2,3,8
DEMO102581,53.60246133674337,-3.072356420915054,3,2,2,31/01/2025,5,08:18,6,60.0,0,1,1.0,1.0,1,4,31
DEMO102582,54.00650034491221,-1.6682848203157752,3,1,2,05/04/2025,6,04:03,12,40.0,2,1,2.0,1.0,2,5,34
DEMO102583,53.242272966162815,-1.3129763726517936,3,2,3,24/01/2025,5,06:45,9,70.0,8,1,3.0,1.0,1,2,1
DEMO102584,51.867772172846585,-2.608997865687613,3,3,3,13/03/2025,4,03:32,3,40.0,9,1,5.0,2.0,1,2,16
DEMO102585,52.71132586792283,-1.3236481301161187,3,3,4,28/01/2025,2,19:50,3,30.0,3,6,1.0,1.0,1,1,44
DEMO102586,51.043108566761006,-2.4485359568835174,2,3,4,06/10/2025,1,19:51,7,60.0,6,4,4.0,1.0,2,4,3
DEMO102587,54.1108573615659,-1.7861844149357395,3,4,4,04/08/2025,1,03:20,3,20.0,9,1,1.0,1.0,1,4,3
DEMO102588,54.72846530343976,-6.103679399734124,3,1,2,09/07/2025,3,12:49,1,50.0,3,1,3.0,1.0,2,3,20
DEMO102589,51.48787102567495,-2.6677790068054636,3,3,4,23/10/2025,4,15:03,1,40.0,8,7,2.0,1.0,1,4,21
DEMO102590,51.65321294867577,-0.16426406102099883,2,2,2,30/05/2025,5,15:25,3,30.0,9,4,7.0,1.0,1,3,16
DEMO102591,51.33227881540405,-2.533720808101904,3,2,3,28/05/2025,3,23:39,6,20.0,2,1,9.0,1.0,1,1,37
DEMO102592,52.641964122481056,-1.1010046543736107,2,5,8,17/03/2025,1,15:27,7,20.0,2,7,5.0,1.0,1,4,15
DEMO102593,52.40525764253847,-2.028041156562164,3,3,4,12/06/2025,4,16:44,9,20.0,9,5,7.0,,1,3,26
DEMO102594,53.67530003501412,-1.4806005383114764,3,1,2,05/03/2025,3,00:51,12,40.0,3,1,1.0,1.0,1,6,4
DEMO102595,52.30827777889859,-1.860084137793124,2,3,3,04/08/2025,1,01:25,9,50.0,0,1,3.0,1.0,1,5,20
DEMO102596,52.84630942276286,-1.1459734264308004,3,2,3,31/12/2025,3,14:16,3,30.0,6,5,1.0,3.0,2,1,6
DEMO102597,55.75823938024896,-4.610504745882103,3,2,2,14/07/2025,1,21:34,6,30.0,7,1,1.0,1.0,1,5,16
DEMO102598,54.51234965043894,-5.812645404569846,2,6,6,20/04/2025,7,09:52,3,60.0,2,7,2.0,2.0,1,3,15
DEMO102599,51.523094931954,-2.439911578838279,3,2,3,09/09/2025,2,15:59,12,30.0,8,6,4.0,,1,2,10
DEMO102600,51.58201117473484,-2.9923876738640645,3,4,5,27/10/2025,1,05:48,6,60.0,2,5,4.0,1.0,1,1,28
DEMO102601,53.53471564286066,-2.2014752838210647,3,1,1,22/06/2025,7,10:14,3,20.0,1,5,6.0,4.0,2,5,34
DEMO102602,55.49593497106999,-2.9275451540509376,2,2,3,02/04/2025,3,18:12,9,60.0,2,7,2.0,,1,3,29
DEMO102603,52.77168238414533,-1.0378428925250816,2,2,2,18/09/2025,4,15:34,6,50.0,7,1,7.0,3.0,2,5,31
DEMO102604,55.77262566799934,-3.2836743184225057,2,4,4,10/03/2025,1,02:24,12,30.0,9,1,6.0,1.0,1,4,32
DEMO102605,56.16870528268321,-3.199531537138806,3,4,6,31/12/2025,3,21:36,2,30.0,6,6,6.0,1.0,1,4,37
DEMO102606,52.80207793722049,-1.2919361003646574,3,5,5,27/04/2025,7,22:55,3,30.0,8,1,1.0,1.0,1,6,7
DEMO102607,53.45929171896756,-1.7830633478143287,3,4,5,08/05/2025,4,11:32,12,30.0,0,5,2.0,1.0,2,5,34
DEMO102608,53.07881880808391,-0.9870564928269372,2,2,2,23/09/2025,2,08:21,6,30.0,3,1,4.0,1.0,1,2,7
DEMO102609,55.96972462274262,-3.246646530871792,3,3,4,05/01/2025,7,12:52,3,50.0,3,1,8.0,4.0,1,1,6
DEMO102610,55.049892673098675,-5.761396352755774,2,2,2,16/03/2025,7,19:26,7,50.0,8,1,1.0,1.0,1,3,30
DEMO102611,54.3486962147995,-5.479852699793471,3,2,2,15/02/2025,6,10:36,7,30.0,7,6,1.0,3.0,2,5,1
DEMO102612,53.44156913251522,-1.9891877303083114,3,5,6,23/05/2025,5,00:08,2,50.0,8,1,1.0,1.0,1,2,10
DEMO102613,53.194422143735295,-1.6985423648889644,3,2,3,22/07/2025,2,01:30,3,30.0,2,1,1.0,1.0,1,5,9
DEMO102614,52.29987378286463,-2.0232376946916815,2,3,3,07/03/2025,5,19:25,3,20.0,9,1,5.0,1.0,1,2,43
DEMO102615,55.716110322032726,-4.112078820037484,2,2,2,06/05/2025,2,18:07,3,30.0,8,1,1.0,1.0,1,4,1
DEMO102616,54.39958953853182,-5.827094112799138,3,2,2,09/10/2025,4,18:12,3,30.0,9,5,1.0,1.0,1,3,24
DEMO102617,51.54086150455331,0.19292084225636816,2,4,6,10/12/2025,3,03:42,3,20.0,2,7,4.0,4.0,1,2,39
DEMO102618,53.39243938072364,-1.5552907778097227,2,3,3,06/01/2025,1,04:10,9,20.0,0,5,2.0,3.0,1,3,41
DEMO102619,54.591624192627464,-6.230752875725043,2,4,4,18/08/2025,1,09:07,7,30.0,7,4,1.0,1.0,1,4,16
DEMO102620,51.7098891223617,-3.399307010484072,3,3,4,10/01/2025,5,05:03,3,70.0,6,1,3.0,1.0,1,1,6
DEMO102621,51.554959610917216,-2.3000074075819232,3,2,2,09/07/2025,3,09:01,3,50.0,8,7,2.0,1.0,1,2,42
DEMO102622,52.63658235108173,-1.8493819043124715,2,1,2,18/11/2025,2,13:26,3,70.0,0,7,9.0,1.0,1,3,12
DEMO102623,54.626357682424455,-5.7273968067847365,3,4,5,19/10/2025,7,06:29,3,20.0,7,6,4.0,2.0,1,4,6
DEMO102624,54.652954241153196,-6.008377221088941,2,1,4,26/03/2025,3,02:37,12,60.0,1,1,,1.0,1,4,11
DEMO102625,53.121786889518965,-1.3308540634904085,3,2,3,05/04/2025,6,09:34,3,30.0,6,1,1.0,1.0,1,5,30
DEMO102626,54.39152691648206,-5.769510181353405,3,2,3,13/10/2025,1,17:32,9,30.0,1,1,5.0,1.0,1,5,15
DEMO102627,51.38966256313142,-0.44374784610972395,2,3,4,27/10/2025,1,14:59,7,30.0,9,1,2.0,5.0,1,4,4
DEMO102628,53.394270144605386,-1.349944168249702,2,1,2,13/04/2025,7,07:14,9,30.0,1,1,4.0,2.0,1,1,34
DEMO102629,51.514874295109784,0.26443928466801847,2,3,3,02/01/2025,4,07:42,9,30.0,7,7,2.0,4.0,1,2,31
DEMO102630,54.34148072559739,-6.469697957791404,3,3,5,12/06/2025,4,14:04,9,50.0,0,1,1.0,1.0,2,1,18
DEMO102631,56.00136697607899,-4.474412175438547,2,3,3,15/08/2025,5,04:50,7,60.0,1,1,1.0,1.0,2,3,1
DEMO102632,51.74070244821468,-3.1818680758586066,3,2,2,11/06/2025,3,20:21,3,30.0,6,7,6.0,1.0,1,6,28
DEMO102633,53.200257853050175,-1.2675834098178635,2,3,4,08/12/2025,1,20:20,7,60.0,0,7,5.0,3.0,1,4,4
DEMO102634,51.382612345563366,-0.1556469874207961,1,1,1,24/10/2025,5,00:08,1,30.0,7,1,1.0,1.0,1,3,6
DEMO102635,51.66038701612867,0.40535142827125215,3,1,5,15/10/2025,3,23:30,3,20.0,1,1,3.0,2.0,1,4,12
DEMO102636,51.381929116939595,-2.742252517458895,3,4,5,08/01/2025,3,00:23,9,30.0,8,6,4.0,1.0,1,2,5
DEMO102637,55.876888340523394,-4.300455509335075,3,4,6,08/11/2025,6,11:58,7,30.0,9,7,2.0,1.0,1,4,25
DEMO102638,52.68456890785833,-2.125354908183876,3,4,5,03/10/2025,5,16:10,3,20.0,8,5,1.0,1.0,1,5,42
DEMO102639,51.72291461415666,-3.514460121207908,3,1,1,25/05/2025,7,07:25,9,30.0,0,1,6.0,1.0,1,6,23
DEMO102640,53.401239291074816,-2.1357069086790723,2,4,4,04/08/2025,1,04:54,1,30.0,6,5,3.0,2.0,2,1,16
DEMO102641,53.31492687406337,-3.379347417868135,3,4,5,28/10/2025,2,01:48,9,60.0,1,6,4.0,6.0,1,1,29
DEMO102642,53.75049697021112,-2.5540720210145444,3,4,4,27/11/2025,4,17:45,9,60.0,3,1,3.0,1.0,1,5,17
DEMO102643,53.390233079437685,-2.9806506006156686,2,5,5,21/07/2025,1,00:31,2,70.0,8,1,4.0,1.0,1,4,36
DEMO102644,52.86827504040604,-2.8505613684232163,3,4,5,16/01/2025,4,11:52,1,20.0,0,6,1.0,2.0,1,5,2
DEMO102645,51.58659324102076,-0.33590505356639067,3,1,2,14/08/2025,4,09:13,12,20.0,2,5,7.0,1.0,1,3,4
DEMO102646,52.81055569400039,-1.3355228370777874,3,2,2,06/09/2025,6,23:48,1,40.0,8,1,1.0,2.0,1,2,18
DEMO102647,55.90213172808196,-3.580434288110237,1,6,6,22/01/2025,3,22:34,12,40.0,3,6,6.0,2.0,1,1,24
DEMO102648,54.704069209457245,-5.807789620814844,3,5,5,26/10/2025,7,19:20,3,30.0,2,5,7.0,1.0,1,5,22
DEMO102649,53.46798965206702,-1.540620403439953,2,1,2,15/03/2025,6,17:13,3,60.0,9,1,3.0,1.0,1,1,12
DEMO102650,51.61916450969699,-3.176669087099606,3,3,4,22/11/2025,6,13:31,7,70.0,1,1,3.0,1.0,1,3,34
DEMO102651,51.208880211486274,-3.4938613300545946,2,2,3,21/07/2025,1,08:00,6,30.0,8,1,1.0,1.0,2,6,22
DEMO102652,54.46360010684387,-5.735287816578102,3,6,9,28/04/2025,1,03:42,3,70.0,1,7,2.0,4.0,1,3,44
DEMO102653,51.5117709837347,,2,1,1,22/01/2025,3,23:14,7,30.0,9,1,3.0,1.0,1,6,4
DEMO102654,51.2601226481703,-2.9656227507743242,2,3,4,07/01/2025,2,09:23,3,30.0,8,6,1.0,1.0,1,4,32
DEMO102655,52.73394606128164,-1.3155176419200074,3,3,3,28/09/2025,7,10:11,1,30.0,2,4,1.0,1.0,1,4,19
DEMO102656,51.56769726839872,-0.049500459726723775,2,3,3,18/05/2025,7,03:27,9,40.0,9,7,9.0,2.0,1,4,12
DEMO102657,53.8960785651155,-1.7302441665366086,3,1,1,03/11/2025,1,06:22,6,20.0,1,7,1.0,1.0,2,6,16
DEMO102658,55.83221686940543,-4.02095701981982,3,2,2,26/03/2025,3,15:11,7,40.0,9,7,1.0,1.0,1,2,30
DEMO102659,52.597718610906405,-2.180688370001092,3,3,4,02/12/2025,2,10:53,7,30.0,8,6,1.0,1.0,2,2,41
DEMO102660,54.13350243960584,-2.9192919962935355,3,3,3,10/12/2025,3,14:45,7,30.0,1,1,3.0,1.0,1,3,35
DEMO102661,55.68512975533379,-3.4812837565336907,3,3,3,07/02/2025,5,05:23,3,50.0,7,1,2.0,1.0,1,1,4
DEMO102662,52.08311156215773,-1.9930137880576109,2,4,5,25/08/2025,1,01:03,12,30.0,0,1,5.0,1.0,1,1,19
DEMO102663,53.610609089927664,-2.838174323114886,3,2,3,09/12/2025,2,21:50,3,40.0,7,5,2.0,1.0,1,6,5
DEMO102664,53.26793663879262,-2.516472622951723,3,2,4,28/04/2025,1,10:41,12,70.0,7,1,1.0,4.0,1,1,14
DEMO102665,53.02131831884417,-1.0455774849486117,3,2,2,25/01/2025,6,08:33,9,60.0,3,1,2.0,2.0,1,2,20
DEMO102666,53.59008566780867,-2.061289449095765,2,3,4,16/11/2025,7,06:36,9,70.0,8,1,1.0,6.0,1,6,19
DEMO102667,54.591059638064905,-6.410443235855541,3,2,2,23/06/2025,1,15:00,6,30.0,9,6,5.0,5.0,1,4,42
DEMO102668,51.55741212790274,-0.013643130394352485,2,2,2,10/01/2025,5,13:28,1,40.0,7,1,1.0,1.0,2,3,43
DEMO102669,54.9049749719396,-5.659931665138495,2,1,1,03/11/2025,1,09:11,3,60.0,8,1,1.0,1.0,1,2,35
DEMO102670,55.84310525004839,-3.367890268634269,3,4,5,05/09/2025,5,22:39,7,70.0,1,4,2.0,2.0,1,2,2
DEMO102671,51.71142023095631,-3.385372224153423,3,4,4,26/01/2025,7,21:55,3,30.0,9,4,1.0,1.0,1,3,15
DEMO102672,51.245809617340356,-3.5693309964798643,2,1,3,05/04/2025,6,04:31,2,70.0,9,7,2.0,6.0,1,3,4
DEMO102673,53.54396990310244,-2.4733589800706497,2,5,7,07/01/2025,2,15:36,6,30.0,9,5,2.0,1.0,1,6,32
DEMO102674,54.68492331165311,-5.685565065879083,2,2,3,15/12/2025,1,23:40,3,60.0,8,6,8.0,1.0,2,3,12
DEMO102675,53.36736361242636,-1.5702977151157436,3,3,4,10/01/2025,5,11:55,3,40.0,2,1,1.0,1.0,1,3,4
DEMO102676,54.77193763350371,-5.8101255725254894,3,4,4,18/10/2025,6,00:02,6,30.0,2,1,2.0,3.0,1,5,20
DEMO102677,51.4893914176844,-3.328982314752367,2,3,3,06/07/2025,7,03:18,2,30.0,6,5,4.0,1.0,1,1,44
DEMO102678,53.014650465901575,-1.1850002797325894,3,3,5,01/08/2025,5,16:16,2,30.0,0,1,1.0,1.0,1,3,11
DEMO102679,51.32742707349674,-2.288878433862174,2,4,4,24/10/2025,5,21:42,3,50.0,7,6,3.0,1.0,1,4,8
DEMO102680,52.3065176506637,-1.5671878384556588,3,3,3,23/11/2025,7,03:26,7,40.0,2,7,6.0,1.0,1,1,31
DEMO102681,52.30201997403177,-1.8537040037102384,3,2,2,16/02/2025,7,13:46,12,30.0,8,1,5.0,2.0,1,6,8
DEMO102682,51.34415602810498,-2.6377726819850205,2,3,5,07/01/2025,2,11:28,3,40.0,7,6,8.0,1.0,1,2,15
DEMO102683,55.722684080204296,-3.377999913399132,3,3,4,15/02/2025,6,06:58,9,40.0,2,1,4.0,2.0,1,2,1
DEMO102684,53.29098727107413,-0.965597543740124,3,3,4,07/09/2025,7,15:46,3,30.0,8,1,1.0,1.0,1,6,30
DEMO102685,53.35295423078672,-3.020332174844757,3,3,4,27/07/2025,7,21:01,7,30.0,2,1,7.0,1.0,1,5,13
DEMO102686,53.47916287808013,-1.931736661712896,3,6,7,31/01/2025,5,05:59,2,30.0,2,5,1.0,4.0,1,3,32
DEMO102687,52.74820675001012,-1.5619045490600336,2,2,2,27/03/2025,4,01:57,9,30.0,3,7,3.0,1.0,1,3,3
DEMO102688,53.749090566682284,-1.5737467337147184,2,5,6,16/07/2025,3,08:02,9,60.0,1,1,,1.0,1,2,24
DEMO102689,54.5514402745137,,2,2,4,24/09/2025,3,07:23,7,70.0,2,5,6.0,1.0,1,2,41
DEMO102690,55.75815120735262,-4.128946497174828,2,4,5,06/05/2025,2,17:58,1,40.0,2,1,7.0,4.0,1,2,33
DEMO102691,53.291628995256715,-1.7803679945160704,3,3,5,13/12/2025,6,12:50,9,30.0,0,1,1.0,1.0,1,6,16
DEMO102692,51.44362113785535,-3.2117472446374147,3,3,4,29/12/2025,1,00:28,3,60.0,2,5,4.0,1.0,1,4,29
DEMO102693,53.3537140362557,-2.7578139700454765,2,4,5,07/10/2025,2,08:32,6,30.0,3,6,1.0,3.0,1,1,24
DEMO102694,54.35502856485432,-5.854558266000092,3,2,2,15/06/2025,7,17:01,9,40.0,8,5,5.0,1.0,1,2,1
DEMO102695,51.60933632178139,-2.507610709320573,3,5,7,17/11/2025,1,11:33,7,70.0,1,7,4.0,1.0,1,6,12
DEMO102696,52.28570394911335,-2.0855369015789806,2,3,5,23/09/2025,2,13:39,9,60.0,2,1,1.0,1.0,2,1,8
DEMO102697,53.55409901139129,-3.043767601827035,2,1,2,09/07/2025,3,06:21,7,70.0,0,4,6.0,1.0,1,1,7
DEMO102698,52.24673132895527,-2.1363214354833255,3,3,4,11/06/2025,3,07:18,9,20.0,0,1,2.0,4.0,1,1,11
DEMO102699,52.517382653217496,-1.647317470932142,3,5,5,31/10/2025,5,03:49,3,30.0,2,6,2.0,1.0,1,5,3
DEMO102700,51.29721452914706,-3.077573157771724,2,3,4,23/07/2025,3,01:26,3,60.0,6,1,8.0,4.0,1,4,25
DEMO102701,55.82229747646345,-3.1575741598321976,3,3,4,08/03/2025,6,00:15,6,30.0,8,1,3.0,5.0,1,1,21
DEMO102702,53.56738813235069,-2.199911289126704,3,3,3,31/12/2025,3,14:22,7,60.0,8,6,3.0,1.0,1,2,38
DEMO102703,51.694173401538755,-2.887703584702047,2,4,7,25/01/2025,6,03:29,7,30.0,9,1,1.0,1.0,2,6,15
DEMO102704,51.83545685246151,0.35647004272684746,1,2,3,11/09/2025,4,13:15,7,60.0,9,5,1.0,1.0,2,4,5
DEMO102705,53.86795602049588,-1.5294068078542475,2,2,2,28/08/2025,4,22:33,9,30.0,1,7,1.0,2.0,2,5,25
DEMO102706,55.86321849913643,-4.231938435877801,3,3,3,02/08/2025,6,16:51,3,30.0,1,1,1.0,1.0,1,2,40
DEMO102707,53.62740285862512,-1.4537529002344733,2,3,4,19/01/2025,7,13:44,3,70.0,6,4,1.0,1.0,2,1,40
DEMO102708,55.54211337225121,-3.9030811305923563,3,4,5,29/06/2025,7,02:13,12,50.0,7,7,2.0,4.0,1,5,39
DEMO102709,51.59326009961445,-2.9928863573241675,3,2,2,22/11/2025,6,11:28,3,30.0,7,5,4.0,1.0,1,5,43
DEMO102710,51.461788864204536,-0.031956892075214266,3,2,2,29/03/2025,6,21:32,2,70.0,6,1,1.0,3.0,2,1,35
DEMO102711,51.50902949504149,0.057703953302056826,3,1,5,10/09/2025,3,09:40,9,40.0,9,6,,1.0,2,5,41
DEMO102712,54.525626231804544,-5.82991575453423,3,1,3,10/11/2025,1,19:45,3,40.0,6,1,7.0,1.0,1,4,13
DEMO102713,52.82557870859927,-1.4930342020269922,3,3,4,14/12/2025,7,17:29,6,30.0,9,6,1.0,2.0,1,3,14
DEMO102714,53.07659777243562,-0.9011933565199344,1,3,3,08/07/2025,2,06:18,9,60.0,9,4,3.0,2.0,1,4,32
DEMO102715,53.71528854506442,-3.1825375200172563,3,2,2,25/04/2025,5,03:39,6,40.0,3,1,1.0,1.0,1,6,3
DEMO102716,53.19242798322065,-3.012124448413245,2,4,5,13/09/2025,6,00:07,9,40.0,1,6,2.0,1.0,1,6,14
DEMO102717,55.52687797023168,-4.437516201556767,3,2,2,27/06/2025,5,06:40,9,70.0,2,1,4.0,2.0,1,6,24
DEMO102718,52.91250672576728,-1.2210330163623633,3,3,5,17/08/2025,7,07:53,6,30.0,2,7,1.0,6.0,2,1,13
DEMO102719,52.357003339673184,-1.8328603810067583,3,3,3,28/09/2025,7,15:42,12,60.0,9,6,1.0,,1,3,28
DEMO102720,53.594161942245705,-1.143991154223207,1,2,2,17/09/2025,3,13:26,3,60.0,9,7,6.0,1.0,1,1,18
DEMO102721,55.95529241523611,-4.352901291729378,3,3,4,30/03/2025,7,11:49,3,20.0,1,1,1.0,1.0,1,1,6
DEMO102722,52.827410520685504,-1.5391981427430819,3,1,2,03/10/2025,5,17:31,7,50.0,0,1,4.0,1.0,1,6,31
DEMO102723,51.64850618514506,-2.972223639630762,2,1,1,17/07/2025,4,18:32,7,60.0,8,1,3.0,1.0,1,5,32
DEMO102724,55.97216355833501,-3.4837221223545476,3,5,5,06/12/2025,6,17:51,3,40.0,7,1,1.0,1.0,1,5,7
DEMO102725,53.40766246010226,-1.67342372190745,1,3,3,29/08/2025,5,21:11,3,30.0,8,1,4.0,1.0,2,4,3
DEMO102726,52.55663179907475,-1.7067922113338083,3,3,3,22/11/2025,6,08:46,3,20.0,2,4,,1.0,1,2,30
DEMO102727,51.343576161684666,-0.35116783751903813,3,2,3,24/12/2025,3,19:40,3,20.0,1,1,1.0,1.0,2,4,11
DEMO102728,53.033138105708986,-1.4573692381634404,2,1,1,29/12/2025,1,10:31,3,30.0,2,7,8.0,6.0,2,1,19
DEMO102729,53.65510887444414,-2.5604322040522076,3,2,2,29/09/2025,1,04:04,12,40.0,0,1,2.0,1.0,1,3,42
DEMO102730,54.483572319391214,-5.961932260137018,3,2,2,07/08/2025,4,03:45,9,40.0,3,1,4.0,2.0,1,1,15
DEMO102731,52.91126875744656,-0.8010544384891617,2,3,3,13/02/2025,4,02:13,6,40.0,0,5,1.0,1.0,1,3,34
DEMO102732,54.71550873143389,-5.682481292235514,2,2,2,21/05/2025,3,22:53,6,30.0,3,1,1.0,2.0,2,1,44
DEMO102733,53.75059781471336,-2.0490591098111346,3,6,9,23/06/2025,1,04:47,1,50.0,8,5,4.0,2.0,1,3,35
DEMO102734,53.274793249925025,-2.6895763165039206,3,1,2,12/10/2025,7,20:21,6,60.0,0,5,4.0,1.0,2,5,39
DEMO102735,52.53021619367424,-1.9550138649189905,3,1,5,03/08/2025,7,18:26,7,60.0,9,5,1.0,1.0,2,1,40
DEMO102736,52.94916346583427,-1.4352477863621464,3,1,2,10/06/2025,2,10:01,9,50.0,1,5,4.0,2.0,1,3,38
DEMO102737,53.43146793037966,-2.118307029972617,3,2,3,23/02/2025,7,21:29,3,30.0,8,6,2.0,1.0,2,1,15
DEMO102738,53.07377830504886,-3.0761024849313325,1,2,4,19/09/2025,5,21:03,12,70.0,2,7,1.0,2.0,2,4,8
DEMO102739,51.320546123136396,-2.4435838266498786,3,2,3,07/06/2025,6,22:59,9,60.0,8,1,5.0,1.0,1,1,27
DEMO102740,53.25984249747486,-2.026043296184272,3,2,3,14/01/2025,2,11:38,2,70.0,0,1,3.0,1.0,2,6,3
DEMO102741,52.46199706768262,-2.083750497775864,3,2,3,14/04/2025,1,07:14,9,40.0,3,6,2.0,6.0,1,2,30
DEMO102742,52.87325259767646,-1.3000220365721278,3,2,4,18/11/2025,2,01:48,3,30.0,9,1,5.0,1.0,1,2,19
DEMO102743,54.383240146577904,-5.951455773482528,1,4,4,13/02/2025,4,20:01,12,30.0,1,4,2.0,1.0,1,1,29
DEMO102744,53.432858321963465,-1.9378195658785549,3,1,3,29/05/2025,4,20:32,7,30.0,8,5,8.0,1.0,1,2,15
DEMO102745,51.79031585852163,-2.7764197954783474,2,4,4,06/07/2025,7,12:06,3,30.0,8,1,5.0,6.0,1,6,9
DEMO102746,53.361471415532755,-1.8024146869245647,3,4,4,31/01/2025,5,01:03,3,30.0,2,1,1.0,1.0,1,3,10
DEMO102747,55.88351289595917,-3.5830258353311444,3,3,5,02/03/2025,7,19:14,7,70.0,0,6,2.0,1.0,1,5,3
DEMO102748,51.413796634449774,-2.199367315116037,2,2,2,10/12/2025,3,07:17,9,40.0,8,1,8.0,2.0,1,6,30
DEMO102749,54.4661946952257,-5.872535916462026,2,4,4,04/08/2025,1,13:43,9,30.0,9,1,7.0,2.0,1,4,17
DEMO102750,53.19682513716253,-2.1143372033350274,3,7,7,18/03/2025,2,15:53,3,50.0,1,6,1.0,1.0,1,1,40
DEMO102751,51.833071049929345,0.010348359845474137,3,3,3,03/03/2025,1,03:46,9,30.0,8,6,,6.0,2,2,41
DEMO102752,52.625235252589796,-1.7138201031257208,2,2,3,05/06/2025,4,01:44,6,20.0,8,4,1.0,1.0,1,4,13
DEMO102753,53.07254071167267,-1.5380717281650513,2,4,5,22/09/2025,1,01:33,3,50.0,7,1,6.0,1.0,1,6,28
DEMO102754,54.73209973968168,-5.965351779710767,2,2,2,24/09/2025,3,23:22,3,30.0,8,1,7.0,1.0,1,3,2
DEMO102755,51.11273030501724,-2.888205810234534,3,4,4,13/03/2025,4,22:15,9,30.0,0,6,5.0,1.0,2,2,17
DEMO102756,51.620382260834184,-3.1988652745456476,3,2,3,22/09/2025,1,10:56,7,40.0,6,1,1.0,3.0,1,5,16
DEMO102757,53.53611233285042,-1.1280037758632286,3,3,4,24/11/2025,1,10:31,3,30.0,9,7,6.0,1.0,1,6,17
DEMO102758,51.31022000031442,-2.150737150323617,3,2,3,24/03/2025,1,09:33,7,30.0,8,6,1.0,1.0,1,5,7
DEMO102759,53.41587760487327,-2.8506470874605725,2,2,3,10/01/2025,5,08:00,9,40.0,2,1,2.0,1.0,1,4,27
DEMO102760,52.47711167312128,-1.8438451624817165,3,4,4,16/12/2025,2,13:27,3,70.0,7,5,1.0,1.0,1,5,2
DEMO102761,53.263466278819074,-3.2366879902739263,2,3,6,10/07/2025,4,08:40,3,30.0,1,7,2.0,3.0,1,2,42
DEMO102762,51.34375942450611,-2.432800490498483,3,3,3,11/10/2025,6,14:29,3,30.0,2,7,2.0,1.0,1,6,39
DEMO102763,51.47915022356136,-0.20048981830778917,1,2,2,27/04/2025,7,09:36,2,40.0,1,4,1.0,3.0,1,1,13
DEMO102764,53.39673928710369,-1.9039767555046239,3,2,3,20/04/2025,7,15:48,3,50.0,1,1,1.0,1.0,1,5,3
DEMO102765,53.05841931891584,-1.5049180885164777,2,6,8,24/03/2025,1,22:01,9,40.0,6,5,5.0,6.0,1,5,19
DEMO102766,51.42743888524574,-2.7446924629235765,3,4,5,21/03/2025,5,04:54,3,50.0,2,5,1.0,2.0,1,1,16
DEMO102767,54.67853686890294,-5.701868837883917,2,4,4,22/06/2025,7,01:49,9,60.0,8,4,,1.0,1,1,44
DEMO102768,53.338597943482725,-2.5731318325289316,3,2,2,08/02/2025,6,12:25,12,30.0,9,1,1.0,1.0,1,6,43
DEMO102769,54.71252267167218,-5.750733323786877,3,4,5,04/11/2025,2,02:45,3,60.0,6,7,1.0,2.0,1,3,24
DEMO102770,,-1.1572163608585178,2,4,4,06/07/2025,7,05:03,3,30.0,1,1,1.0,1.0,1,2,32
DEMO102771,51.15103031656496,-0.07705698668079898,2,5,5,01/12/2025,1,18:18,2,60.0,9,1,4.0,1.0,1,6,22
DEMO102772,53.54886570668589,-1.8256004062685407,3,4,5,03/07/2025,4,10:06,7,50.0,0,1,2.0,2.0,1,5,9
DEMO102773,55.73916797871833,-4.183920269613232,3,3,4,21/04/2025,1,13:38,6,40.0,7,1,1.0,3.0,1,1,29
DEMO102774,52.875817834859795,-1.024138993429635,3,3,6,07/07/2025,1,18:51,7,30.0,1,1,6.0,2.0,2,1,23
DEMO102775,53.85713957787121,-1.4873247530827045,2,3,4,26/02/2025,3,03:36,9,40.0,9,1,1.0,3.0,1,1,34
DEMO102776,52.97684110496819,-1.2086982752486561,3,1,2,28/10/2025,2,11:42,9,30.0,2,1,5.0,1.0,1,3,10
DEMO102777,51.43954835400414,-3.063346139797423,3,1,2,20/09/2025,6,00:08,6,40.0,9,1,1.0,2.0,2,3,17
DEMO102778,51.573526522036914,-2.51381908380534,2,4,4,23/02/2025,7,11:56,9,40.0,9,1,7.0,1.0,1,5,3
DEMO102779,51.53966730057335,-0.005019590940351162,3,1,3,01/08/2025,5,05:11,12,30.0,9,1,1.0,2.0,1,1,37
DEMO102780,53.664298091837736,-2.0733202654210037,3,2,2,16/07/2025,3,21:31,7,30.0,8,1,2.0,1.0,1,5,19
DEMO102781,54.79506429908741,-6.12477734628122,3,2,4,15/03/2025,6,06:40,1,30.0,8,1,3.0,1.0,2,4,11
DEMO102782,56.14491078322002,-3.299317883750058,2,2,2,14/02/2025,5,04:51,9,60.0,9,1,2.0,6.0,1,5,42
DEMO102783,51.48399565357895,-3.523624628196064,3,3,3,05/10/2025,7,00:56,9,30.0,2,5,5.0,1.0,1,6,4
DEMO102784,51.381086943638934,-3.389787127075269,3,3,3,07/04/2025,1,03:35,7,40.0,8,1,1.0,1.0,2,5,21
DEMO102785,52.34734745961675,-1.7074688176333743,3,2,3,09/07/2025,3,05:34,7,70.0,1,5,2.0,1.0,2,3,24
DEMO102786,54.10192195608614,-1.4601776671896123,2,2,3,01/04/2025,2,05:25,3,20.0,2,1,6.0,1.0,2,6,22
DEMO102787,51.47423100865469,0.11966901656410117,3,2,2,27/08/2025,3,17:34,6,30.0,3,1,6.0,1.0,1,4,27
DEMO102788,51.53360617890871,0.10320281376215784,2,5,6,18/01/2025,6,21:40,9,70.0,9,1,2.0,5.0,1,6,29
DEMO102789,51.557602343133006,-2.929080636900731,3,2,2,12/05/2025,1,20:38,9,50.0,2,1,2.0,1.0,1,4,14
DEMO102790,54.10006821637792,-5.907485679155567,3,4,5,19/07/2025,6,22:35,2,30.0,7,4,5.0,1.0,1,4,35
DEMO102791,52.32133945231022,-1.554313127012749,2,1,1,10/06/2025,2,21:26,1,20.0,7,6,5.0,1.0,1,3,13
DEMO102792,56.26048414759296,-4.376118857532775,3,3,3,12/08/2025,2,10:11,3,40.0,8,4,6.0,3.0,2,2,24
DEMO102793,52.451365610396756,-0.8343333847831141,2,4,4,07/03/2025,5,09:03,3,60.0,1,1,6.0,2.0,1,6,21
DEMO102794,51.23804739463997,0.09691045901885997,3,1,2,11/06/2025,3,15:25,9,30.0,7,1,2.0,1.0,1,6,11
DEMO102795,51.40068215281943,-3.0107118494899088,3,2,2,04/10/2025,6,07:23,1,60.0,7,7,3.0,,1,1,22
DEMO102796,51.30301008245249,-3.171932689695951,3,2,4,02/05/2025,5,14:36,9,30.0,9,1,2.0,2.0,1,5,42
DEMO102797,52.81963751964551,-1.3096088097381045,3,1,2,27/02/2025,4,23:54,6,40.0,9,1,1.0,1.0,1,5,35
DEMO102798,55.65627743715073,-4.240612279770598,3,2,2,06/11/2025,4,04:42,7,20.0,2,1,5.0,,1,6,6
DEMO102799,51.42355217217152,-2.941743156418116,3,2,3,12/10/2025,7,18:48,6,40.0,1,7,3.0,1.0,2,5,28
DEMO102800,56.01758749983388,-2.928329276990236,2,2,3,06/09/2025,6,22:34,9,60.0,8,7,1.0,1.0,1,4,12
DEMO102801,53.48050915841666,-3.096042582231915,3,4,4,19/10/2025,7,12:55,3,30.0,6,1,4.0,6.0,1,3,37
DEMO102802,54.4493597863796,-6.01977337847346,3,1,1,12/10/2025,7,08:56,3,40.0,8,1,1.0,4.0,1,2,31
DEMO102803,51.68246139291634,-0.5558466441345651,2,3,3,30/09/2025,2,06:09,7,30.0,8,6,1.0,2.0,1,5,31
DEMO102804,53.50654140388177,-2.4848475898138855,3,1,3,05/07/2025,6,04:38,3,30.0,0,1,3.0,1.0,2,6,39
DEMO102805,54.79010061480894,-5.291359509382925,3,4,4,08/01/2025,3,07:30,3,20.0,9,1,4.0,6.0,1,1,10
DEMO102806,53.852684249023056,-1.6941904810077308,3,5,6,06/08/2025,3,17:58,12,40.0,2,1,2.0,1.0,1,4,34
DEMO102807,53.75371756163698,-1.2952024300140286,3,4,5,10/04/2025,4,12:35,9,70.0,9,1,1.0,5.0,2,2,37
DEMO102808,55.91066284104784,-3.4903075988915386,3,2,3,10/10/2025,5,05:00,3,30.0,3,1,2.0,1.0,1,6,44
DEMO102809,53.544209208713454,-2.5604249351252903,2,4,5,20/06/2025,5,13:12,9,30.0,9,5,1.0,1.0,1,6,11
DEMO102810,53.182036930030165,-1.1604102287982974,3,2,2,27/11/2025,4,19:07,3,30.0,1,5,7.0,1.0,2,3,26
DEMO102811,53.8233231706346,-1.5314548201502043,2,1,1,06/08/2025,3,00:12,3,40.0,6,4,1.0,3.0,1,5,26
DEMO102812,53.51841910872984,-2.384993503314229,3,2,3,20/07/2025,7,00:05,3,30.0,0,1,6.0,1.0,1,3,17
DEMO102813,54.69902222278795,-5.92931811227449,2,4,5,02/12/2025,2,23:46,2,70.0,8,1,1.0,1.0,1,6,11
DEMO102814,53.16129450418301,-2.426664234773275,3,3,4,23/06/2025,1,17:29,3,50.0,9,7,1.0,1.0,1,4,22
DEMO102815,52.22873250915021,-1.5971398950254223,3,1,1,18/05/2025,7,13:40,7,40.0,8,1,,6.0,2,5,23
DEMO102816,55.90340787245571,-3.7671730816651126,3,3,3,16/05/2025,5,21:59,3,20.0,8,1,4.0,2.0,1,3,12
DEMO102817,51.3094795608422,-2.9262223079739855,2,4,4,16/11/2025,7,14:38,2,30.0,1,1,8.0,4.0,2,1,17
DEMO102818,52.43865713148837,-2.216323152346295,2,2,2,04/10/2025,6,12:28,3,60.0,9,1,2.0,1.0,1,2,29
DEMO102819,55.86179327220477,-4.142879400575646,3,3,3,01/03/2025,6,05:16,3,40.0,2,1,1.0,3.0,2,6,23
DEMO102820,53.38908418094454,-1.2959200173965009,3,1,3,29/06/2025,7,19:45,7,50.0,7,1,1.0,1.0,1,1,42
DEMO102821,55.92148947125449,-3.3262541881416556,2,3,3,16/05/2025,5,18:30,3,50.0,2,5,3.0,1.0,1,3,22
DEMO102822,52.10563084983207,-1.718501416555494,3,2,5,25/08/2025,1,07:45,6,70.0,8,1,1.0,2.0,1,1,31
DEMO102823,54.634004450012924,-5.902742362790045,3,6,7,20/01/2025,1,17:01,6,30.0,3,6,7.0,1.0,1,6,19
DEMO102824,53.56424868594194,-1.4412224225032246,2,2,4,18/09/2025,4,17:09,3,60.0,3,4,2.0,1.0,1,5,18
DEMO102825,51.57742866798452,-3.1665945391206463,2,5,5,29/09/2025,1,02:07,9,30.0,0,1,5.0,1.0,1,4,35
DEMO102826,51.5381473408129,-2.8025805896234384,2,3,5,24/03/2025,1,03:40,7,40.0,7,6,6.0,2.0,1,2,7
DEMO102827,54.46467639595144,-6.173116523541265,3,1,3,24/02/2025,1,14:31,7,40.0,2,7,1.0,2.0,1,5,35
DEMO102828,53.30542214787821,-1.5370781465651864,3,2,6,18/08/2025,1,14:19,3,30.0,9,1,2.0,1.0,1,4,35
DEMO102829,52.33336485807402,-1.936390046256128,1,4,4,04/04/2025,5,15:18,3,30.0,8,5,7.0,4.0,1,2,19
DEMO102830,54.46500167802218,-5.8302159587263445,3,3,3,10/12/2025,3,08:36,7,30.0,9,5,2.0,1.0,1,3,25
DEMO102831,55.91578894735463,-2.975023598133496,3,6,6,10/10/2025,5,20:57,12,30.0,3,5,2.0,1.0,1,3,38
DEMO102832,53.96641541642708,-1.5912230144584285,3,2,3,15/12/2025,1,10:59,3,40.0,8,1,6.0,1.0,1,2,41
DEMO102833,53.47335309139671,-1.1155675742799445,3,1,1,15/07/2025,2,04:28,7,20.0,3,1,1.0,1.0,1,1,17
DEMO102834,51.48088225767959,-2.3671049987317017,3,1,3,09/12/2025,2,02:40,3,40.0,9,1,7.0,1.0,1,2,44
DEMO102835,53.052087748870434,-1.2181888896891477,2,1,2,06/01/2025,1,21:05,12,30.0,2,1,1.0,2.0,1,5,26
DEMO102836,54.16310224516988,-5.826365659421625,2,3,3,16/04/2025,3,16:56,3,20.0,2,1,3.0,2.0,1,2,7
DEMO102837,51.40245704419388,-3.1269451230825265,3,1,1,01/01/2025,3,11:01,6,40.0,2,7,1.0,1.0,1,3,5
DEMO102838,53.75650741614254,-2.3192046802914015,2,4,6,05/09/2025,5,05:20,6,30.0,6,1,2.0,3.0,2,2,7
DEMO102839,54.61414851373274,-6.234900987607883,3,2,3,06/07/2025,7,02:43,9,40.0,9,1,1.0,4.0,1,1,37
DEMO102840,53.389514657079104,-3.2185724460781606,3,4,4,15/04/2025,2,03:58,9,60.0,1,1,1.0,1.0,1,1,30
DEMO102841,56.386361387914285,-4.002226205938089,2,1,2,22/04/2025,2,02:10,9,60.0,8,1,2.0,1.0,2,1,8
DEMO102842,56.16745747672262,-3.576076847139303,2,1,1,23/08/2025,6,12:39,9,40.0,2,6,1.0,1.0,1,2,12
DEMO102843,53.547291338744984,-2.5653988774090157,2,2,3,07/03/2025,5,04:11,6,30.0,0,6,3.0,1.0,1,2,28
DEMO102844,53.39694347780855,-3.153990269393657,3,2,3,07/07/2025,1,03:03,3,40.0,9,1,1.0,1.0,1,6,17
DEMO102845,53.457359786954285,-3.4161430221378053,3,2,2,12/08/2025,2,06:25,9,30.0,8,1,1.0,2.0,2,6,42
DEMO102846,51.86642462298511,-3.309037308122143,3,1,4,29/03/2025,6,16:34,3,30.0,9,1,1.0,1.0,1,4,17
DEMO102847,51.856321777050844,-3.128808762112548,3,1,2,25/03/2025,2,11:15,2,30.0,3,7,2.0,1.0,1,1,15
DEMO102848,53.70406875700591,-1.958633706538287,2,1,1,10/05/2025,6,03:58,2,70.0,8,1,1.0,1.0,2,6,5
DEMO102849,51.16220218234651,-2.5640480050672187,3,1,1,05/08/2025,2,17:36,6,20.0,8,1,1.0,1.0,1,3,10
DEMO102850,53.489692930856215,-2.618349511862414,3,3,3,03/04/2025,4,11:26,3,30.0,7,1,3.0,1.0,2,2,21
DEMO102851,51.59196481860704,-2.9514829621552146,3,1,2,19/05/2025,1,04:29,7,30.0,0,1,4.0,2.0,2,5,24
DEMO102852,52.81132323903556,-1.8774186697199764,2,1,2,18/07/2025,5,16:27,7,20.0,0,1,4.0,2.0,1,2,29
DEMO102853,52.46729907074523,-1.8728738669605054,3,1,1,10/03/2025,1,23:06,2,30.0,1,7,1.0,1.0,1,2,38
DEMO102854,55.80143784351874,-4.132381628960067,3,3,5,27/07/2025,7,12:36,3,30.0,8,1,6.0,1.0,1,4,13
DEMO102855,51.7075628456304,-0.07254522974335019,3,2,2,20/02/2025,4,03:47,9,40.0,8,1,3.0,1.0,1,3,40
DEMO102856,52.788667483703854,-1.1719119956980937,3,1,2,22/02/2025,6,07:25,9,60.0,7,1,3.0,1.0,1,4,26
DEMO102857,55.91055762096382,-3.0515860884309025,3,3,3,28/03/2025,5,14:25,9,50.0,1,1,1.0,1.0,1,3,10
DEMO102858,55.86518884290154,-4.034141342902566,2,2,2,15/04/2025,2,23:54,1,60.0,8,7,1.0,1.0,1,2,38
DEMO102859,53.395500894939225,-2.9766296815444604,3,2,2,11/01/2025,6,22:36,12,40.0,1,5,2.0,1.0,1,1,43
DEMO102860,53.71105883631968,-2.1211097327683475,3,3,5,17/12/2025,3,22:17,9,30.0,9,7,1.0,1.0,1,2,28
DEMO102861,54.693693481537316,-6.558035496196444,2,5,5,23/04/2025,3,19:00,6,60.0,3,6,4.0,2.0,2,1,26
DEMO102862,51.384337739782914,-3.2847890760452394,3,1,1,21/10/2025,2,13:49,7,30.0,8,5,1.0,1.0,1,1,20
DEMO102863,53.338748817426605,-1.1253576026281893,2,2,2,26/11/2025,3,15:37,3,60.0,1,4,1.0,1.0,1,5,29
DEMO102864,52.98980017578945,-2.02564161713414,3,2,3,20/10/2025,1,17:37,7,20.0,2,1,1.0,1.0,1,3,41
DEMO102865,51.24754284146762,,3,2,4,31/10/2025,5,17:16,9,30.0,6,5,1.0,1.0,1,5,11
DEMO102866,53.46266956768747,-1.4936239195770178,2,2,3,06/02/2025,4,15:11,6,30.0,6,5,2.0,1.0,1,1,32
DEMO102867,52.26277230841288,-2.041994303978242,1,2,3,16/05/2025,5,03:29,1,30.0,0,4,1.0,1.0,1,2,16
DEMO102868,51.53633487339964,-3.0710763594654193,2,3,4,30/09/2025,2,21:45,3,50.0,7,1,2.0,1.0,1,6,43
DEMO102869,53.685448778451565,-2.35279157190347,2,3,3,30/07/2025,3,00:17,9,60.0,0,5,1.0,6.0,1,6,5
DEMO102870,53.780087958657134,-1.6675171115802867,3,4,4,03/01/2025,5,10:31,7,60.0,9,1,2.0,1.0,2,5,3
DEMO102871,54.49578365088901,-6.0511603023947895,2,4,5,27/07/2025,7,10:59,6,60.0,3,4,8.0,1.0,2,1,33
DEMO102872,55.82108345560469,-3.397365039694375,3,5,8,21/10/2025,2,23:13,12,60.0,3,1,6.0,1.0,1,1,11
DEMO102873,53.16885885667605,-2.483892171273062,3,4,6,30/10/2025,4,02:13,2,60.0,7,4,,1.0,1,4,16
DEMO102874,51.7423889386346,-2.7056993695466867,2,2,4,21/05/2025,3,11:14,3,50.0,8,1,2.0,,1,2,11
DEMO102875,52.91834777891257,-1.1427806046150264,2,3,5,28/03/2025,5,08:54,3,60.0,0,6,4.0,1.0,1,2,27
DEMO102876,53.421157687375945,-1.5617336274864366,1,2,3,23/04/2025,3,02:31,9,30.0,8,6,7.0,3.0,1,4,20
DEMO102877,54.750821610442586,-6.037457231922993,3,1,1,19/04/2025,6,05:55,9,70.0,9,1,2.0,4.0,1,3,35
DEMO102878,51.73122846881572,-2.563627134379579,3,2,3,07/05/2025,3,10:56,9,40.0,3,1,1.0,2.0,1,1,34
DEMO102879,54.556643895262084,-5.7568650027239405,3,5,6,21/04/2025,1,21:25,9,30.0,0,1,5.0,1.0,2,3,27
DEMO102880,51.34321263370372,-0.5245286593645141,3,3,5,16/06/2025,1,09:03,3,30.0,2,1,1.0,1.0,1,4,16
DEMO102881,53.47691124342625,-2.182557411896817,2,3,4,15/01/2025,3,21:18,3,60.0,9,1,5.0,1.0,1,1,8
DEMO102882,52.931096450978806,-1.088571249026543,3,5,7,11/04/2025,5,17:32,7,,1,6,1.0,2.0,2,2,41
DEMO102883,51.40699692424628,0.7142782378626492,3,1,1,25/04/2025,5,19:22,3,30.0,0,6,1.0,1.0,1,6,6
DEMO102884,51.22729326368463,,3,3,6,25/02/2025,2,20:00,6,30.0,9,1,5.0,1.0,1,2,44
DEMO102885,52.5562352552074,-1.3848880115586941,2,1,1,17/11/2025,1,17:59,2,60.0,9,6,4.0,1.0,2,5,20
DEMO102886,54.83585327731853,-6.026711797024199,2,2,3,04/09/2025,4,17:18,3,50.0,3,1,2.0,1.0,1,3,7
DEMO102887,51.82271481751612,-0.3143359250881478,3,2,2,29/11/2025,6,03:37,6,30.0,0,6,5.0,1.0,1,1,20
DEMO102888,52.35004642489611,-2.1679826282294035,2,3,4,24/07/2025,4,17:56,2,50.0,7,1,6.0,1.0,1,6,5
DEMO102889,53.797362769678735,-2.030751875225895,3,3,5,10/02/2025,1,01:32,12,50.0,8,5,2.0,,1,5,15
DEMO102890,52.28809187529807,-2.110230870457064,3,4,4,27/11/2025,4,17:41,1,30.0,2,1,9.0,1.0,1,5,43
DEMO102891,52.981659655667066,-1.3135849841781992,3,1,4,17/06/2025,2,15:02,12,30.0,1,1,1.0,1.0,2,3,3
DEMO102892,51.64270021959503,-2.464500447722605,2,3,3,07/09/2025,7,18:41,2,30.0,9,1,1.0,1.0,2,3,35
DEMO102893,51.58105426259009,-3.257464752877272,3,2,3,20/05/2025,2,15:50,9,50.0,8,5,6.0,2.0,1,2,9
DEMO102894,54.0549543998237,-1.5127249040170268,1,4,4,30/06/2025,1,08:55,6,70.0,3,7,2.0,1.0,1,2,40
DEMO102895,52.77033798992325,-1.4597935141431722,3,1,2,28/06/2025,6,08:05,3,70.0,9,5,6.0,1.0,2,2,24
DEMO102896,53.3482319115443,-2.042171824419035,2,2,2,14/04/2025,1,14:13,3,50.0,7,6,1.0,1.0,2,5,5
DEMO102897,53.34454519541029,,2,3,3,22/07/2025,2,11:02,3,30.0,9,1,1.0,1.0,1,1,42
DEMO102898,56.15835469608816,-2.910211738157942,2,2,2,25/09/2025,4,08:55,9,20.0,1,6,1.0,1.0,2,3,16
DEMO102899,53.43914198831741,-2.30184217248558,3,2,3,08/01/2025,3,11:16,2,40.0,3,6,3.0,1.0,2,1,10
DEMO102900,52.996871719767576,-1.132875219301864,2,3,3,17/02/2025,1,12:31,3,40.0,8,1,6.0,1.0,1,6,29
DEMO102901,55.90680618415128,-3.4138711116502254,3,4,5,04/11/2025,2,05:28,7,50.0,3,1,2.0,1.0,1,3,2
DEMO102902,51.54675053887936,-3.2418204709550933,3,3,3,27/07/2025,7,15:41,7,70.0,2,1,1.0,1.0,2,2,41
DEMO102903,53.24588590620376,-0.8885537701004975,3,3,5,22/12/2025,1,07:53,3,30.0,8,1,1.0,2.0,1,5,8
DEMO102904,53.179590197746144,-1.0398946535811944,3,3,3,09/08/2025,6,06:19,1,,7,1,1.0,1.0,1,4,6
DEMO102905,51.391838203961086,-3.111544733819033,1,2,2,27/08/2025,3,10:47,7,,2,5,3.0,1.0,2,4,27
DEMO102906,53.21582294468035,-1.9266814235086092,2,3,5,25/11/2025,2,02:17,3,30.0,3,6,3.0,,2,6,42
DEMO102907,54.56079571016735,-5.804545909773827,2,5,7,30/08/2025,6,14:11,7,30.0,8,1,1.0,3.0,1,4,9
DEMO102908,52.62691376895194,-1.9537241458529377,3,2,3,01/05/2025,4,17:06,3,40.0,7,7,2.0,1.0,1,5,22
DEMO102909,51.21374059062452,-2.687049256448581,2,3,4,12/07/2025,6,22:22,12,20.0,3,6,3.0,2.0,2,5,7
DEMO102910,52.41170164046768,-1.8917760153353784,3,1,1,27/03/2025,4,06:33,7,30.0,2,4,1.0,1.0,1,5,27
DEMO102911,52.876862074562105,-1.4275233274780394,2,3,4,03/05/2025,6,12:46,7,70.0,1,7,2.0,2.0,1,6,38
DEMO102912,53.085334737982215,-2.955987663982895,3,4,4,06/09/2025,6,12:50,9,30.0,8,7,,1.0,2,1,23
DEMO102913,53.27975159404349,-2.003083554030934,3,1,3,24/02/2025,1,17:31,12,30.0,8,1,2.0,2.0,1,4,26
DEMO102914,51.50889372578424,-2.4850906888811277,3,1,1,03/09/2025,3,14:24,9,60.0,7,7,1.0,1.0,1,2,22
DEMO102915,53.119694706950874,-2.8963244719014964,3,2,3,02/08/2025,6,19:10,7,30.0,7,1,1.0,1.0,1,3,42
DEMO102916,53.357512023183936,-1.3094537448337402,2,3,3,23/04/2025,3,20:54,9,30.0,1,1,5.0,2.0,2,3,15
DEMO102917,54.89844906097523,-6.029530497246561,2,4,5,17/01/2025,5,02:23,3,70.0,3,1,1.0,1.0,1,2,34
DEMO102918,51.368945405398186,-3.503821718627447,3,1,1,15/09/2025,1,08:45,9,60.0,6,5,5.0,1.0,1,4,36
DEMO102919,51.29330331606172,-2.2039802129846637,3,5,6,28/10/2025,2,15:37,7,30.0,3,7,2.0,1.0,2,1,14
DEMO102920,53.5077074918897,-1.913861125309961,3,3,3,24/09/2025,3,13:55,7,50.0,2,1,2.0,1.0,2,6,14
DEMO102921,55.79472175533145,-3.1179813104254483,2,2,2,03/06/2025,2,11:58,9,40.0,1,4,5.0,1.0,1,4,26
DEMO102922,52.44293311774986,-1.4539143159426702,3,2,2,27/08/2025,3,04:42,7,60.0,9,1,1.0,1.0,1,6,29
DEMO102923,53.33904326250443,-1.0742144147200998,2,3,3,01/06/2025,7,13:39,9,40.0,7,6,1.0,1.0,1,6,15
DEMO102924,53.37480807399968,-2.8461951464366395,2,3,4,11/05/2025,7,17:08,9,50.0,9,1,1.0,1.0,1,1,5
DEMO102925,53.455736630009675,-2.097112954536873,1,2,3,30/04/2025,3,00:00,7,30.0,8,4,4.0,3.0,2,6,1
DEMO102926,53.3723348960759,-1.1891836559791635,3,4,6,18/03/2025,2,14:32,3,30.0,8,4,2.0,1.0,1,1,15
DEMO102927,53.643704385162316,-1.2220746832818383,3,4,4,20/12/2025,6,21:42,3,20.0,1,1,5.0,1.0,1,3,20
DEMO102928,53.05591946767542,-2.585441639081674,3,1,1,01/09/2025,1,13:44,6,40.0,1,7,2.0,1.0,1,6,11
DEMO102929,53.64084861267182,-1.1539131886462248,3,1,1,05/03/2025,3,22:15,3,40.0,7,7,2.0,1.0,1,1,43
DEMO102930,53.58944187109406,-2.256881643458562,3,1,1,12/11/2025,3,08:30,7,30.0,7,1,1.0,2.0,1,4,16
DEMO102931,56.064071429298274,-4.4329997063293645,3,3,4,25/02/2025,2,00:51,9,30.0,0,5,1.0,3.0,1,6,36
DEMO102932,52.52845855606728,-2.1480662498738274,3,1,2,05/08/2025,2,16:05,3,30.0,7,6,6.0,2.0,1,2,34
DEMO102933,53.61698314850276,-2.929440054248715,3,2,3,02/03/2025,7,05:23,12,30.0,1,1,1.0,4.0,2,4,1
DEMO102934,55.6754714485283,-3.322036833227065,2,4,4,12/05/2025,1,00:56,9,60.0,1,1,7.0,1.0,2,1,1
DEMO102935,53.48992602453103,-2.224040515728062,3,4,4,29/08/2025,5,04:11,12,60.0,9,5,1.0,1.0,1,3,16
DEMO102936,56.04618216040864,-3.1886554495027113,3,3,4,31/12/2025,3,22:19,3,40.0,7,4,2.0,1.0,1,3,14
DEMO102937,56.101528983676516,-4.181408997779836,2,4,6,29/12/2025,1,18:28,6,60.0,2,5,1.0,5.0,1,1,31
DEMO102938,51.556514476722874,-2.9875534557149437,3,2,3,23/11/2025,7,06:41,7,40.0,0,4,5.0,1.0,1,3,11
DEMO102939,53.55585685122587,-1.9597074091116518,2,2,3,27/03/2025,4,14:15,9,40.0,9,5,1.0,1.0,2,4,30
DEMO102940,55.90489440979558,-3.9740183221893344,3,2,2,04/02/2025,2,08:47,12,40.0,9,1,2.0,2.0,1,4,8
DEMO102941,54.33120591976268,-5.565566042502902,3,1,2,27/11/2025,4,04:14,9,20.0,2,1,7.0,1.0,1,2,11
DEMO102942,55.84645339858784,-3.250784277632278,1,2,2,03/12/2025,3,23:22,3,30.0,3,1,3.0,4.0,1,1,31
DEMO102943,53.38996475036427,-2.418017748643059,3,3,4,12/04/2025,6,19:34,3,40.0,7,1,1.0,2.0,1,5,18
DEMO102944,56.10326606094504,,3,4,6,07/01/2025,2,08:00,9,30.0,1,6,5.0,3.0,1,1,42
DEMO102945,52.578682210420865,-2.007848790713574,2,2,2,25/08/2025,1,08:46,2,60.0,7,6,2.0,1.0,1,5,33
DEMO102946,53.65219887296941,-1.7850593730426527,3,3,4,28/01/2025,2,19:40,12,30.0,1,1,1.0,1.0,1,2,10
DEMO102947,53.49625270216011,-3.053229563422369,3,4,5,15/01/2025,3,11:50,9,30.0,2,4,2.0,2.0,1,2,42
DEMO102948,52.916419321996216,-0.9931046815936636,2,1,1,09/12/2025,2,09:16,9,40.0,7,1,5.0,1.0,1,2,43
DEMO102949,53.18565518791729,-0.867572474039407,3,2,2,30/06/2025,1,09:23,9,30.0,2,1,2.0,1.0,1,2,15
DEMO102950,51.283430185963056,-0.150357425015284,3,3,5,10/02/2025,1,10:53,3,30.0,7,7,4.0,6.0,1,4,40
DEMO102951,52.90244168928972,-0.8986189310173247,3,2,3,27/08/2025,3,12:04,3,40.0,2,1,4.0,3.0,1,3,5
DEMO102952,54.42683806832145,-5.928522185000804,2,4,5,15/05/2025,4,00:29,7,30.0,6,6,2.0,4.0,1,6,41
DEMO102953,53.206652968896655,-3.5633215352163656,3,4,7,15/07/2025,2,11:29,9,30.0,9,1,1.0,1.0,1,4,28
DEMO102954,53.60519285279785,-1.8754930078443557,3,2,2,25/11/2025,2,10:26,9,20.0,6,1,4.0,1.0,1,3,26
DEMO102955,54.4782360722642,-5.832303970796783,2,5,6,28/03/2025,5,06:26,2,40.0,6,5,1.0,3.0,1,5,19
DEMO102956,52.52046396698127,-2.3249909401828113,3,1,2,24/08/2025,7,08:44,7,60.0,6,6,1.0,1.0,1,5,41
DEMO102957,53.34528529604894,-3.3120203440802185,3,1,1,30/10/2025,4,10:11,3,60.0,9,4,1.0,1.0,1,1,26
DEMO102958,53.001551063406744,-1.524023468659082,3,1,1,04/06/2025,3,08:53,3,30.0,8,6,6.0,1.0,1,4,20
DEMO102959,53.44821317927302,-3.0420466700464432,3,2,3,21/12/2025,7,21:53,12,50.0,0,6,1.0,3.0,1,5,13
DEMO102960,54.17667835872668,-5.8732518439153365,3,4,5,13/06/2025,5,12:10,3,70.0,1,4,1.0,1.0,1,4,10
DEMO102961,53.43623793379684,-3.401975703945478,2,3,4,17/06/2025,2,12:58,2,30.0,7,1,1.0,1.0,1,6,27
DEMO102962,54.46229624654214,-5.748990183832168,3,4,4,19/11/2025,3,06:15,3,70.0,8,1,1.0,1.0,1,1,8
DEMO102963,51.21173474438197,-0.12567015751152505,3,4,4,21/08/2025,4,21:03,9,60.0,1,4,8.0,1.0,2,4,7
DEMO102964,55.904963397801396,-4.56932383661729,2,4,6,14/11/2025,5,00:23,3,30.0,6,5,2.0,2.0,1,4,32
DEMO102965,53.39256107124823,-1.4610557897780414,3,2,2,16/10/2025,4,13:47,2,30.0,7,1,4.0,1.0,2,2,3
DEMO102966,53.50729450927818,-2.4244532851014577,3,6,7,18/09/2025,4,04:50,3,70.0,3,1,5.0,1.0,1,1,21
DEMO102967,53.605622524506934,-2.4278702548941107,3,4,5,30/03/2025,7,18:38,7,30.0,8,1,1.0,1.0,1,5,38
DEMO102968,55.741533066141656,-4.55630327359272,3,2,2,26/05/2025,1,09:48,3,20.0,2,1,5.0,1.0,1,3,29
DEMO102969,53.20245490885568,-1.474758314172483,3,3,4,12/11/2025,3,07:15,9,30.0,7,1,,1.0,1,2,2
DEMO102970,53.373733803074145,-1.530748257628276,2,3,4,13/08/2025,3,01:52,9,20.0,8,6,4.0,4.0,1,2,2
DEMO102971,51.42420516598802,-0.1907664924189001,3,3,3,13/04/2025,7,18:38,6,30.0,9,6,4.0,1.0,1,1,18
DEMO102972,53.86683010481751,-1.5009517237572612,3,4,4,30/04/2025,3,09:08,1,30.0,7,7,2.0,1.0,1,2,26
DEMO102973,54.56859712865479,-5.8739928930294045,3,6,7,11/10/2025,6,06:07,6,60.0,2,5,6.0,1.0,1,2,19
DEMO102974,51.501697122886206,-0.17625894770074743,3,3,5,07/03/2025,5,20:16,3,30.0,8,1,1.0,6.0,1,6,22
DEMO102975,53.243655748215446,-3.46892804710363,2,2,4,10/02/2025,1,00:04,3,60.0,8,5,4.0,2.0,1,5,21
DEMO102976,53.2133891078303,-3.003622216986394,3,4,5,07/10/2025,2,11:16,9,70.0,3,6,1.0,,1,2,29
DEMO102977,51.17239819277518,-3.4118739291134133,2,7,8,16/04/2025,3,03:59,1,30.0,2,5,2.0,1.0,1,3,42
DEMO102978,53.730628481307626,-1.2800136693493993,3,1,1,07/10/2025,2,03:14,1,70.0,1,1,7.0,1.0,2,4,32
DEMO102979,53.35917342385296,-2.8895729719481467,3,1,2,14/07/2025,1,00:38,2,40.0,8,4,3.0,2.0,1,6,17
DEMO102980,56.04899167266229,-4.015107595012016,2,1,2,31/12/2025,3,04:58,1,20.0,3,1,1.0,6.0,2,6,44
DEMO102981,51.44896879885061,-0.25953487992559,2,3,5,11/07/2025,5,22:15,3,30.0,1,1,4.0,2.0,1,5,28
DEMO102982,55.8663031250664,-2.974822265778502,2,5,6,13/11/2025,4,10:41,3,40.0,7,1,7.0,3.0,1,5,38
DEMO102983,55.981177909675104,-3.4575657833093048,2,4,4,07/11/2025,5,23:27,9,70.0,9,1,3.0,1.0,2,2,21
DEMO102984,55.82935581600961,-4.2571569080808525,3,4,6,19/03/2025,3,06:17,1,20.0,0,7,6.0,1.0,1,2,17
DEMO102985,53.53701328421576,-1.6890813753248628,3,4,4,30/12/2025,2,18:57,3,40.0,6,1,5.0,1.0,1,5,29
DEMO102986,56.10577169927316,-4.109242398998258,2,2,3,30/09/2025,2,02:39,12,,9,1,6.0,2.0,1,3,18
DEMO102987,55.92910220988926,-2.7755919323554434,2,5,8,09/02/2025,7,02:26,7,70.0,9,6,1.0,1.0,1,6,43
DEMO102988,51.28888765221813,-3.0954816948401835,3,3,3,03/01/2025,5,00:48,9,60.0,2,6,2.0,1.0,1,3,4
DEMO102989,53.364194711171116,-3.3507848691756537,2,4,6,10/04/2025,4,21:54,6,30.0,1,4,6.0,1.0,2,5,41
DEMO102990,53.42834275678895,-3.154263644641383,2,6,7,06/01/2025,1,16:46,2,20.0,3,1,7.0,1.0,2,1,29
DEMO102991,53.12001222689148,-0.7361941863334215,2,2,3,11/05/2025,7,17:52,3,30.0,2,1,1.0,3.0,1,5,41
DEMO102992,53.41007288775159,-2.046101105702832,2,2,2,30/12/2025,2,22:19,9,30.0,6,5,1.0,1.0,1,5,38
DEMO102993,51.193570020955434,-3.364869651286901,3,5,5,24/06/2025,2,07:20,9,60.0,7,6,1.0,2.0,1,2,36
DEMO102994,56.01021795625276,-2.9677287229527596,2,2,2,09/01/2025,4,17:13,6,50.0,8,1,5.0,1.0,1,6,15
DEMO102995,53.16346712579825,-1.4406038115876287,2,2,3,30/06/2025,1,12:41,6,70.0,7,7,6.0,1.0,1,1,29
DEMO102996,53.724109009868315,-0.9190004123385799,2,1,1,21/03/2025,5,13:48,6,30.0,9,5,3.0,3.0,2,4,41
DEMO102997,51.4085693783744,-2.5711033645843715,3,3,3,09/11/2025,7,15:39,1,30.0,8,5,1.0,2.0,1,3,28
DEMO102998,53.15851939882699,-3.0529839873382985,3,4,6,03/02/2025,1,11:35,2,30.0,6,1,1.0,2.0,1,2,8
DEMO102999,53.37102719116019,-1.4874756923891514,3,1,2,09/10/2025,4,00:46,12,30.0,1,7,6.0,1.0,1,2,26
DEMO103000,55.741120795146685,-3.2815960704394365,3,2,2,12/06/2025,4,01:10,1,60.0,8,4,1.0,1.0,1,6,33
DEMO103001,56.114142629445844,-4.423543007673455,3,2,2,07/01/2025,2,12:21,3,50.0,8,1,1.0,2.0,1,2,10
DEMO103002,54.82001512911343,-6.200076436097857,3,1,2,03/09/2025,3,13:42,7,60.0,2,1,1.0,2.0,1,3,24
DEMO103003,54.792297101226836,-6.045226355263511,3,1,3,16/06/2025,1,17:03,3,60.0,2,1,5.0,2.0,1,1,36
DEMO103004,55.87425894872055,-4.067256535307075,2,1,1,09/10/2025,4,13:54,12,20.0,8,1,2.0,2.0,1,1,23
DEMO103005,51.499197872065096,-2.6495229585971742,2,1,3,14/08/2025,4,04:10,1,30.0,0,1,1.0,1.0,1,3,31
DEMO103006,53.33301118941837,-1.608513014846723,3,1,2,15/10/2025,3,08:47,9,50.0,8,1,1.0,1.0,1,6,5
DEMO103007,53.48876259900299,-3.309816991754645,3,1,1,18/06/2025,3,10:36,2,30.0,2,1,8.0,4.0,1,2,30
DEMO103008,53.65964312875016,-1.3010343354558365,2,3,3,03/01/2025,5,23:50,3,30.0,7,5,2.0,1.0,2,3,14
DEMO103009,55.760861767215275,-2.8020684311895216,1,2,2,17/02/2025,1,12:46,6,20.0,2,5,2.0,2.0,1,6,31
DEMO103010,51.517619996042704,-2.791336482212294,3,3,3,17/06/2025,2,15:30,9,70.0,6,4,1.0,1.0,2,4,14
DEMO103011,52.630382145303486,-1.3110742170861551,3,2,3,26/05/2025,1,17:45,3,60.0,8,1,1.0,4.0,2,6,32
DEMO103012,51.4170193716744,-0.34891491775976097,3,3,3,17/10/2025,5,08:20,3,30.0,2,1,5.0,3.0,1,4,33
DEMO103013,55.83681384937858,-4.055348716632834,3,2,3,31/05/2025,6,23:35,3,50.0,0,5,5.0,1.0,2,6,8
DEMO103014,53.44947417258067,-2.741566547450883,2,5,6,10/11/2025,1,16:54,2,30.0,0,5,2.0,3.0,1,6,39
DEMO103015,53.51408161966665,-2.9548346000862584,3,3,3,10/03/2025,1,20:05,9,30.0,0,1,7.0,1.0,2,4,40
DEMO103016,53.17444490653968,-1.4433518772239986,3,2,3,21/05/2025,3,17:21,12,30.0,3,7,1.0,1.0,1,4,11
DEMO103017,53.212558539011866,-2.1489702050563113,2,3,5,04/10/2025,6,14:01,7,30.0,0,6,6.0,2.0,2,4,9
DEMO103018,53.521550430808006,-1.4138713429074687,2,1,2,15/02/2025,6,00:32,3,70.0,3,6,1.0,1.0,1,2,36
DEMO103019,56.172829286989156,-4.171725700727291,2,1,2,28/04/2025,1,14:46,7,20.0,8,5,1.0,1.0,1,2,28
DEMO103020,51.37116375358066,-2.838585233190264,3,3,3,02/10/2025,4,03:02,7,40.0,9,1,6.0,1.0,2,6,20
DEMO103021,52.38037063682401,-2.1572909738353383,3,2,3,03/08/2025,7,14:32,1,60.0,2,7,7.0,6.0,2,1,22
DEMO103022,51.4760636167885,-2.977524243179208,3,2,2,11/10/2025,6,16:24,3,20.0,9,7,4.0,1.0,1,3,20
DEMO103023,53.453610782180704,-1.9659823739375648,3,3,4,08/07/2025,2,13:46,7,40.0,9,6,4.0,2.0,1,3,10
DEMO103024,51.41525713319024,-2.30362148083873,2,2,3,10/11/2025,1,07:13,9,30.0,7,7,5.0,1.0,2,4,25
DEMO103025,,-1.8585430422371227,3,3,4,17/11/2025,1,01:09,3,30.0,8,7,4.0,1.0,1,2,41
DEMO103026,52.914037312825954,-2.081893869094616,3,2,3,22/12/2025,1,16:05,9,30.0,6,5,1.0,2.0,1,4,17
DEMO103027,55.805622911345786,-4.4420828294398715,3,1,1,14/02/2025,5,16:24,9,60.0,0,1,2.0,1.0,1,4,18
DEMO103028,53.896996554279696,-2.024393890051344,3,2,2,04/08/2025,1,11:29,12,30.0,9,4,4.0,2.0,1,4,8
DEMO103029,51.4175949936787,-3.158317728450247,2,1,2,11/02/2025,2,17:55,12,20.0,9,4,3.0,2.0,1,2,37
DEMO103030,56.000399340380945,-3.881646968603234,2,3,4,25/03/2025,2,18:27,1,,2,6,6.0,6.0,1,4,7
DEMO103031,53.61252078208893,-1.6190148474984707,2,5,5,20/04/2025,7,12:10,3,60.0,1,1,2.0,2.0,1,5,18
DEMO103032,,-1.4796533898027042,2,4,5,24/08/2025,7,01:41,9,50.0,0,1,1.0,1.0,1,5,27
DEMO103033,52.42762409079046,-2.067125259295411,3,2,4,07/06/2025,6,20:03,9,70.0,6,7,1.0,2.0,1,6,41
DEMO103034,52.63584496782506,-2.108843744754332,2,2,3,12/11/2025,3,11:20,2,60.0,9,1,6.0,1.0,1,4,27
DEMO103035,54.63468766829107,-5.67769752469116,3,3,4,19/04/2025,6,16:39,7,30.0,0,1,1.0,1.0,1,1,2
DEMO103036,55.65724815563777,-2.726862573534474,2,7,9,14/08/2025,4,21:15,9,20.0,7,5,6.0,1.0,1,3,12
DEMO103037,52.24618508572575,-1.7727200441198272,2,3,4,06/10/2025,1,08:35,3,30.0,8,1,1.0,2.0,2,4,40
DEMO103038,53.48969600799115,-1.7163913828468966,3,2,3,24/12/2025,3,14:27,3,30.0,3,1,1.0,1.0,1,5,8
DEMO103039,53.53788783354628,-2.181017299413079,2,2,2,31/03/2025,1,00:57,3,40.0,7,5,5.0,1.0,1,5,42
DEMO103040,51.48095989491922,-2.9795394643428015,2,3,4,25/09/2025,4,21:17,3,50.0,3,7,2.0,1.0,2,1,5
DEMO103041,53.823807178916326,-1.5972310613037033,2,3,3,31/01/2025,5,01:54,7,30.0,0,1,5.0,1.0,1,3,38
DEMO103042,53.82190429263162,-1.9507832374202554,2,2,4,18/07/2025,5,12:37,1,70.0,6,1,1.0,3.0,1,5,4
DEMO103043,52.81818542834494,-1.0426713146250561,3,3,6,01/06/2025,7,08:44,9,40.0,0,1,2.0,1.0,2,5,26
DEMO103044,53.511106055361275,-2.2825565145690785,3,4,5,16/12/2025,2,00:10,2,50.0,8,5,3.0,2.0,1,6,22
DEMO103045,51.739484194721584,-2.982358751004975,3,1,2,10/10/2025,5,11:01,9,30.0,2,1,7.0,2.0,1,2,44
DEMO103046,55.96645998691408,-4.073748485944413,3,4,5,05/12/2025,5,22:43,1,50.0,8,1,1.0,1.0,2,3,20
DEMO103047,55.74255866479718,-3.3215369594820676,3,1,3,07/11/2025,5,04:28,9,70.0,7,5,1.0,1.0,1,4,15
DEMO103048,53.420398922563,-1.9990471736821878,3,3,4,30/05/2025,5,07:18,3,30.0,9,7,3.0,1.0,2,2,17
DEMO103049,55.75097705516612,-4.535919730218143,2,4,5,25/09/2025,4,04:53,7,30.0,8,1,8.0,1.0,1,5,31
DEMO103050,51.64017905104599,-2.5466216112308295,3,3,4,12/01/2025,7,02:19,3,50.0,8,4,6.0,1.0,1,6,9
DEMO103051,53.2903567731157,-2.5642769490405213,2,3,4,23/07/2025,3,05:26,6,60.0,2,6,6.0,1.0,1,5,26
DEMO103052,55.985843920266525,-3.0094104622353113,3,1,1,18/01/2025,6,13:43,3,50.0,3,1,2.0,2.0,1,5,15
DEMO103053,51.392550482957034,-2.289445633980534,2,2,2,22/09/2025,1,18:57,1,30.0,8,6,2.0,1.0,2,3,8
DEMO103054,55.81312129737106,-3.145074826466371,3,4,6,19/12/2025,5,16:53,9,50.0,8,1,6.0,1.0,2,2,9
DEMO103055,53.44559094822835,-3.2395425922547116,2,2,2,06/09/2025,6,18:39,2,40.0,8,1,6.0,1.0,1,3,26
DEMO103056,55.91329143226153,-3.3741066115333567,3,5,7,03/11/2025,1,17:06,12,20.0,0,1,5.0,2.0,1,4,31
DEMO103057,52.62004263033022,-2.1357290455093683,3,2,2,27/03/2025,4,09:06,6,40.0,0,1,5.0,1.0,1,1,18
DEMO103058,51.36653312792355,-2.5891046625205294,2,2,2,29/12/2025,1,21:41,1,40.0,0,6,6.0,2.0,1,3,32
DEMO103059,53.58779665291156,-1.3590132717642063,3,4,5,21/07/2025,1,04:30,12,30.0,0,5,1.0,1.0,1,1,6
DEMO103060,53.44347625557079,-2.126515075962228,3,5,5,04/09/2025,4,16:07,2,30.0,8,6,1.0,4.0,1,6,31
DEMO103061,53.845809950254974,-1.5357724564108053,2,2,3,09/10/2025,4,02:41,9,60.0,7,6,8.0,1.0,1,5,14
DEMO103062,51.564371285461135,-2.9230931750300897,2,3,3,22/08/2025,5,18:56,3,20.0,6,1,2.0,1.0,1,6,29
DEMO103063,52.4526647991008,-1.4821295068516922,3,1,2,26/04/2025,6,02:03,7,30.0,0,7,1.0,1.0,1,5,1
DEMO103064,56.01594656524569,-4.293817179107917,3,1,1,12/08/2025,2,05:49,9,50.0,8,7,2.0,1.0,1,1,33
DEMO103065,52.713363843506876,,3,3,4,27/08/2025,3,09:20,1,30.0,0,1,3.0,2.0,2,6,44
DEMO103066,56.129651899372604,-3.132939094028343,2,4,4,09/11/2025,7,16:23,7,30.0,2,6,5.0,1.0,1,2,24
DEMO103067,55.966634301162365,-4.649785026555499,2,3,6,25/06/2025,3,01:43,2,70.0,8,6,5.0,1.0,1,5,1
DEMO103068,52.40637047245925,-1.9043253101740727,3,7,7,03/07/2025,4,06:14,9,40.0,8,1,1.0,1.0,1,5,34
DEMO103069,51.69607140774537,-0.17794092782242713,3,1,1,03/07/2025,4,08:09,3,30.0,0,1,2.0,1.0,1,6,21
DEMO103070,53.46441996620402,-3.03269959185775,3,3,4,11/02/2025,2,17:57,1,30.0,0,1,1.0,3.0,1,1,16
DEMO103071,53.638311855278346,-2.698702652011332,2,4,5,02/02/2025,7,23:20,3,20.0,3,7,6.0,1.0,2,1,2
DEMO103072,53.34095607054271,-2.5426494986290282,2,2,4,08/01/2025,3,14:10,7,50.0,7,5,1.0,2.0,1,4,38
DEMO103073,55.83042509172863,-3.197589826241065,3,3,3,01/09/2025,1,12:41,12,30.0,2,6,3.0,2.0,2,1,20
DEMO103074,53.053750056747695,-1.3059914528134176,3,2,3,02/06/2025,1,08:13,12,30.0,7,7,2.0,1.0,1,5,10
DEMO103075,55.876313851001925,-4.303588078559813,3,3,3,12/11/2025,3,19:46,9,60.0,2,1,3.0,1.0,2,4,31
DEMO103076,52.227051787818525,-1.690771207716093,2,2,2,14/09/2025,7,02:04,9,50.0,7,7,2.0,1.0,1,1,42
DEMO103077,56.28991724718811,-3.2191777494583547,3,2,4,21/02/2025,5,03:31,9,60.0,8,1,4.0,1.0,1,6,26
DEMO103078,53.79612997961992,-2.3084976504839974,3,5,5,06/02/2025,4,04:24,6,50.0,8,5,3.0,2.0,2,3,4
DEMO103079,53.44285960563354,-3.5554338967079193,2,4,6,14/05/2025,3,06:57,3,70.0,1,1,1.0,1.0,1,6,24
DEMO103080,53.28475656217214,-2.8033102264536427,3,4,4,03/12/2025,3,11:31,7,30.0,0,1,1.0,1.0,1,1,30
DEMO103081,55.833733203870786,,3,3,3,18/01/2025,6,22:55,2,30.0,1,1,2.0,2.0,1,1,6
DEMO103082,53.870421192574426,-1.6620803567331985,2,1,1,10/03/2025,1,15:14,9,20.0,1,1,1.0,1.0,1,1,35
DEMO103083,53.73937156664191,-2.448141116680172,3,3,5,11/01/2025,6,09:28,3,20.0,2,1,5.0,3.0,1,6,22
DEMO103084,51.93064191189243,-3.1354049405453734,3,6,7,31/05/2025,6,05:48,3,60.0,0,1,1.0,1.0,2,4,21
DEMO103085,51.4002473733714,-2.5545480714018605,2,1,1,28/12/2025,7,15:09,9,40.0,8,5,5.0,1.0,1,1,8
DEMO103086,53.41671906462854,-2.3438382932916326,1,1,3,07/09/2025,7,06:55,2,20.0,8,7,1.0,1.0,2,3,18
DEMO103087,53.45102902442321,-2.119377682880026,3,2,2,30/06/2025,1,23:46,12,30.0,8,1,5.0,1.0,1,6,24
DEMO103088,53.55434530782079,-2.111926788129982,2,1,2,22/02/2025,6,11:40,12,50.0,2,1,1.0,6.0,1,5,39
DEMO103089,53.25456124309824,-2.8439659897540888,3,2,2,10/05/2025,6,13:14,7,30.0,8,4,2.0,1.0,1,4,14
DEMO103090,51.209207073927885,-2.4662108594196117,1,2,2,11/07/2025,5,21:49,9,60.0,7,5,1.0,3.0,1,1,26
DEMO103091,51.412577974013715,-2.4695783530499447,3,3,4,11/04/2025,5,07:50,1,70.0,8,4,3.0,5.0,2,4,21
DEMO103092,55.919982475834345,-4.022656326752369,3,2,2,15/09/2025,1,11:17,3,60.0,0,7,1.0,1.0,2,2,34
DEMO103093,53.78936651087175,-2.1564937371661075,3,2,2,24/12/2025,3,12:35,9,30.0,9,1,5.0,2.0,1,2,8
DEMO103094,51.287309633626165,-3.1276156919288565,3,2,4,17/03/2025,1,06:03,1,,2,1,2.0,1.0,2,6,41
DEMO103095,56.15659375731464,-3.2284372159930443,2,2,2,03/04/2025,4,01:23,3,40.0,2,7,8.0,1.0,1,5,13
DEMO103096,,-2.1807247186741514,3,3,4,16/02/2025,7,06:09,3,60.0,3,4,4.0,4.0,1,3,23
DEMO103097,53.75688301219682,-1.4243402264171399,2,5,6,22/09/2025,1,02:33,7,30.0,2,4,3.0,1.0,1,2,27
DEMO103098,53.20146630394715,-2.124828426767256,3,2,2,18/06/2025,3,16:32,7,50.0,9,7,5.0,3.0,1,5,15
DEMO103099,53.87134469047498,-1.592231783782275,2,4,4,14/04/2025,1,00:31,1,40.0,7,1,1.0,1.0,1,4,11
DEMO103100,51.5039865300454,-2.078632858604621,3,3,4,22/03/2025,6,07:40,3,30.0,9,1,3.0,1.0,1,4,43
DEMO103101,52.89439755007374,-1.522884618576837,3,1,2,26/01/2025,7,21:55,9,30.0,9,1,1.0,1.0,1,4,23
DEMO103102,51.460950516851156,-0.32460859279038834,3,1,2,23/06/2025,1,13:11,3,20.0,7,6,4.0,,1,5,9
DEMO103103,53.6880390169594,-2.993647334534175,3,1,1,07/09/2025,7,16:12,3,60.0,8,6,1.0,1.0,1,2,40
DEMO103104,,-3.865204225998583,3,3,4,27/03/2025,4,16:12,3,30.0,9,1,2.0,2.0,1,2,34
DEMO103105,53.739287857599166,-1.7618774743135441,3,4,4,01/01/2025,3,07:55,9,30.0,1,1,3.0,1.0,1,4,1
DEMO103106,51.1791222664796,-3.475831862781238,3,1,1,22/06/2025,7,15:05,1,40.0,2,4,2.0,5.0,1,4,44
DEMO103107,51.661460031291625,-1.9457069940245635,3,2,2,04/09/2025,4,05:01,3,30.0,3,1,,1.0,1,4,32
DEMO103108,51.50639723152979,-3.295873068917763,2,3,4,06/05/2025,2,15:09,6,50.0,7,6,2.0,1.0,1,2,37
DEMO103109,53.479929123271724,-2.7274329330576736,3,3,3,02/04/2025,3,16:46,1,30.0,8,1,6.0,1.0,1,3,27
DEMO103110,52.9025634650022,-1.3556545223078151,2,1,2,26/02/2025,3,21:34,12,40.0,2,6,1.0,1.0,2,6,37
DEMO103111,55.99568591865612,-3.2912473105855855,2,5,5,30/09/2025,2,22:55,9,20.0,8,6,1.0,1.0,1,5,43
DEMO103112,51.37939246726695,0.06632321253286325,2,2,3,11/11/2025,2,00:12,7,30.0,8,1,9.0,1.0,1,5,23
DEMO103113,54.67824657878927,-5.922234104291105,2,1,1,08/10/2025,3,07:23,3,40.0,3,5,7.0,1.0,2,4,44
DEMO103114,,-2.926631373878666,3,1,2,09/07/2025,3,13:33,3,60.0,8,5,1.0,1.0,1,1,1
DEMO103115,53.38429305787025,-3.696965231010764,3,3,3,22/09/2025,1,07:04,7,30.0,9,1,2.0,1.0,1,4,36
DEMO103116,,-1.3530351691223343,3,4,6,25/05/2025,7,14:55,3,30.0,2,1,1.0,1.0,1,6,13
DEMO103117,53.63447048048332,-1.4558958158899309,3,5,5,09/01/2025,4,20:48,7,30.0,3,6,7.0,1.0,1,3,38
DEMO103118,51.545173549088084,0.1613157099712245,2,2,3,15/05/2025,4,06:08,2,30.0,8,5,2.0,1.0,2,5,26
DEMO103119,51.71499629469019,-3.332292121834063,2,5,5,14/09/2025,7,21:50,9,30.0,3,5,,2.0,1,6,26
DEMO103120,53.37884060735555,-1.5358797368256922,3,3,3,25/08/2025,1,21:26,3,60.0,1,1,1.0,1.0,1,3,40
DEMO103121,54.42898109066626,-6.060699136868733,3,3,3,28/12/2025,7,21:20,6,30.0,9,5,2.0,1.0,2,1,19
DEMO103122,53.78308697393002,-3.1398946568357315,3,2,2,31/12/2025,3,01:56,3,30.0,1,5,1.0,1.0,2,2,36
DEMO103123,53.36029979550075,-1.3792968829525214,2,4,4,30/03/2025,7,07:31,3,70.0,2,1,5.0,1.0,1,6,32
DEMO103124,53.578821638022305,-3.1026898879044973,2,3,5,04/01/2025,6,02:13,6,50.0,9,1,2.0,4.0,1,5,16
DEMO103125,51.369863547310516,-3.5846937039662943,2,3,4,11/04/2025,5,02:48,6,30.0,7,1,2.0,2.0,1,5,8
DEMO103126,56.04703381440236,-2.8747110290711606,3,3,4,16/11/2025,7,01:42,12,50.0,3,5,6.0,2.0,1,2,6
DEMO103127,51.54361460554001,-3.12768294385036,3,2,4,24/10/2025,5,10:11,3,50.0,3,1,1.0,1.0,1,2,31
DEMO103128,52.954766238664085,-1.0015330397821176,3,2,2,06/02/2025,4,02:40,2,60.0,1,7,1.0,1.0,1,1,8
DEMO103129,56.31852697709652,-2.8751757787326158,3,1,2,28/02/2025,5,07:37,6,30.0,0,1,2.0,1.0,1,1,26
DEMO103130,51.53167555916823,-2.6393956915730303,3,3,3,25/07/2025,5,23:16,3,40.0,9,6,5.0,2.0,1,6,11
DEMO103131,53.34161233296188,-3.041857908483101,3,4,4,30/08/2025,6,21:25,9,50.0,0,1,1.0,1.0,1,6,9
DEMO103132,56.23662704036201,-3.4486559801836196,2,6,7,25/12/2025,4,22:50,3,,0,5,5.0,1.0,1,4,6
DEMO103133,51.18136574927841,0.07666589550752761,3,2,3,03/10/2025,5,00:10,9,40.0,8,4,2.0,1.0,1,2,15
DEMO103134,55.60174740016697,-4.625904361424557,3,3,3,19/03/2025,3,15:43,7,30.0,9,5,2.0,2.0,1,4,31
DEMO103135,51.66580827500006,-0.08099734135565483,3,6,6,14/01/2025,2,15:49,3,70.0,8,7,2.0,1.0,1,1,9
DEMO103136,52.995614676584445,-1.0341755524498097,3,4,4,20/08/2025,3,03:56,3,30.0,2,1,1.0,1.0,1,2,16
DEMO103137,53.31004638769169,-3.309265088970241,1,2,3,22/07/2025,2,21:19,6,40.0,2,1,1.0,4.0,1,5,7
DEMO103138,53.47900139878425,-2.6968195472777,3,2,2,03/12/2025,3,09:15,6,30.0,9,1,4.0,1.0,1,1,28
DEMO103139,53.60034829456269,-3.46845488635271,2,1,1,30/07/2025,3,23:56,3,60.0,8,1,2.0,5.0,1,4,18
DEMO103140,53.21819481250287,-3.3105072144853036,3,2,2,02/07/2025,3,02:27,7,40.0,8,6,2.0,1.0,1,4,36
DEMO103141,51.438738973854,-2.5961525562150554,2,2,2,21/04/2025,1,15:34,9,70.0,3,1,8.0,4.0,1,4,41
DEMO103142,53.41532930170979,-2.820506817462262,3,1,1,01/02/2025,6,03:30,6,40.0,8,6,1.0,3.0,2,6,1
DEMO103143,53.00992653146573,-1.4864112897288349,3,1,2,16/11/2025,7,22:30,7,30.0,9,1,2.0,1.0,1,2,9
DEMO103144,56.069262070133064,-3.0146580653747814,3,3,3,29/10/2025,3,14:37,9,60.0,2,7,1.0,2.0,1,4,21
DEMO103145,52.60055882132271,-0.961866418945129,3,3,4,01/03/2025,6,01:25,6,30.0,2,1,1.0,1.0,1,6,5
DEMO103146,53.477611281861414,-1.5649659983047093,3,3,4,14/09/2025,7,05:23,3,30.0,0,7,8.0,1.0,1,6,44
DEMO103147,51.1380511662385,-3.147734814210819,2,4,5,13/05/2025,2,08:24,3,70.0,8,4,8.0,1.0,2,6,43
DEMO103148,54.590637278147014,-5.649853856981001,2,3,4,09/06/2025,1,00:39,2,70.0,2,7,1.0,1.0,1,3,6
DEMO103149,52.29625466962662,-1.5241206200376194,1,5,5,06/11/2025,4,00:49,3,60.0,2,5,8.0,1.0,1,1,21
DEMO103150,55.89958569862234,-4.37566880146569,2,4,5,04/11/2025,2,22:33,3,30.0,7,1,1.0,1.0,1,6,15
DEMO103151,53.60061114800821,-2.442536663997268,2,2,3,11/03/2025,2,23:40,9,50.0,8,6,9.0,5.0,1,6,14
DEMO103152,53.49109303946058,-2.2809186482642763,3,3,3,23/04/2025,3,12:24,3,40.0,3,1,6.0,2.0,1,6,16
DEMO103153,55.83572878097279,-3.4477936325362184,3,1,1,27/10/2025,1,21:46,7,30.0,9,1,1.0,1.0,1,3,28
DEMO103154,51.270536734935675,0.17247499101407895,3,2,2,01/12/2025,1,15:23,2,30.0,1,1,3.0,1.0,1,1,23
DEMO103155,51.47494434624121,-3.0617951943690853,2,4,5,29/01/2025,3,00:25,3,30.0,6,7,5.0,1.0,1,6,40
DEMO103156,55.88002211926412,-3.1892873261376837,3,2,2,01/11/2025,6,17:03,3,30.0,7,5,1.0,1.0,1,2,22
DEMO103157,54.65786945487978,-5.661748901485174,3,1,2,28/06/2025,6,00:15,6,40.0,7,1,1.0,4.0,1,3,36
DEMO103158,55.78668296716244,-4.066208944097454,3,2,3,04/08/2025,1,19:44,3,20.0,8,6,3.0,6.0,1,3,6
DEMO103159,51.7339844076208,-2.9452509115745547,3,4,5,28/01/2025,2,08:05,2,60.0,7,1,1.0,1.0,1,3,10
DEMO103160,52.49460323447364,-1.7572009748213384,3,5,7,06/09/2025,6,03:13,7,60.0,8,1,1.0,1.0,1,4,17
DEMO103161,51.64709805877988,-2.8394142299868204,3,1,2,05/09/2025,5,06:46,3,30.0,8,1,1.0,1.0,1,2,27
DEMO103162,52.39636132475546,-2.2193197506575393,2,3,5,30/08/2025,6,16:52,3,70.0,9,1,4.0,1.0,1,4,22
DEMO103163,53.93311087752692,-1.4237382629724689,3,4,5,16/10/2025,4,20:24,3,60.0,9,5,1.0,1.0,2,2,19
DEMO103164,52.59850649955413,-1.51329477522915,3,3,3,12/12/2025,5,13:24,3,60.0,6,1,2.0,1.0,1,2,24
DEMO103165,51.331976694948736,-2.664060492496264,3,2,3,07/11/2025,5,03:30,3,60.0,8,1,1.0,1.0,1,2,28
DEMO103166,55.59465491528208,-4.3890444347079995,3,2,2,29/09/2025,1,21:46,3,30.0,3,1,1.0,1.0,1,5,6
DEMO103167,54.02908673248384,-1.6376767770366836,3,4,5,25/12/2025,4,18:28,6,60.0,8,6,3.0,2.0,1,4,6
DEMO103168,55.877710722227775,-3.1878185327887296,2,5,7,04/09/2025,4,09:10,6,30.0,0,5,1.0,2.0,1,4,37
DEMO103169,53.264801678097,-1.2107038059492163,3,3,3,03/09/2025,3,13:25,9,70.0,2,1,4.0,1.0,1,4,37
DEMO103170,53.32704173277546,-1.4686944551917582,3,5,6,17/07/2025,4,23:15,9,40.0,9,5,2.0,1.0,1,1,28
DEMO103171,54.42689190219085,-5.658308536304174,3,3,5,08/10/2025,3,09:41,1,50.0,8,1,,2.0,1,3,36
DEMO103172,53.52180192953044,-2.8756547198583453,3,1,2,27/01/2025,1,00:08,3,30.0,0,7,1.0,1.0,1,5,18
DEMO103173,51.4528863400498,-2.3630320942558654,2,3,4,04/07/2025,5,03:36,9,20.0,6,1,6.0,3.0,1,3,27
DEMO103174,54.606722137657464,-5.918410298794939,3,2,2,05/06/2025,4,14:07,3,30.0,2,1,1.0,,1,5,28
DEMO103175,53.15971342578061,-1.2164359000969065,2,1,1,30/11/2025,7,23:58,6,30.0,8,1,7.0,4.0,1,4,5
DEMO103176,53.39905594238449,-1.7890357833630777,3,3,3,27/01/2025,1,17:38,7,30.0,1,1,1.0,1.0,2,3,24
DEMO103177,54.08440232386848,-2.132627444888268,3,1,1,23/08/2025,6,14:08,6,30.0,7,1,1.0,2.0,2,3,40
DEMO103178,53.4772352123388,-2.336826786802117,3,1,2,09/03/2025,7,07:57,1,70.0,8,5,2.0,1.0,1,1,26
DEMO103179,53.20974048528135,-2.848961632809325,3,3,5,19/11/2025,3,10:34,3,60.0,7,1,1.0,2.0,1,1,31
DEMO103180,53.32121585992949,-2.2651803084590703,3,3,4,07/11/2025,5,00:36,2,40.0,2,1,2.0,1.0,1,4,23
DEMO103181,,-2.0839160268281507,2,2,2,27/03/2025,4,08:03,3,60.0,8,5,5.0,1.0,2,6,14
DEMO103182,55.88450055233166,-4.246128995763652,3,4,5,15/11/2025,6,14:11,2,40.0,8,5,5.0,2.0,1,6,16
DEMO103183,51.781375283067874,-0.8061363071275971,3,2,2,01/07/2025,2,21:48,7,70.0,2,7,3.0,1.0,1,4,28
DEMO103184,53.41505504429888,-1.5719701944229687,1,1,2,21/12/2025,7,22:28,3,50.0,2,1,8.0,1.0,2,6,33
DEMO103185,54.55615859939307,-5.804962879442408,3,2,2,24/09/2025,3,19:36,1,50.0,8,6,2.0,1.0,1,2,21
DEMO103186,55.89872194165732,-2.888496804608581,3,2,4,13/01/2025,1,00:59,2,30.0,2,5,1.0,2.0,2,3,22
DEMO103187,51.552680163922126,-2.46739481842044,3,2,3,15/03/2025,6,19:25,12,60.0,2,4,5.0,2.0,1,2,29
DEMO103188,,-0.13405139628675392,2,6,8,28/05/2025,3,05:22,3,60.0,3,1,1.0,1.0,1,6,38
DEMO103189,51.62518617743913,-3.0716970891094397,3,1,2,19/03/2025,3,14:48,3,20.0,3,1,1.0,2.0,1,6,26
DEMO103190,51.38073599088845,0.3094946737025527,3,3,5,18/02/2025,2,22:03,7,20.0,8,1,1.0,3.0,2,3,21
DEMO103191,56.26934748774839,-4.250609040175864,3,1,4,23/12/2025,2,21:27,3,60.0,9,5,1.0,2.0,1,2,10
DEMO103192,55.80218822825897,-4.614021593748573,2,1,2,14/11/2025,5,15:51,3,70.0,8,5,1.0,1.0,1,1,32
DEMO103193,53.36643735208424,-2.3605268193853677,3,2,2,08/06/2025,7,07:13,2,40.0,0,1,1.0,1.0,1,4,21
DEMO103194,56.079235963258654,-4.436272923153181,3,5,5,20/03/2025,4,12:18,12,30.0,2,1,3.0,1.0,1,1,41
DEMO103195,53.64325581518882,-2.527265583847563,3,2,3,08/03/2025,6,16:28,7,30.0,1,7,4.0,1.0,1,4,24
DEMO103196,53.36490606552084,-2.418902140465438,3,2,4,01/12/2025,1,12:04,6,20.0,8,1,8.0,1.0,1,3,7
DEMO103197,56.07531160691784,-2.5315544939213908,3,2,2,01/05/2025,4,09:04,9,60.0,7,4,1.0,2.0,1,4,21
DEMO103198,54.5206165024414,-6.180946967911205,3,2,5,05/01/2025,7,09:15,7,30.0,9,7,1.0,1.0,1,5,12
DEMO103199,53.87620294829952,-1.675962964468093,3,6,7,26/05/2025,1,14:53,3,30.0,3,1,3.0,1.0,1,1,24
DEMO103200,54.6395393670493,-5.266348396563679,3,1,2,15/06/2025,7,00:13,6,40.0,1,5,1.0,1.0,1,2,38
DEMO103201,51.9398353872233,-3.048899213400441,3,1,1,16/08/2025,6,23:43,6,50.0,7,6,1.0,1.0,1,6,2
DEMO103202,56.20356066869899,-3.1134427078881104,2,2,2,04/05/2025,7,02:25,3,60.0,2,1,3.0,2.0,2,5,33
DEMO103203,52.67818987550264,-1.7696663682046547,2,2,3,03/12/2025,3,23:45,9,30.0,1,1,5.0,1.0,1,1,40
DEMO103204,53.93860097957349,-1.5121396438667951,3,1,1,23/08/2025,6,00:19,2,30.0,3,7,1.0,4.0,1,6,42
DEMO103205,55.63859971163619,-4.3723639795467015,3,2,4,27/12/2025,6,12:52,3,30.0,2,1,4.0,1.0,2,5,18
DEMO103206,54.630603782601824,-5.861816610216589,3,2,3,14/05/2025,3,10:22,3,50.0,1,1,3.0,1.0,2,6,43
DEMO103207,55.874298663071166,-3.065605574021599,3,2,3,26/08/2025,2,13:47,2,30.0,6,1,6.0,2.0,1,5,30
DEMO103208,53.39916587492806,-3.406609725682497,3,4,4,14/05/2025,3,10:49,12,50.0,8,6,1.0,2.0,1,2,32
DEMO103209,53.496274644139596,-2.3616898956190924,2,3,3,13/09/2025,6,21:25,6,30.0,9,1,,1.0,2,3,26
DEMO103210,54.28863093176671,-6.347150277270465,3,2,2,30/09/2025,2,00:40,1,,2,1,4.0,2.0,2,6,15
DEMO103211,53.74970383655621,-1.774686947531219,3,4,6,28/04/2025,1,23:07,7,30.0,3,1,1.0,1.0,1,6,41
DEMO103212,51.47737085033751,-2.472314910565817,2,2,3,09/12/2025,2,16:29,9,60.0,8,1,3.0,1.0,1,6,1
DEMO103213,54.76386779313545,-6.043121751288609,3,2,3,09/11/2025,7,18:22,3,50.0,9,5,4.0,1.0,1,2,38
DEMO103214,52.813745610536735,-1.2252889039866988,2,2,5,23/11/2025,7,03:57,6,40.0,8,6,1.0,1.0,2,1,28
DEMO103215,53.658538444212816,-2.212282840488423,3,6,6,21/03/2025,5,01:56,7,30.0,6,1,2.0,2.0,1,5,34
DEMO103216,51.353195798155134,-0.46177765238216195,3,3,3,20/09/2025,6,09:47,3,30.0,9,5,2.0,1.0,2,1,27
DEMO103217,53.35113415081698,-3.280430567509009,2,3,5,08/02/2025,6,07:56,7,30.0,8,5,5.0,2.0,1,6,25
DEMO103218,54.39431866992682,-6.3518484288141845,3,1,3,08/02/2025,6,18:58,7,60.0,1,6,1.0,2.0,1,3,25
DEMO103219,53.64723873015478,-2.9556875239247598,1,2,2,22/12/2025,1,21:46,9,30.0,0,4,2.0,1.0,1,2,23
DEMO103220,56.00386361984574,-4.241454113155844,3,1,2,25/02/2025,2,10:35,9,20.0,9,1,1.0,1.0,1,5,6
DEMO103221,54.289510471191754,-1.3568959409959915,2,4,4,12/11/2025,3,18:12,12,70.0,9,5,3.0,1.0,1,5,16
DEMO103222,55.85764519728204,-2.8834770593263546,3,1,1,07/06/2025,6,01:48,2,40.0,3,4,4.0,1.0,2,6,14
DEMO103223,56.10818682496225,-2.8588717380687205,3,6,6,21/04/2025,1,17:11,9,30.0,8,4,2.0,4.0,1,2,16
DEMO103224,53.162669236457596,-1.385222617530859,3,5,6,27/01/2025,1,02:11,7,30.0,2,1,2.0,2.0,1,5,8
DEMO103225,56.21781797249293,-3.142661591617651,2,2,2,04/09/2025,4,16:52,3,30.0,8,1,1.0,1.0,2,2,8
DEMO103226,52.91617837090197,-1.0905314037012843,3,2,4,21/09/2025,7,09:06,12,40.0,3,1,1.0,1.0,1,3,35
DEMO103227,51.439334653996845,-2.8312547932378713,3,5,6,20/06/2025,5,09:08,9,70.0,2,1,4.0,1.0,2,5,16
DEMO103228,56.0937785137102,-4.186756292893371,1,4,5,23/10/2025,4,06:30,9,20.0,3,1,1.0,1.0,1,4,1
DEMO103229,51.70022404309171,-3.302673321995808,3,2,3,28/04/2025,1,09:35,1,30.0,3,1,5.0,1.0,1,3,35
DEMO103230,51.30520639627261,-3.474200831824693,3,2,5,21/07/2025,1,20:02,3,30.0,9,1,3.0,,1,6,17
DEMO103231,53.46171778997576,-2.6741315116693927,2,3,4,15/04/2025,2,19:22,12,30.0,9,1,6.0,1.0,2,4,25
DEMO103232,56.120687201155164,-4.833477343950235,2,1,2,01/08/2025,5,08:13,12,60.0,1,7,1.0,1.0,1,2,41
DEMO103233,51.44117484266725,-0.1893952602326983,3,3,3,19/02/2025,3,07:18,3,30.0,2,1,2.0,1.0,1,4,22
DEMO103234,53.00986875996387,-1.3217730085333923,3,5,5,23/06/2025,1,12:10,3,70.0,2,1,1.0,1.0,2,1,43
DEMO103235,53.05164984185843,-1.3385477773112406,3,1,3,20/07/2025,7,16:40,7,30.0,0,5,7.0,1.0,1,6,37
DEMO103236,51.708110529827536,-2.865602888758923,3,5,5,23/07/2025,3,04:28,2,60.0,7,1,4.0,1.0,1,6,26
DEMO103237,54.71750099464755,-6.065330770646386,3,2,2,13/06/2025,5,17:57,7,50.0,6,1,3.0,1.0,1,6,30
DEMO103238,51.43777350561527,-3.4427058169880658,2,1,2,23/08/2025,6,22:00,12,40.0,1,4,4.0,1.0,1,5,26
DEMO103239,51.153987012933634,-0.10574701744361356,2,4,5,06/07/2025,7,20:46,3,60.0,9,1,1.0,5.0,1,2,19
DEMO103240,53.60743795121765,-2.065810012794584,3,2,3,14/04/2025,1,13:54,9,40.0,8,4,3.0,1.0,1,5,42
DEMO103241,53.51182404881073,-2.3599297608636087,2,3,5,20/03/2025,4,07:29,6,60.0,1,1,5.0,1.0,1,1,8
DEMO103242,51.80125610039909,-2.9179193447959095,3,1,2,25/08/2025,1,07:41,3,40.0,8,1,1.0,1.0,1,3,44
DEMO103243,53.058434671229435,-1.3445899854266543,2,4,5,09/12/2025,2,17:26,3,50.0,2,1,8.0,1.0,1,1,43
DEMO103244,55.76220456189383,-4.715158323124739,3,3,3,02/10/2025,4,10:35,7,20.0,7,1,7.0,1.0,1,5,12
DEMO103245,55.72896375042042,-2.861434192079833,2,2,2,22/08/2025,5,02:54,9,,6,5,8.0,2.0,2,3,11
DEMO103246,55.92225103317372,-3.6791352943259192,2,2,3,03/12/2025,3,16:31,6,60.0,1,1,5.0,5.0,1,1,14
DEMO103247,52.55150088857209,-2.0249205228180784,3,2,2,25/11/2025,2,03:34,12,50.0,3,1,1.0,1.0,1,6,33
DEMO103248,52.505047456223615,-1.7024141986755668,2,2,3,04/07/2025,5,23:59,2,60.0,9,1,3.0,1.0,1,2,36
DEMO103249,51.227318011484854,-2.2905497927384175,3,1,1,09/02/2025,7,10:29,12,70.0,8,5,1.0,2.0,1,4,1
DEMO103250,50.95287187269316,-2.6269144266968323,3,4,5,20/08/2025,3,08:10,7,30.0,7,4,4.0,1.0,1,6,44
DEMO103251,55.69194371438313,-4.389443117885231,2,7,7,16/08/2025,6,01:40,3,50.0,8,6,1.0,1.0,1,3,35
DEMO103252,52.04713322766928,-1.3864513080041303,2,2,3,12/04/2025,6,04:41,2,60.0,8,4,6.0,2.0,1,5,4
DEMO103253,51.27781599386745,-2.3673074656863347,3,4,5,07/11/2025,5,22:14,3,20.0,9,7,1.0,1.0,1,4,32
DEMO103254,53.52426796108523,-1.9843893948784372,3,2,3,14/11/2025,5,12:43,3,30.0,1,1,1.0,1.0,2,2,10
DEMO103255,53.741098098893126,-2.1287691649378924,2,1,1,01/05/2025,4,21:03,12,30.0,1,5,1.0,1.0,1,3,29
DEMO103256,53.04022772345111,-2.0976596983557227,3,3,6,24/06/2025,2,22:19,9,60.0,8,1,4.0,1.0,1,4,2
DEMO103257,53.29625167663641,-2.180863397164924,2,3,3,13/03/2025,4,01:51,1,70.0,9,1,1.0,6.0,1,4,11
DEMO103258,53.02595719391119,-1.1897871245142213,3,2,3,07/03/2025,5,09:37,3,70.0,7,5,1.0,1.0,1,6,14
DEMO103259,51.37340061458116,-3.032853443683484,3,2,4,07/04/2025,1,20:36,6,30.0,9,7,1.0,1.0,1,5,40
DEMO103260,53.43767276218542,-3.313255898056297,3,2,2,14/05/2025,3,11:37,9,,8,6,1.0,1.0,1,3,44
DEMO103261,53.47629981622269,-2.8291935541193762,2,2,2,10/04/2025,4,12:09,9,30.0,0,1,8.0,1.0,1,6,16
DEMO103262,55.79007374673195,-3.9635532963825733,2,2,5,25/02/2025,2,13:57,3,70.0,9,1,2.0,1.0,1,6,16
DEMO103263,51.69844449189692,-3.1360423817118055,3,1,3,13/06/2025,5,16:17,1,70.0,8,1,1.0,1.0,1,3,12
DEMO103264,53.3920161105131,-1.4227606471093481,3,3,3,16/08/2025,6,22:47,2,40.0,7,5,1.0,1.0,2,4,38
DEMO103265,53.18900433783394,-1.4219970385068075,3,3,3,29/04/2025,2,21:59,6,30.0,8,1,1.0,1.0,2,3,7
DEMO103266,56.031046792165775,-4.161288872225579,2,4,4,14/07/2025,1,15:14,2,70.0,2,1,1.0,2.0,1,1,43
DEMO103267,56.2436088127503,-4.7093298365014915,3,4,4,10/04/2025,4,13:38,3,60.0,7,1,1.0,1.0,1,6,25
DEMO103268,52.746687799423626,-1.5302696264588693,3,3,4,14/09/2025,7,08:02,9,70.0,3,7,1.0,4.0,1,4,19
DEMO103269,54.47327025489883,-5.723447246279242,2,2,2,25/08/2025,1,02:38,3,40.0,6,1,1.0,1.0,1,6,35
DEMO103270,52.42712935350575,-2.1455241760549466,3,5,6,17/12/2025,3,17:26,12,30.0,7,1,1.0,1.0,1,2,22
DEMO103271,51.142636547800336,-2.608394955598554,3,3,4,20/01/2025,1,00:04,9,30.0,0,1,4.0,4.0,2,5,9
DEMO103272,53.27850683445453,-1.5502137237685696,3,4,4,08/11/2025,6,16:40,3,40.0,0,1,1.0,2.0,2,3,37
DEMO103273,51.357360350749886,-2.278856334681416,3,5,6,05/05/2025,1,11:58,1,70.0,0,1,4.0,1.0,1,2,22
DEMO103274,53.56315449222954,-2.3792414193673763,3,7,8,25/01/2025,6,18:04,6,30.0,7,5,3.0,1.0,1,6,35
DEMO103275,54.39277889517463,-6.217857488457014,2,4,5,09/09/2025,2,22:53,7,50.0,3,1,6.0,2.0,1,5,40
DEMO103276,51.52039407265193,-0.15658357561165695,3,3,3,04/03/2025,2,13:50,6,70.0,6,1,1.0,1.0,1,3,4
DEMO103277,53.51829753183025,-2.4938754339448925,3,4,6,06/03/2025,4,13:32,9,30.0,6,1,5.0,1.0,1,4,32
DEMO103278,54.51344448148598,-5.699105667884388,3,3,3,24/12/2025,3,11:54,9,40.0,0,1,6.0,1.0,1,1,34
DEMO103279,56.015102396918934,-4.275058633460267,2,3,4,22/03/2025,6,08:18,6,60.0,8,5,8.0,2.0,1,2,11
DEMO103280,52.40483443624526,-2.1765901975121005,2,4,4,19/07/2025,6,02:43,1,,8,1,5.0,1.0,1,3,4
DEMO103281,56.011884193857476,-3.3655810979307947,2,2,3,15/03/2025,6,00:41,3,40.0,8,5,1.0,1.0,1,6,18
DEMO103282,54.36347404203208,-6.043652304520414,3,2,3,15/02/2025,6,17:34,6,60.0,0,1,8.0,5.0,1,6,15
DEMO103283,52.34607251766988,-1.9683684663768355,2,2,4,01/01/2025,3,21:50,3,30.0,8,1,5.0,1.0,1,1,5
DEMO103284,51.62735426298185,-2.9851753467848914,2,3,4,06/01/2025,1,01:52,9,50.0,6,1,1.0,2.0,2,3,5
DEMO103285,53.107617817777275,-3.274794811191377,3,2,2,22/06/2025,7,07:47,3,70.0,8,4,,1.0,1,3,4
DEMO103286,52.62167784960014,-1.829719029013655,3,5,6,08/06/2025,7,14:35,3,30.0,0,1,8.0,2.0,2,2,40
DEMO103287,53.421856963047674,-1.9396689475170734,2,1,3,15/01/2025,3,16:58,9,20.0,8,1,1.0,1.0,1,6,32
DEMO103288,53.11505934904569,-2.371145121953776,2,2,3,08/05/2025,4,17:33,7,20.0,9,6,5.0,1.0,1,6,1
DEMO103289,53.40073523657566,-2.2248896607251964,3,2,2,10/04/2025,4,16:38,3,50.0,9,1,2.0,,1,6,5
DEMO103290,51.58665505038576,-2.032446309812132,3,1,1,28/07/2025,1,02:11,6,30.0,9,1,4.0,3.0,1,5,30
DEMO103291,53.82363807068923,-2.9384325167978593,3,2,2,30/12/2025,2,06:19,7,30.0,0,1,1.0,1.0,1,6,29
DEMO103292,53.8166179609125,-2.7150343316314096,3,3,6,10/09/2025,3,11:54,3,50.0,6,1,4.0,1.0,1,1,16
DEMO103293,53.63331176017805,-1.4189528782816718,3,2,3,02/12/2025,2,01:29,3,40.0,2,1,2.0,1.0,1,2,39
DEMO103294,53.62464392980502,-2.19564761388968,3,1,1,12/03/2025,3,08:30,7,40.0,7,4,7.0,1.0,1,6,15
DEMO103295,55.87269580367439,-3.29753574120825,3,3,4,20/03/2025,4,09:48,7,60.0,8,4,1.0,1.0,1,5,4
DEMO103296,53.37074256109549,-2.51949229207775,2,3,4,02/10/2025,4,23:19,1,30.0,8,5,1.0,1.0,1,3,20
DEMO103297,51.66267401455751,-2.987022056498598,3,2,4,24/04/2025,4,07:15,3,60.0,9,1,1.0,1.0,1,2,10
DEMO103298,52.99569012036254,-1.8148932808772007,2,1,2,06/11/2025,4,23:00,7,40.0,9,1,1.0,2.0,1,6,8
DEMO103299,55.99487313985105,-3.295752221118321,2,4,5,19/06/2025,4,16:13,3,30.0,2,6,9.0,1.0,1,5,2
DEMO103300,53.07916796404207,-1.560662247753863,3,2,3,15/03/2025,6,16:30,12,30.0,9,1,1.0,1.0,1,5,38
DEMO103301,53.626867765915556,-1.723562000830537,3,3,3,05/11/2025,3,19:43,3,50.0,9,5,1.0,1.0,1,4,28
DEMO103302,53.218983489067604,-1.500706551528094,3,2,3,20/07/2025,7,20:19,9,40.0,8,4,5.0,1.0,1,3,16
DEMO103303,53.8930823746247,-1.8529958861615965,3,2,3,20/10/2025,1,05:26,12,60.0,2,1,1.0,5.0,1,5,12
DEMO103304,,-1.761930898417121,2,3,3,15/06/2025,7,10:13,3,40.0,1,1,1.0,1.0,2,2,6
DEMO103305,54.1131788188479,-0.8525778448426532,3,4,5,16/02/2025,7,12:48,7,60.0,3,5,4.0,1.0,1,4,26
DEMO103306,53.631404423841225,-1.7702762032347132,3,3,3,06/09/2025,6,23:31,2,30.0,0,4,1.0,2.0,2,6,33
DEMO103307,52.802854223294936,-1.7949254720024597,3,1,1,15/02/2025,6,00:08,7,50.0,2,1,6.0,1.0,1,2,34
DEMO103308,51.46054859121198,-0.0931666104563306,2,4,5,31/08/2025,7,11:36,12,30.0,0,1,3.0,4.0,1,6,29
DEMO103309,54.611524029867454,-5.8832447857245525,2,3,3,02/06/2025,1,05:20,12,30.0,6,1,1.0,1.0,2,1,17
DEMO103310,52.93375985066506,-1.2720337219654876,2,1,2,16/10/2025,4,04:51,3,40.0,7,4,3.0,3.0,1,1,24
DEMO103311,51.500118000829204,-2.587238824515738,3,2,2,14/11/2025,5,18:16,9,30.0,1,1,6.0,3.0,2,3,7
DEMO103312,54.72280161766036,-5.880655001597132,3,3,4,29/05/2025,4,04:51,9,20.0,9,6,1.0,3.0,1,5,4
DEMO103313,53.66755958845774,-2.0513688380392128,3,2,6,18/11/2025,2,19:41,3,30.0,0,7,4.0,1.0,1,5,4
DEMO103314,51.410509353033376,-2.4134746348999085,3,3,3,10/02/2025,1,23:08,9,70.0,3,7,2.0,2.0,2,3,2
DEMO103315,51.49757372386749,-2.8719177285335293,1,2,2,09/02/2025,7,18:45,3,60.0,6,1,2.0,2.0,2,2,26
DEMO103316,53.21710241702948,-1.6474960601549467,3,2,3,29/12/2025,1,04:43,12,70.0,7,1,4.0,1.0,2,6,7
DEMO103317,51.57650828923801,-2.5446031664182502,3,4,4,29/07/2025,2,03:27,9,20.0,2,7,1.0,1.0,2,4,3
DEMO103318,53.84868699273448,-1.5870314504272525,2,3,5,14/06/2025,6,10:09,6,30.0,8,5,2.0,1.0,1,2,35
DEMO103319,51.36750635761701,0.07687333246360012,3,2,3,26/02/2025,3,13:28,3,30.0,2,1,1.0,,1,4,31
DEMO103320,52.262387654382216,-2.2665216275933266,3,1,1,16/04/2025,3,18:36,12,50.0,2,6,4.0,2.0,1,2,25
DEMO103321,52.51514315211581,-1.628260104037901,3,2,2,08/09/2025,1,10:07,2,70.0,3,4,3.0,1.0,1,2,3
DEMO103322,56.188474064760854,-3.112479245822859,3,4,5,27/10/2025,1,04:20,6,30.0,1,5,1.0,1.0,1,4,40
DEMO103323,53.66660885254395,-1.1822285185387975,3,2,2,01/12/2025,1,23:42,6,40.0,9,7,1.0,1.0,1,2,13
DEMO103324,53.17555864142944,-2.980497491175434,3,4,4,29/05/2025,4,21:33,3,20.0,7,7,7.0,1.0,2,5,19
DEMO103325,56.121506279184366,-3.2319611681761997,2,5,6,15/06/2025,7,15:59,2,40.0,1,1,1.0,2.0,1,5,36
DEMO103326,52.629749550767514,-2.049178115230005,2,3,4,01/03/2025,6,16:13,3,60.0,8,1,1.0,1.0,1,4,1
DEMO103327,53.73007421621948,-2.3404336962542054,2,3,3,31/01/2025,5,22:46,12,50.0,8,4,1.0,2.0,1,6,36
DEMO103328,51.54009845772863,-3.075105886424326,3,4,7,09/06/2025,1,11:25,9,50.0,3,5,2.0,1.0,1,5,9
DEMO103329,54.53711297012598,-5.969537877854877,3,2,2,31/07/2025,4,03:13,9,40.0,9,4,1.0,1.0,2,5,13
DEMO103330,53.52256491629365,-1.597439320446278,3,4,5,08/02/2025,6,14:57,6,30.0,6,1,6.0,2.0,1,4,41
DEMO103331,51.01776903321013,-3.1576613884755087,3,4,6,30/05/2025,5,10:37,7,30.0,1,4,4.0,1.0,1,5,22
DEMO103332,53.30232018996123,-2.4119076368330234,2,1,1,23/08/2025,6,19:32,6,60.0,8,4,1.0,5.0,1,3,26
DEMO103333,51.32508726668772,-3.0957648702056497,3,2,3,23/10/2025,4,18:17,7,50.0,9,7,2.0,4.0,2,4,27
DEMO103334,51.386316247485475,-0.16079783690584787,1,2,2,09/12/2025,2,11:52,9,30.0,2,6,1.0,3.0,2,3,32
DEMO103335,53.20718550253807,-2.682189392311038,3,2,3,05/05/2025,1,08:01,3,40.0,0,1,1.0,3.0,1,1,26
DEMO103336,52.85321577949231,-1.1476484136113898,2,3,5,23/05/2025,5,10:06,12,30.0,7,4,3.0,1.0,1,5,39
DEMO103337,51.40774582593503,0.06859985731911283,3,3,4,16/11/2025,7,15:10,12,20.0,8,4,1.0,1.0,1,4,39
DEMO103338,51.434167287113574,-2.9650649429121625,3,4,4,11/09/2025,4,15:39,3,30.0,2,1,7.0,2.0,1,2,33
DEMO103339,51.53268967512657,-3.3940182736959295,3,1,1,10/04/2025,4,12:06,12,60.0,9,1,2.0,1.0,1,5,24
DEMO103340,52.729577084129794,-1.520880938990097,3,4,4,08/09/2025,1,12:47,9,30.0,1,5,1.0,2.0,2,3,19
DEMO103341,53.71929995077398,-1.288348611642055,2,1,2,27/02/2025,4,23:11,1,70.0,8,5,8.0,1.0,1,2,28
DEMO103342,52.46972874157965,-1.792148885282739,3,1,1,13/06/2025,5,06:40,1,30.0,9,1,2.0,3.0,1,4,31
DEMO103343,53.04739523882881,-1.7037263940429674,2,3,4,22/04/2025,2,04:47,7,30.0,1,7,1.0,1.0,1,2,30
DEMO103344,52.94153946660319,-1.3594686065024668,3,3,4,29/12/2025,1,19:52,9,60.0,6,7,2.0,2.0,1,6,34
DEMO103345,55.99627058694197,-3.1821381925733383,2,1,1,13/01/2025,1,22:17,3,30.0,0,6,8.0,1.0,1,4,17
DEMO103346,53.5175483350157,-1.2649025497889732,3,3,4,09/11/2025,7,14:04,6,60.0,7,7,2.0,1.0,2,5,44
DEMO103347,52.248620678382764,-1.971912858706416,2,4,4,13/04/2025,7,09:45,6,50.0,7,1,2.0,4.0,1,6,37
DEMO103348,52.45891378321851,-2.2494344422833183,2,1,2,14/01/2025,2,08:26,3,20.0,8,7,2.0,1.0,1,3,40
DEMO103349,56.176459052757686,-3.6469772964165337,3,3,3,29/08/2025,5,11:56,1,70.0,6,7,1.0,1.0,1,6,8
DEMO103350,52.17373734938938,-2.0877207841100187,2,3,6,05/09/2025,5,01:11,3,30.0,2,5,1.0,1.0,1,1,41
DEMO103351,54.59608255187788,-6.131600937169753,2,4,4,21/02/2025,5,12:34,9,30.0,1,1,2.0,1.0,1,2,32
DEMO103352,52.21214751717887,-2.159896223631988,2,2,2,14/01/2025,2,06:07,2,60.0,0,1,7.0,1.0,1,1,35
DEMO103353,55.78688472807825,-3.9137977863506164,3,3,3,10/02/2025,1,06:29,7,30.0,6,1,4.0,1.0,1,1,8
DEMO103354,54.45240033938133,-6.307310821075447,3,2,3,30/05/2025,5,13:00,7,50.0,9,5,1.0,1.0,2,2,36
DEMO103355,53.475768961997844,-3.1706019475342155,3,3,5,18/02/2025,2,23:45,12,20.0,8,1,2.0,1.0,1,3,10
DEMO103356,51.45425692507832,0.3861186926813456,2,3,3,14/09/2025,7,04:36,12,70.0,3,6,1.0,3.0,2,4,31
DEMO103357,51.251809793743156,-3.372628271193951,1,3,4,29/01/2025,3,21:05,12,30.0,9,6,1.0,2.0,1,5,36
DEMO103358,53.75498012209914,-2.2471610434547653,3,2,2,15/10/2025,3,12:29,6,30.0,1,1,4.0,1.0,2,2,1
DEMO103359,52.986848788239854,-0.8195618954144497,2,1,1,16/11/2025,7,23:25,1,70.0,9,1,1.0,1.0,1,4,29
DEMO103360,54.774931755007,-5.959138306845019,2,3,3,19/09/2025,5,09:40,3,50.0,2,5,6.0,1.0,2,6,37
DEMO103361,55.66705816989486,-4.159693765628495,2,1,1,11/12/2025,4,23:29,6,60.0,1,1,2.0,2.0,1,2,28
DEMO103362,51.43663104098189,-0.28910726317478014,3,2,3,09/12/2025,2,15:27,1,40.0,9,7,4.0,2.0,1,5,44
DEMO103363,56.13313908675047,-3.3975448961469934,2,4,6,17/01/2025,5,16:49,1,50.0,3,6,6.0,1.0,2,1,16
DEMO103364,52.35120526807581,-2.277339849188504,3,2,4,05/05/2025,1,13:31,3,30.0,9,1,4.0,1.0,2,1,31
DEMO103365,55.86328656247912,-4.303880779269466,2,4,4,05/10/2025,7,10:48,3,40.0,8,4,7.0,2.0,1,4,42
DEMO103366,53.36931702278918,-1.3799984062971418,3,5,6,04/05/2025,7,12:53,7,30.0,1,6,5.0,1.0,1,4,15
DEMO103367,53.37546900514027,-1.0845227807701332,3,2,4,27/09/2025,6,20:50,12,30.0,1,7,2.0,1.0,1,3,15
DEMO103368,53.39602317068434,-3.1217429258858065,3,3,4,10/10/2025,5,19:57,3,20.0,3,4,1.0,1.0,1,3,30
DEMO103369,52.41080494810632,-1.6038661931882878,2,2,3,30/12/2025,2,00:41,1,60.0,7,7,1.0,6.0,1,1,7
DEMO103370,54.567440072442714,-5.706022048865275,3,3,3,01/05/2025,4,16:33,6,30.0,3,4,6.0,1.0,1,2,42
DEMO103371,53.35129337586883,-2.420295632236665,3,3,3,07/05/2025,3,20:31,3,30.0,1,1,1.0,1.0,1,3,15
DEMO103372,53.56879689826552,-1.5421632192382002,1,1,1,09/01/2025,4,17:12,9,50.0,1,4,8.0,2.0,1,1,3
DEMO103373,52.808363709158236,-1.1483058304187357,3,2,2,15/04/2025,2,11:49,3,20.0,6,6,1.0,1.0,1,2,7
DEMO103374,55.769379433028774,-4.584574590227871,3,1,1,13/04/2025,7,08:41,3,30.0,0,7,4.0,1.0,1,6,36
DEMO103375,53.06404783723203,-1.2186358330774751,3,5,5,15/06/2025,7,16:52,9,30.0,3,1,1.0,1.0,1,5,44
DEMO103376,52.85403157593439,-1.3603636725949297,3,2,2,03/06/2025,2,15:42,6,30.0,0,1,8.0,6.0,2,5,17
DEMO103377,52.974586114321056,-1.213647945524432,2,6,8,09/11/2025,7,08:28,7,60.0,9,4,1.0,1.0,1,1,41
DEMO103378,51.51780339577237,-3.2183771641193677,3,2,3,10/10/2025,5,09:17,3,40.0,7,7,1.0,1.0,2,4,25
DEMO103379,51.35713863341794,-2.600481787451044,2,5,7,23/09/2025,2,08:59,3,30.0,1,5,6.0,3.0,2,2,35
DEMO103380,56.12815311558742,-3.3334541677016714,2,3,3,02/01/2025,4,01:44,1,30.0,8,1,,2.0,1,4,23
DEMO103381,55.885790391017956,-3.443097507556187,3,2,5,22/06/2025,7,00:52,9,40.0,6,6,1.0,1.0,1,1,33
DEMO103382,54.49630394918423,-6.35511799075314,3,3,3,24/09/2025,3,01:35,3,30.0,6,5,7.0,1.0,1,6,38
DEMO103383,51.680476526492384,-2.95615934467998,3,2,3,31/03/2025,1,10:30,2,30.0,2,7,6.0,1.0,1,2,4
DEMO103384,55.97795636589719,-3.183641943440584,3,5,6,05/06/2025,4,12:02,7,40.0,3,6,1.0,1.0,1,4,8
DEMO103385,53.0502842357972,-1.9977567403820669,3,2,2,23/09/2025,2,09:04,7,50.0,9,1,3.0,1.0,1,5,17
DEMO103386,55.47471666517521,-3.226569268471926,3,2,3,18/10/2025,6,22:42,3,20.0,1,7,1.0,2.0,2,5,3
DEMO103387,56.15101911934531,-4.257296686308961,2,3,4,08/11/2025,6,05:13,12,20.0,7,1,1.0,2.0,1,6,13
DEMO103388,53.81572214756582,-1.6157366387065157,1,3,4,06/06/2025,5,09:04,7,50.0,1,7,3.0,2.0,1,4,36
DEMO103389,55.83290231837705,-4.341168142407798,3,2,2,26/05/2025,1,05:46,12,30.0,3,1,1.0,1.0,1,3,4
DEMO103390,53.4014640920119,-1.493353872768688,2,3,4,20/05/2025,2,07:37,3,30.0,7,6,2.0,1.0,1,3,33
DEMO103391,52.92847287585245,-1.2321053285985493,3,1,4,02/09/2025,2,14:06,7,70.0,1,1,1.0,2.0,1,6,38
DEMO103392,55.76345786621784,-2.958553850507972,3,4,4,03/06/2025,2,07:29,3,30.0,0,1,6.0,1.0,1,1,40
DEMO103393,53.42399436158057,-1.9107788030769104,3,3,6,27/05/2025,2,07:28,3,50.0,6,7,2.0,1.0,1,2,41
DEMO103394,51.32339087032281,-2.2764073365795747,2,3,3,03/03/2025,1,16:00,1,60.0,3,1,1.0,1.0,1,2,26
DEMO103395,55.90117789679987,-2.818585657403536,3,7,7,24/06/2025,2,19:36,3,30.0,9,1,7.0,1.0,1,6,31
DEMO103396,53.443241556898315,-3.267193166742506,2,1,1,28/03/2025,5,05:23,9,,8,6,5.0,1.0,1,2,24
DEMO103397,54.66440110049044,-5.64217640033897,3,3,3,11/07/2025,5,02:52,9,40.0,9,1,1.0,1.0,1,4,9
DEMO103398,51.49564155839148,-0.10694755194109522,2,2,3,21/11/2025,5,05:06,2,30.0,9,4,8.0,3.0,1,5,40
DEMO103399,55.88338903186171,-4.227698557833104,3,4,4,11/10/2025,6,13:50,1,30.0,0,7,1.0,1.0,1,1,39
DEMO103400,55.63210140840128,-3.3610947431021208,3,1,3,24/06/2025,2,23:00,2,70.0,9,1,1.0,1.0,1,1,28
DEMO103401,54.5821939490554,-6.020687269583945,3,2,3,23/12/2025,2,03:45,7,30.0,9,1,1.0,1.0,1,6,33
DEMO103402,52.523445547182895,-2.4197365394390022,3,2,2,24/12/2025,3,01:46,3,60.0,3,5,1.0,1.0,1,1,29
DEMO103403,54.583026863721045,-5.796669982423551,2,3,3,12/06/2025,4,12:24,9,40.0,7,5,4.0,1.0,2,1,4
DEMO103404,51.72195514864031,-2.636982560786715,1,3,6,06/10/2025,1,23:16,1,50.0,2,1,2.0,1.0,1,6,11
DEMO103405,51.40693450450714,-2.7123743461813166,2,2,2,05/05/2025,1,13:08,9,30.0,0,4,7.0,1.0,1,3,31
DEMO103406,51.21611916602748,-2.2674739408807763,3,2,2,17/11/2025,1,22:20,9,40.0,2,1,1.0,1.0,1,6,10
DEMO103407,53.38101421235518,-1.4677682678840538,3,5,7,17/05/2025,6,15:40,1,40.0,0,1,1.0,5.0,1,4,4
DEMO103408,53.277732217498304,-1.691913353359375,3,2,2,05/04/2025,6,00:43,9,40.0,6,1,1.0,1.0,2,5,22
DEMO103409,53.097919738495364,-2.995878085178413,3,5,5,18/02/2025,2,10:10,12,60.0,8,7,1.0,1.0,1,5,16
DEMO103410,51.452578279784746,0.28324073534189975,2,2,2,04/11/2025,2,18:00,6,60.0,0,1,8.0,6.0,1,3,22
DEMO103411,54.86294912694213,-5.9614662928461835,3,1,2,19/04/2025,6,12:33,3,30.0,2,1,4.0,2.0,1,1,2
DEMO103412,53.41439653327351,-2.048827645787653,2,2,6,24/10/2025,5,04:34,7,30.0,0,7,5.0,2.0,1,4,28
DEMO103413,52.681190314659524,-2.063535147015818,3,1,2,01/02/2025,6,04:58,3,60.0,9,1,4.0,1.0,1,2,34
DEMO103414,53.51026151122964,-1.3514271683989085,2,4,4,02/07/2025,3,15:45,12,30.0,8,7,1.0,3.0,2,2,11
DEMO103415,51.88053867032766,-2.5384713813056727,2,3,4,06/06/2025,5,11:33,6,60.0,0,7,1.0,1.0,1,5,26
DEMO103416,53.462801922630454,-1.4697469986348901,3,3,4,10/06/2025,2,13:35,9,30.0,8,1,2.0,1.0,1,2,7
DEMO103417,51.495359560431204,-3.2963414806563005,3,4,4,03/03/2025,1,08:38,7,20.0,8,1,5.0,2.0,1,4,20
DEMO103418,52.50229057609701,-1.958288963307024,3,2,3,27/01/2025,1,08:27,3,30.0,8,1,1.0,1.0,1,5,43
DEMO103419,53.85092645790863,-2.001759248678564,3,3,3,07/05/2025,3,15:40,6,20.0,9,1,1.0,4.0,1,4,36
DEMO103420,52.90801705639576,-1.5455158300501497,2,5,6,21/06/2025,6,00:11,9,50.0,3,1,4.0,6.0,2,4,5
DEMO103421,55.86178129466651,-3.5621224082493463,3,3,4,17/10/2025,5,10:49,3,30.0,2,1,1.0,,1,4,35
DEMO103422,53.46408721275761,-1.836236535317505,3,2,4,18/06/2025,3,08:51,3,70.0,9,1,2.0,1.0,2,6,29
DEMO103423,51.340625568870756,-2.6562082574421977,3,3,5,31/03/2025,1,18:26,12,,8,6,1.0,2.0,1,2,27
DEMO103424,53.04505631107828,-1.5913057021987698,3,3,3,06/04/2025,7,17:27,3,50.0,2,1,2.0,1.0,1,5,44
DEMO103425,54.361447029497604,-6.183666766793406,3,2,4,12/08/2025,2,10:29,9,50.0,7,1,1.0,1.0,1,3,1
DEMO103426,53.70483854816204,-2.7039071156107086,3,4,6,09/06/2025,1,06:49,3,30.0,7,1,6.0,1.0,1,6,8
DEMO103427,51.424175985950406,-3.244899856678812,3,2,3,25/11/2025,2,05:10,9,60.0,6,1,4.0,2.0,1,1,44
DEMO103428,56.091598463553545,-2.975577441385705,3,5,5,10/06/2025,2,05:20,7,30.0,7,6,1.0,4.0,1,6,22
DEMO103429,53.67519493902135,-1.9042017433238791,3,2,2,26/07/2025,6,06:36,2,40.0,0,5,5.0,1.0,1,6,41
DEMO103430,53.640865694136025,-2.142869777736982,3,2,2,24/01/2025,5,18:41,1,30.0,3,1,5.0,2.0,1,1,3
DEMO103431,56.02571950366102,-2.9531238824741477,3,2,3,12/03/2025,3,01:17,3,30.0,2,4,4.0,3.0,2,6,21
DEMO103432,53.8391870510357,-2.1481685461796776,3,1,2,07/11/2025,5,00:07,7,20.0,0,1,7.0,1.0,2,4,42
DEMO103433,51.69148832403209,-2.696042577708636,2,2,6,06/05/2025,2,12:30,3,30.0,6,7,5.0,1.0,1,1,39
DEMO103434,53.613223844501675,-2.31223212153999,3,2,3,03/06/2025,2,05:38,3,70.0,2,1,1.0,1.0,1,6,42
DEMO103435,53.27512636731075,-1.3899883496339596,2,2,2,04/08/2025,1,19:45,7,60.0,3,5,1.0,2.0,1,4,16
DEMO103436,53.58916358832616,-1.53671788707454,3,4,4,22/01/2025,3,18:00,12,60.0,1,1,1.0,1.0,1,2,25
DEMO103437,53.35585211502094,-1.2092555428211016,3,3,5,04/07/2025,5,18:01,2,50.0,6,1,2.0,1.0,1,1,9
DEMO103438,54.600726692543866,-6.157309516579291,3,1,1,07/05/2025,3,10:23,7,50.0,2,4,8.0,1.0,1,1,3
DEMO103439,55.879692274383416,-2.9586475189073975,2,1,3,24/02/2025,1,10:33,12,60.0,0,1,3.0,1.0,1,6,16
DEMO103440,54.72422506212306,-5.860521535419517,3,1,1,02/06/2025,1,10:00,6,40.0,8,4,1.0,1.0,1,3,33
DEMO103441,51.521352587222125,-0.08132761176468137,3,4,5,13/06/2025,5,04:10,12,70.0,7,4,8.0,1.0,1,4,36
DEMO103442,53.407964650394334,-3.0362941949043702,3,3,4,10/03/2025,1,13:25,7,30.0,6,1,4.0,1.0,1,3,8
DEMO103443,53.755139479661295,-1.9889832209038016,3,3,3,18/07/2025,5,20:16,7,40.0,7,7,1.0,2.0,1,2,2
DEMO103444,54.61613678704891,,2,3,3,30/09/2025,2,06:42,9,30.0,2,1,7.0,2.0,1,2,41
DEMO103445,55.62025375524018,-4.528999522057399,3,1,2,08/04/2025,2,01:02,3,20.0,1,7,1.0,3.0,1,3,40
DEMO103446,53.98510608129966,-1.5442218433644803,3,4,4,19/12/2025,5,13:53,7,30.0,2,1,2.0,1.0,1,4,6
DEMO103447,52.99251173362633,-1.3247457272150605,3,3,6,12/08/2025,2,09:10,7,70.0,8,1,2.0,1.0,1,2,40
DEMO103448,53.332048759841555,-1.4009559997950938,2,1,3,10/10/2025,5,19:26,2,40.0,7,1,7.0,,1,3,38
DEMO103449,53.236327060669716,-2.537302353477834,3,3,3,26/01/2025,7,20:59,6,20.0,8,5,1.0,1.0,2,3,5
DEMO103450,53.63541595568171,-2.9742081083056027,3,3,3,08/10/2025,3,22:39,9,70.0,9,6,1.0,1.0,1,4,28
DEMO103451,51.81165215007916,-0.08127986875615195,2,2,3,03/05/2025,6,09:59,1,70.0,2,5,4.0,1.0,1,6,18
DEMO103452,53.28736768612673,-2.613307593121177,3,1,1,17/09/2025,3,21:01,3,50.0,9,1,6.0,1.0,1,4,17
DEMO103453,51.508065342592324,-2.4970438238312025,3,2,3,21/10/2025,2,02:43,2,30.0,8,1,1.0,1.0,1,6,35
DEMO103454,56.03232016950376,-2.9353759172412595,3,1,6,02/04/2025,3,08:04,3,30.0,7,6,1.0,4.0,1,5,18
DEMO103455,51.167762810249435,-3.24552164615105,2,4,6,05/04/2025,6,06:36,6,60.0,6,7,8.0,2.0,1,5,43
DEMO103456,55.9454344454805,-3.203343613204455,3,4,6,22/01/2025,3,22:19,1,20.0,3,1,5.0,2.0,1,2,5
DEMO103457,51.19398271278459,-0.28994555025809227,2,2,4,09/08/2025,6,14:46,3,30.0,0,6,1.0,6.0,1,5,36
DEMO103458,51.47831260210727,-3.0715067548689627,3,3,5,10/10/2025,5,08:07,1,30.0,0,5,1.0,2.0,1,6,23
DEMO103459,51.86184241767637,-2.474109237307281,3,1,3,30/05/2025,5,03:53,12,50.0,2,4,2.0,1.0,1,3,8
DEMO103460,51.19365340165941,-2.4183460307020903,2,5,6,28/02/2025,5,18:28,9,30.0,1,4,,1.0,1,2,1
DEMO103461,54.935025809106634,-5.828728596347333,2,3,4,26/04/2025,6,15:31,3,70.0,0,1,2.0,2.0,1,1,14
DEMO103462,51.801348597572485,-3.21434938292636,3,2,2,28/05/2025,3,20:34,1,60.0,0,1,5.0,1.0,1,3,35
DEMO103463,51.50639651586755,0.00265184678912056,2,3,5,01/12/2025,1,10:02,3,70.0,9,5,,4.0,2,1,16
DEMO103464,51.54722803402993,-2.235562144171474,3,2,2,15/02/2025,6,03:18,1,30.0,1,7,5.0,1.0,1,5,21
DEMO103465,55.81318552633938,-4.222117054024406,3,2,3,06/05/2025,2,08:42,9,30.0,9,1,1.0,1.0,2,5,12
DEMO103466,52.87430779521488,-1.4782236117505856,3,2,2,21/08/2025,4,14:57,7,50.0,7,1,6.0,2.0,2,3,11
DEMO103467,53.837399249412655,-1.7868284714320113,3,1,1,28/03/2025,5,05:59,6,70.0,1,1,,2.0,1,5,22
DEMO103468,52.81534602879293,-1.1010273479398123,3,2,5,19/11/2025,3,01:32,9,30.0,1,1,1.0,3.0,1,2,34
DEMO103469,51.56675921180294,-3.386641463578162,2,3,4,28/11/2025,5,19:15,9,30.0,1,5,1.0,1.0,2,3,26
DEMO103470,53.48827054350967,-2.363461531199343,3,1,2,19/05/2025,1,12:28,3,40.0,2,1,1.0,1.0,1,6,5
DEMO103471,55.67207838920395,-4.379314072093042,2,4,5,30/09/2025,2,09:27,7,50.0,1,1,2.0,1.0,1,4,28
DEMO103472,55.99191615375653,-4.1569957297425075,3,2,3,03/10/2025,5,13:23,3,30.0,8,5,3.0,3.0,2,4,27
DEMO103473,51.61402697335234,-2.7986085352690417,2,6,7,06/09/2025,6,17:21,7,30.0,2,1,7.0,1.0,1,2,6
DEMO103474,54.00294115664508,-1.9068700510654057,3,3,4,10/03/2025,1,00:52,3,30.0,6,1,2.0,1.0,1,1,28
DEMO103475,53.394454783579114,-1.9970879719265857,3,2,2,19/01/2025,7,10:23,3,30.0,6,5,2.0,1.0,1,1,5
DEMO103476,53.140009582909485,-0.9230373734691127,3,1,3,07/05/2025,3,06:01,3,30.0,8,1,1.0,2.0,2,3,32
DEMO103477,53.34480438320346,-1.0941804551229755,3,2,4,17/02/2025,1,02:43,3,50.0,9,1,5.0,1.0,1,5,33
DEMO103478,51.45984253953685,-2.6378482281078264,3,3,5,17/04/2025,4,00:39,3,30.0,3,1,1.0,6.0,2,1,6
DEMO103479,55.974662799009906,-3.0055985227913435,2,7,8,21/08/2025,4,10:22,9,20.0,2,1,1.0,1.0,1,4,43
DEMO103480,56.0754599918427,-3.1746909476495433,3,2,2,03/08/2025,7,13:37,3,40.0,9,7,1.0,2.0,1,3,11
DEMO103481,53.09097757513888,-2.2813366685760705,2,5,6,18/03/2025,2,12:56,12,20.0,9,5,1.0,2.0,1,5,22
DEMO103482,55.707400097405184,-3.6226279894604883,3,2,4,07/01/2025,2,18:55,3,50.0,8,1,3.0,1.0,1,1,17
DEMO103483,53.38166828357325,-2.132389607384172,3,4,4,24/03/2025,1,10:47,12,40.0,8,1,1.0,1.0,1,1,36
DEMO103484,51.39311193320544,-2.253101059996356,3,5,5,16/06/2025,1,14:35,3,40.0,3,1,1.0,1.0,1,6,12
DEMO103485,51.527594194060185,-0.4629303457979099,3,2,4,12/10/2025,7,19:01,3,20.0,7,7,5.0,1.0,1,5,5
DEMO103486,51.50260680517497,-2.800431617673097,3,2,2,14/05/2025,3,15:30,3,30.0,2,5,1.0,2.0,1,3,34
DEMO103487,54.350160181429615,-6.043065429205291,3,3,3,15/04/2025,2,21:49,3,50.0,7,4,3.0,1.0,1,6,10
DEMO103488,53.61580564617852,-3.0588789733706823,3,2,2,21/07/2025,1,05:50,3,20.0,8,1,1.0,1.0,1,4,26
DEMO103489,55.92416252935918,-4.424228922038856,3,2,3,27/01/2025,1,18:46,7,30.0,3,7,7.0,4.0,2,2,41
DEMO103490,52.49696554162044,-1.5864879720690086,3,1,2,24/03/2025,1,16:59,3,60.0,7,6,4.0,1.0,1,5,6
DEMO103491,53.46939810004923,-0.9916839412696907,2,2,2,14/01/2025,2,13:30,2,30.0,8,1,1.0,1.0,2,2,38
DEMO103492,51.34373974980524,-2.5353241453021034,2,3,3,11/07/2025,5,00:06,3,40.0,1,1,7.0,4.0,1,2,11
DEMO103493,55.82126610719623,-4.41162732429931,3,4,5,11/06/2025,3,12:29,7,20.0,7,1,2.0,3.0,2,3,20
DEMO103494,,-5.892116251003971,2,3,3,01/08/2025,5,20:19,3,30.0,8,4,1.0,1.0,1,1,22
DEMO103495,52.55807782251083,-1.4278886035258718,3,8,8,14/08/2025,4,15:50,3,60.0,0,1,4.0,1.0,1,3,44
DEMO103496,52.443650935289355,-1.941913081990457,3,2,4,25/05/2025,7,00:46,1,60.0,2,1,4.0,1.0,1,2,21
DEMO103497,53.71882957201604,-2.861213866734396,3,3,4,14/11/2025,5,06:25,9,30.0,0,5,1.0,1.0,1,4,36
DEMO103498,52.38383799883087,-1.7341851305004325,3,4,5,02/12/2025,2,13:23,7,30.0,0,5,,2.0,1,5,1
DEMO103499,53.12819622536792,-2.8586362401568084,3,5,5,10/02/2025,1,19:09,6,30.0,6,1,1.0,1.0,1,1,21
DEMO103500,51.60905080451005,-0.24134400013758972,3,4,6,02/12/2025,2,10:02,6,50.0,8,1,3.0,1.0,1,1,21
DEMO103501,53.29493258293068,-1.439462786256385,3,3,3,13/03/2025,4,20:18,3,40.0,3,1,8.0,1.0,2,5,10
DEMO103502,53.87952695721714,-1.6343478866596122,3,4,4,01/04/2025,2,19:14,6,30.0,7,1,2.0,2.0,2,6,39
DEMO103503,53.59974738296681,-2.032721065848777,2,2,3,13/07/2025,7,06:15,9,70.0,1,6,9.0,2.0,1,3,18
DEMO103504,51.4162237420903,-0.028655264977705514,3,4,5,11/01/2025,6,04:59,9,60.0,8,4,1.0,,1,3,28
DEMO103505,51.5562620441481,-2.7820319118616426,3,3,3,13/05/2025,2,21:40,3,50.0,2,7,5.0,1.0,1,6,25
DEMO103506,51.47521818034839,-3.1011624011723753,2,2,2,13/03/2025,4,14:33,7,60.0,8,5,7.0,1.0,1,1,21
DEMO103507,55.59908359532054,-3.394268441310093,3,6,6,26/06/2025,4,20:10,6,30.0,1,6,4.0,1.0,1,3,8
DEMO103508,51.41297524334127,-0.4189673753100298,3,2,3,25/10/2025,6,22:50,9,30.0,8,1,1.0,2.0,2,2,24
DEMO103509,51.30514402069436,-2.5503569495489598,3,1,2,04/12/2025,4,10:38,7,30.0,6,1,1.0,3.0,1,6,10
DEMO103510,54.325832062448555,-6.490112810462549,1,1,1,19/03/2025,3,01:30,9,30.0,9,7,1.0,5.0,1,5,36
DEMO103511,52.80228684072572,-1.256232788804916,3,1,4,18/07/2025,5,21:27,3,30.0,3,5,3.0,1.0,1,3,19
DEMO103512,52.607017174481655,-2.0313592182090234,2,2,2,23/06/2025,1,14:33,3,60.0,9,7,9.0,3.0,1,3,10
DEMO103513,52.4887242006082,-2.083823843152109,2,2,3,01/06/2025,7,02:50,3,60.0,3,4,1.0,1.0,1,3,12
DEMO103514,53.46676683504935,-1.5164696246230875,2,1,1,19/08/2025,2,12:43,3,40.0,1,1,1.0,1.0,1,5,16
DEMO103515,54.39733916781263,-6.179750845887767,3,1,3,28/12/2025,7,00:29,6,50.0,8,1,1.0,1.0,1,4,16
DEMO103516,53.483532471948685,-2.622956445705399,3,4,4,28/05/2025,3,06:40,7,30.0,1,1,2.0,2.0,1,5,25
DEMO103517,51.48106534816007,-3.062791182419934,3,2,2,24/01/2025,5,08:55,7,20.0,8,4,2.0,2.0,1,2,41
DEMO103518,55.80652210762127,-4.341167050433699,3,1,1,01/12/2025,1,10:19,7,30.0,2,7,1.0,1.0,1,3,11
DEMO103519,54.73290946341637,-5.851193076075652,2,3,3,07/12/2025,7,13:54,7,50.0,8,6,4.0,3.0,1,4,30
DEMO103520,56.019720115559416,-3.1479661458810746,3,3,5,28/04/2025,1,20:36,3,50.0,6,1,1.0,3.0,1,1,44
DEMO103521,53.697953415896265,-1.4234089927491926,3,2,5,03/07/2025,4,08:11,3,40.0,7,1,3.0,4.0,1,4,29
DEMO103522,55.83174689769371,-3.1386343937864796,1,1,1,11/11/2025,2,17:58,3,70.0,8,1,2.0,1.0,1,3,15
DEMO103523,53.44452107417579,-2.104397984702105,2,5,6,03/07/2025,4,22:41,9,30.0,8,1,1.0,6.0,1,6,36
DEMO103524,53.42576942373924,-1.1439655545699772,2,2,3,25/06/2025,3,17:23,2,30.0,8,7,,2.0,1,3,21
DEMO103525,53.53338017858264,-2.164383410195891,2,3,5,03/12/2025,3,06:12,3,20.0,8,5,,1.0,1,6,25
DEMO103526,52.26003385631605,-1.7575647623359443,3,2,5,30/10/2025,4,16:54,3,70.0,7,4,2.0,1.0,1,5,30
DEMO103527,52.703915138409705,-1.8650579519785022,3,3,4,05/07/2025,6,06:49,7,30.0,8,6,5.0,2.0,1,3,22
DEMO103528,53.17264441718494,-2.6981363339257127,2,2,3,28/02/2025,5,11:02,12,30.0,2,1,2.0,2.0,1,1,43
DEMO103529,52.55272863671049,-1.924085234580539,3,2,2,10/06/2025,2,15:38,9,70.0,1,7,1.0,1.0,2,2,10
DEMO103530,51.09607910065698,-2.266473626164716,3,1,1,04/09/2025,4,07:06,2,30.0,8,5,8.0,6.0,1,5,25
DEMO103531,51.39118512934403,-0.012241341197333777,2,4,5,10/04/2025,4,00:17,6,30.0,7,1,8.0,1.0,1,4,44
DEMO103532,51.57859317677063,-0.24466945134267504,2,4,5,16/07/2025,3,20:34,1,30.0,9,5,1.0,1.0,2,5,9
DEMO103533,54.76242777433896,-5.841742953250896,3,1,2,29/08/2025,5,17:14,9,30.0,9,1,8.0,1.0,1,4,32
DEMO103534,52.64226215465355,-2.1579669630008995,2,2,5,01/02/2025,6,02:30,3,50.0,9,5,,1.0,1,1,6
DEMO103535,51.631110912178,0.037283332182246415,3,4,4,27/07/2025,7,09:25,3,70.0,7,1,1.0,1.0,1,6,31
DEMO103536,51.65108161562397,-0.24502645754896613,1,1,2,27/09/2025,6,06:34,6,30.0,8,1,2.0,1.0,1,3,34
DEMO103537,52.64509627327957,-1.8499550333686419,3,1,1,20/03/2025,4,23:48,3,,2,5,1.0,1.0,1,3,15
DEMO103538,52.85291640643022,-1.402953672592665,3,2,2,20/07/2025,7,22:09,12,20.0,0,1,3.0,1.0,2,3,10
DEMO103539,55.88341125912116,-3.1369360540047504,3,1,3,16/09/2025,2,16:47,1,60.0,8,1,8.0,1.0,1,6,9
DEMO103540,55.98473027387638,-4.828753519069259,3,1,3,17/01/2025,5,10:13,12,30.0,8,6,1.0,2.0,1,5,38
DEMO103541,53.150472071471405,-1.2622553149643825,3,2,3,24/08/2025,7,01:02,3,20.0,0,1,2.0,1.0,1,3,31
DEMO103542,52.45575710447728,-2.0745063050244705,2,5,7,05/04/2025,6,05:26,2,30.0,9,4,1.0,1.0,1,5,44
DEMO103543,55.853063555430474,-3.363846381574129,3,3,3,26/05/2025,1,02:18,9,60.0,9,4,2.0,1.0,2,1,19
DEMO103544,51.40113659428209,-0.954138970161471,3,2,3,25/08/2025,1,18:11,6,30.0,2,1,5.0,,2,5,16
DEMO103545,53.22759423256113,-1.6363261646973923,1,3,3,02/01/2025,4,02:25,9,30.0,0,7,1.0,1.0,2,2,27
DEMO103546,51.53445353252191,,2,2,4,07/01/2025,2,16:52,6,30.0,9,1,2.0,4.0,1,2,42
DEMO103547,51.68095663546951,-3.394556363327868,3,4,4,13/06/2025,5,22:35,6,70.0,0,1,1.0,1.0,2,4,6
DEMO103548,53.883457035557214,-1.439188601479487,3,2,2,13/12/2025,6,07:43,3,,2,1,4.0,1.0,1,5,21
DEMO103549,53.37317705230671,-1.2555840836865961,2,3,3,03/01/2025,5,16:08,12,70.0,7,4,4.0,1.0,1,2,38
DEMO103550,53.748956098267215,-2.9223853105406294,3,4,4,15/10/2025,3,21:04,7,20.0,8,1,4.0,1.0,1,6,8
DEMO103551,52.9514349961818,-1.067253699952388,3,3,3,28/01/2025,2,10:20,7,30.0,8,1,1.0,2.0,1,1,34
DEMO103552,54.84379730910436,-5.86754493331495,2,2,2,28/06/2025,6,10:46,9,30.0,8,4,,5.0,1,4,23
DEMO103553,55.66653924281437,-4.122491613843367,3,2,2,07/06/2025,6,04:53,2,30.0,8,5,3.0,1.0,1,6,35
DEMO103554,51.492069361016675,-2.7512327299585353,3,4,5,20/06/2025,5,10:06,9,40.0,8,1,4.0,1.0,1,4,28
DEMO103555,53.2303245391336,-3.199625434841411,3,1,1,30/01/2025,4,20:28,6,30.0,7,1,2.0,1.0,1,3,34
DEMO103556,55.697296680559965,-4.4534950211370115,2,2,2,03/10/2025,5,15:23,9,30.0,1,1,6.0,1.0,1,5,24
DEMO103557,51.30797896668555,-2.4287067169052596,3,2,3,11/04/2025,5,04:44,9,30.0,3,1,1.0,1.0,1,2,11
DEMO103558,53.49179293762491,-2.4477567354966068,3,2,2,09/10/2025,4,12:12,6,50.0,3,5,1.0,1.0,1,3,34
DEMO103559,53.324866104550374,-3.065025713330614,3,2,2,28/08/2025,4,16:29,9,30.0,0,1,8.0,1.0,1,3,1
DEMO103560,51.13462933179149,-0.23332771792673496,3,3,4,21/07/2025,1,01:50,9,30.0,3,1,1.0,1.0,1,1,30
DEMO103561,53.40231928048596,-2.2032205742652353,1,6,6,23/04/2025,3,18:27,1,60.0,2,1,7.0,2.0,1,3,27
DEMO103562,53.29573424941668,,2,3,3,27/08/2025,3,04:46,7,50.0,0,4,3.0,1.0,1,3,35
DEMO103563,55.63848057409187,-3.0415436225516945,3,3,4,31/12/2025,3,07:37,6,50.0,7,4,7.0,1.0,1,4,24
DEMO103564,56.034788260735496,-3.6205769080915675,3,4,5,03/12/2025,3,09:35,9,30.0,2,1,2.0,2.0,1,3,2
DEMO103565,53.92052915095899,-1.469195928094163,3,1,1,01/12/2025,1,12:15,9,60.0,1,5,5.0,1.0,2,3,23
DEMO103566,53.51940639507335,-3.005869550074942,3,2,3,22/03/2025,6,21:59,3,20.0,8,5,4.0,1.0,1,2,31
DEMO103567,52.792778580931966,-1.8519283162280271,2,2,4,02/08/2025,6,05:14,1,30.0,8,1,2.0,2.0,2,1,19
DEMO103568,55.75133066156309,-3.272380425712442,3,2,3,26/05/2025,1,06:55,3,30.0,8,1,1.0,1.0,1,5,38
DEMO103569,53.283264906393754,-2.437851333836172,2,2,3,19/12/2025,5,09:59,9,60.0,1,1,1.0,3.0,1,2,27
DEMO103570,55.94710556373852,-2.9594277157012088,3,5,5,13/12/2025,6,20:30,9,20.0,7,6,1.0,1.0,1,4,6
DEMO103571,51.460168844786196,-3.2312320699435975,3,3,3,13/11/2025,4,23:52,7,30.0,8,1,8.0,1.0,1,4,24
DEMO103572,55.88824415464744,-3.962207518479622,3,3,4,01/03/2025,6,10:42,9,30.0,2,1,1.0,2.0,1,6,29
DEMO103573,53.95127257501523,-1.5601022550162063,3,2,2,27/04/2025,7,16:44,7,30.0,1,4,,1.0,1,2,34
DEMO103574,54.55125026501764,-5.934892772617229,3,2,2,17/09/2025,3,22:04,6,30.0,3,4,2.0,2.0,1,6,13
DEMO103575,56.05011375634072,-4.421361181157753,3,4,5,01/10/2025,3,20:08,12,20.0,3,6,1.0,1.0,1,6,39
DEMO103576,53.24226263807221,-1.4770190460593038,2,3,3,08/05/2025,4,16:04,2,,1,1,9.0,,1,1,36
DEMO103577,51.390342189872506,-2.960290296474531,2,3,3,19/02/2025,3,12:01,3,20.0,1,1,1.0,2.0,1,3,8
DEMO103578,51.281602369810365,-3.2126279239995092,3,3,3,19/02/2025,3,23:50,3,40.0,6,4,3.0,1.0,1,5,44
DEMO103579,50.893333266730764,-0.08023985607168499,3,1,1,07/09/2025,7,05:10,2,30.0,6,5,2.0,1.0,1,3,26
DEMO103580,51.16657283867631,-2.7907831033002566,3,1,1,15/06/2025,7,08:00,7,30.0,7,7,1.0,1.0,1,5,42
DEMO103581,56.11438908163595,-3.477874519695269,3,2,3,29/06/2025,7,17:56,3,30.0,9,4,1.0,2.0,1,5,24
DEMO103582,53.67925868003001,-2.468145697516908,3,3,3,25/10/2025,6,00:16,6,30.0,0,1,4.0,6.0,1,3,12
DEMO103583,53.570560361566805,-1.477355601740021,3,2,2,07/01/2025,2,12:48,2,20.0,8,1,1.0,1.0,1,2,27
DEMO103584,56.120960990754604,-3.599968430185774,3,2,3,03/10/2025,5,20:57,3,20.0,2,7,5.0,1.0,1,1,21
DEMO103585,53.043685248018605,-2.1202274252601447,2,1,1,11/04/2025,5,04:31,3,30.0,8,5,3.0,1.0,1,6,8
DEMO103586,53.222731517775415,-3.1841350982552528,3,5,5,06/12/2025,6,19:55,9,60.0,8,1,1.0,1.0,1,6,44
DEMO103587,55.7800354368524,-4.3606326041238646,3,2,2,15/12/2025,1,09:58,6,60.0,7,1,1.0,1.0,1,5,9
DEMO103588,53.57076998951104,-1.2671575601718812,3,1,1,03/07/2025,4,20:08,9,20.0,7,4,1.0,3.0,1,4,15
DEMO103589,51.806756730795016,-3.481033859315764,3,1,1,26/04/2025,6,15:08,6,30.0,8,1,5.0,1.0,1,5,14
DEMO103590,52.40283717871317,-2.369107629668984,2,5,6,27/03/2025,4,03:22,1,30.0,8,5,2.0,1.0,1,1,8
DEMO103591,53.78848282605405,-2.057930645757659,3,2,3,08/03/2025,6,17:33,7,50.0,1,5,1.0,1.0,1,4,22
DEMO103592,54.78462802754242,-5.862559422934616,3,1,2,31/12/2025,3,01:47,1,30.0,2,1,2.0,1.0,1,2,2
DEMO103593,53.35940586672866,-0.9568271076654673,3,2,3,10/03/2025,1,05:10,3,30.0,8,7,2.0,1.0,1,3,15
DEMO103594,53.69462976332199,-2.500817108987062,3,5,6,12/06/2025,4,21:11,6,40.0,7,7,3.0,1.0,1,4,23
DEMO103595,53.58297326205086,-1.2945996446235295,3,3,3,24/06/2025,2,21:18,9,50.0,1,1,1.0,1.0,1,1,18
DEMO103596,51.61216106875315,-2.604806940117416,3,4,4,05/09/2025,5,01:16,9,40.0,9,1,1.0,1.0,1,1,16
DEMO103597,52.83851500409692,-1.1502631192172248,3,3,4,04/11/2025,2,09:56,3,50.0,9,7,1.0,1.0,1,1,5
DEMO103598,54.0529763825519,-1.3291524960000212,3,2,3,23/07/2025,3,02:23,7,20.0,6,1,4.0,1.0,2,5,12
DEMO103599,53.49503809671606,-1.9000479330680409,3,2,3,04/10/2025,6,06:52,6,30.0,7,7,4.0,3.0,2,1,24
DEMO103600,53.22428847091287,-2.839059439936206,3,2,3,26/07/2025,6,23:03,9,40.0,2,1,1.0,1.0,1,3,41
DEMO103601,53.58002794938147,-1.915645239069868,3,2,2,09/06/2025,1,04:06,12,50.0,6,5,1.0,1.0,2,3,9
DEMO103602,52.581412021183,-2.2844861571852317,2,4,4,27/02/2025,4,15:48,6,,9,4,4.0,3.0,1,1,33
DEMO103603,53.4528154126328,-1.8262563469818953,3,4,4,18/03/2025,2,19:14,3,30.0,2,1,1.0,1.0,1,5,37
DEMO103604,54.602697368415605,-5.795419714118931,1,3,4,07/06/2025,6,21:04,9,30.0,2,5,2.0,,1,3,20
DEMO103605,52.391941160487725,-1.7417877851333567,3,2,4,17/01/2025,5,08:35,6,60.0,9,1,2.0,2.0,1,6,24
DEMO103606,53.911912484135165,-1.3493003168598443,3,2,2,26/04/2025,6,16:08,9,30.0,3,1,1.0,1.0,1,2,26
DEMO103607,56.2604848818417,-4.274226107239972,2,2,3,18/06/2025,3,11:03,7,60.0,9,1,,4.0,1,6,14
DEMO103608,53.72457741626246,-1.5741828816923413,3,4,5,22/06/2025,7,02:24,12,60.0,2,1,,1.0,1,6,37
DEMO103609,55.83100943047115,-4.146063404532168,2,2,4,25/10/2025,6,05:33,1,40.0,0,1,2.0,1.0,1,3,15
DEMO103610,52.57609656031854,-1.20857751635208,3,3,5,20/12/2025,6,17:31,9,60.0,9,1,1.0,1.0,1,2,23
DEMO103611,55.7656344379695,-4.217846855341557,3,2,2,24/09/2025,3,16:35,3,20.0,2,1,2.0,1.0,1,2,10
DEMO103612,53.407394823916796,-1.5039334903361554,3,1,1,30/01/2025,4,12:01,7,30.0,8,1,2.0,1.0,1,6,13
DEMO103613,51.55874156703103,-0.1576260046526826,3,2,3,30/05/2025,5,18:17,12,30.0,0,1,1.0,1.0,1,3,18
DEMO103614,56.11502148764772,-2.716814441364837,3,2,2,24/09/2025,3,16:20,7,50.0,8,6,3.0,1.0,1,5,40
DEMO103615,53.53910775125686,-2.7910740789579886,3,4,4,06/08/2025,3,08:17,9,70.0,2,1,4.0,1.0,1,6,38
DEMO103616,51.64076752737142,-0.029273213955840025,2,3,4,17/06/2025,2,07:33,3,30.0,8,5,8.0,1.0,2,2,4
DEMO103617,51.34048261852413,-2.6962481357799764,3,4,6,09/06/2025,1,22:13,3,20.0,9,1,1.0,1.0,1,4,21
DEMO103618,53.31425402205225,-2.9932894433704282,3,2,4,29/05/2025,4,23:37,7,30.0,0,1,1.0,1.0,1,1,37
DEMO103619,52.2915372949689,-1.6712140229269106,2,3,3,31/07/2025,4,00:56,3,30.0,2,1,1.0,1.0,1,5,28
DEMO103620,54.64409050412269,-5.902595014705479,3,4,4,07/03/2025,5,18:39,2,50.0,8,1,7.0,,1,5,30
DEMO103621,53.63653070963659,-2.355146036402348,2,4,6,08/07/2025,2,03:23,9,40.0,9,4,2.0,1.0,1,1,38
DEMO103622,53.993225099439805,-1.9652868262749967,3,3,4,17/03/2025,1,20:26,7,60.0,2,5,1.0,1.0,2,3,10
DEMO103623,52.95691198552366,-3.096179855159281,3,4,5,06/09/2025,6,14:35,2,,9,1,4.0,4.0,1,1,30
DEMO103624,56.03799141969393,-3.0402301732935983,3,3,3,12/11/2025,3,16:43,1,40.0,9,1,1.0,4.0,1,5,31
DEMO103625,55.67663283280497,-4.570395803442969,3,6,6,05/07/2025,6,16:18,3,30.0,8,6,2.0,1.0,1,6,3
DEMO103626,56.059536931337355,-2.8529098596639972,3,1,2,22/05/2025,4,14:02,7,50.0,3,1,2.0,1.0,2,5,34
DEMO103627,53.292039947935194,-2.1995767476990857,3,3,4,10/12/2025,3,06:42,9,60.0,7,6,3.0,2.0,1,4,19
DEMO103628,51.613812508607374,-2.858769720690289,3,1,2,29/08/2025,5,19:39,3,40.0,8,4,4.0,1.0,1,6,18
DEMO103629,55.836766032438426,-3.223648750196161,3,5,8,06/06/2025,5,13:06,2,30.0,8,1,1.0,1.0,1,2,9
DEMO103630,53.29568252305443,-3.536234837311105,2,4,4,11/01/2025,6,13:37,9,30.0,2,1,3.0,1.0,1,2,33
DEMO103631,53.09943251722714,-1.2702140345505166,3,3,3,06/01/2025,1,07:04,2,70.0,7,1,2.0,1.0,2,2,16
DEMO103632,51.40811148437845,-0.30508361943890355,3,1,1,22/03/2025,6,00:38,7,40.0,8,4,1.0,2.0,1,1,29
DEMO103633,56.125883711508905,-3.412506668865155,3,3,5,28/03/2025,5,13:44,3,60.0,6,7,6.0,1.0,1,5,28
DEMO103634,54.73084576463935,-5.833990556147105,3,3,5,21/09/2025,7,08:00,9,20.0,7,1,4.0,1.0,2,1,40
DEMO103635,53.38837120804233,-3.228871406656433,3,5,7,02/07/2025,3,15:43,7,30.0,2,7,7.0,1.0,2,1,8
DEMO103636,52.873169907892894,-1.5237288019421191,3,2,2,31/12/2025,3,08:07,1,40.0,1,1,4.0,1.0,1,5,7
DEMO103637,53.638120591430976,-3.163877883366852,2,3,3,17/07/2025,4,23:15,3,40.0,0,1,1.0,2.0,1,3,19
DEMO103638,51.65679702600051,0.0508883878454528,3,1,3,26/11/2025,3,16:42,3,30.0,3,4,2.0,3.0,1,4,13
DEMO103639,53.676747989243644,-1.5554070656963044,3,2,2,21/07/2025,1,10:21,3,30.0,7,7,1.0,1.0,1,1,30
DEMO103640,55.55050058994817,-4.491335615053916,3,5,6,11/05/2025,7,16:58,3,30.0,8,1,1.0,2.0,2,6,6
DEMO103641,54.54526309226796,-6.050591545933142,3,5,6,18/09/2025,4,15:57,6,30.0,0,6,2.0,1.0,1,1,21
DEMO103642,54.51533480900153,-5.691572546855161,3,1,2,14/06/2025,6,14:59,9,20.0,2,1,1.0,1.0,1,5,20
DEMO103643,53.50059277773917,-2.8990447673647113,3,2,3,11/04/2025,5,13:06,2,50.0,8,6,1.0,1.0,1,3,30
DEMO103644,54.42646458453878,-5.826295584336037,2,7,7,22/06/2025,7,22:10,3,60.0,1,6,6.0,1.0,1,3,10
DEMO103645,52.80933441456323,-1.0691396758174758,2,1,2,31/08/2025,7,07:10,9,30.0,9,5,1.0,1.0,1,1,44
DEMO103646,53.38847472214668,-1.891122050919811,2,4,4,18/05/2025,7,10:35,3,70.0,7,4,2.0,2.0,1,1,12
DEMO103647,53.04348065851459,-1.5243523049476313,3,1,1,14/09/2025,7,06:25,6,70.0,9,1,5.0,1.0,2,2,13
DEMO103648,,-5.713600107842828,3,2,2,24/12/2025,3,13:44,9,40.0,8,7,3.0,1.0,1,1,17
DEMO103649,55.84347124425626,-4.80225397313497,1,3,4,31/05/2025,6,23:16,9,60.0,9,4,1.0,3.0,1,1,38
DEMO103650,52.96394085371784,-2.3826297836532717,3,2,3,18/04/2025,5,14:11,6,40.0,8,1,3.0,2.0,1,2,21
DEMO103651,51.52783428868201,-0.41245668952103587,3,3,3,27/05/2025,2,04:38,12,30.0,2,7,4.0,1.0,1,3,18
DEMO103652,51.38672334321871,-2.793482822675125,3,4,4,02/11/2025,7,22:37,1,20.0,8,5,6.0,1.0,1,5,26
DEMO103653,53.032449537055335,-1.1749625393409884,3,3,5,07/03/2025,5,18:41,1,,2,4,,2.0,2,2,42
DEMO103654,55.968307839897584,-4.589504792944336,3,1,1,22/12/2025,1,10:18,3,30.0,7,5,1.0,1.0,1,3,11
DEMO103655,53.385324068882284,-2.8975521821490697,3,2,2,01/06/2025,7,03:31,3,70.0,3,1,3.0,1.0,1,3,38
DEMO103656,52.833090020044146,-0.6490046975097928,3,5,5,04/11/2025,2,09:55,3,70.0,8,1,1.0,1.0,1,3,27
DEMO103657,54.314988705038786,-6.093635671760813,2,1,1,15/10/2025,3,19:36,3,40.0,8,1,5.0,1.0,1,6,33
DEMO103658,51.616609011185695,,3,2,2,14/10/2025,2,13:55,7,40.0,9,6,4.0,1.0,1,1,15
DEMO103659,53.3236724520805,-3.121096741985777,3,4,5,28/11/2025,5,04:26,3,70.0,2,5,5.0,2.0,1,2,26
DEMO103660,53.040162109915485,-1.0542484855440633,2,5,7,09/03/2025,7,03:02,9,50.0,9,6,8.0,1.0,1,4,34
DEMO103661,53.598596862113716,-2.9816218893663073,3,6,7,05/08/2025,2,23:45,3,30.0,8,1,3.0,5.0,1,3,17
DEMO103662,54.542058838520994,-5.779521644800351,2,4,5,06/02/2025,4,10:27,7,70.0,3,7,7.0,1.0,1,4,20
DEMO103663,54.3335245855704,-6.023269030833911,3,2,2,20/04/2025,7,16:02,3,40.0,1,1,3.0,1.0,1,3,17
DEMO103664,52.91403236292379,-1.1057608726512607,3,5,6,15/01/2025,3,08:08,1,20.0,2,1,1.0,1.0,1,5,29
DEMO103665,53.380409000682704,-2.4020338746965963,2,3,4,07/09/2025,7,02:18,7,30.0,1,7,5.0,1.0,2,3,34
DEMO103666,53.47022057710018,-1.592267398643737,3,2,4,10/08/2025,7,09:11,2,60.0,7,5,4.0,1.0,2,3,27
DEMO103667,53.37785678820187,-2.271310271733943,3,1,2,28/09/2025,7,16:41,7,30.0,1,7,8.0,2.0,1,2,16
DEMO103668,53.29626887592851,-2.9095647269564466,2,5,7,06/03/2025,4,08:36,7,60.0,3,5,1.0,1.0,1,2,44
DEMO103669,53.4114001013551,-1.6691329024042036,1,2,5,02/05/2025,5,14:19,7,60.0,8,1,1.0,1.0,1,6,41
DEMO103670,52.55314199657417,-1.7109148516124661,2,3,5,04/09/2025,4,10:05,7,20.0,3,1,5.0,1.0,1,5,19
DEMO103671,52.648192711084796,-1.8912115365856221,1,1,1,29/10/2025,3,08:04,9,30.0,9,6,1.0,1.0,1,3,1
DEMO103672,53.80109997338553,-1.6066981297325122,2,2,4,20/11/2025,4,06:56,2,40.0,2,1,3.0,1.0,1,3,9
DEMO103673,51.85460203857891,0.16943817138730502,3,1,1,27/01/2025,1,06:20,12,20.0,6,5,2.0,1.0,1,2,36
DEMO103674,53.35704756320675,-1.5167624861255942,3,4,6,27/05/2025,2,06:06,1,40.0,9,1,1.0,1.0,1,3,33
DEMO103675,53.27901257680771,-2.6516405081602366,3,1,2,04/01/2025,6,17:42,6,70.0,2,1,1.0,3.0,1,1,34
DEMO103676,51.34228196761657,-2.6768839015169585,2,3,5,26/10/2025,7,08:52,12,40.0,6,6,5.0,2.0,1,2,42
DEMO103677,55.71702371673555,-3.357488856338442,2,3,4,14/02/2025,5,17:07,3,40.0,9,7,1.0,1.0,1,5,23
DEMO103678,52.97717177445353,-1.5336974959489948,2,1,3,28/10/2025,2,07:56,9,60.0,6,1,4.0,1.0,2,2,13
DEMO103679,55.68592745005126,-4.154643190884348,1,2,2,26/02/2025,3,07:43,7,70.0,9,1,4.0,1.0,1,1,39
DEMO103680,55.664949741236086,-4.712686259251233,3,1,2,06/01/2025,1,22:15,9,60.0,9,1,3.0,1.0,1,3,30
DEMO103681,51.32002211094846,0.14685480109049368,3,2,2,17/11/2025,1,21:46,1,20.0,2,1,2.0,2.0,1,3,2
DEMO103682,53.640723210064955,-2.6136842191867564,2,1,1,10/06/2025,2,09:25,7,20.0,8,6,1.0,1.0,1,3,6
DEMO103683,52.93993567627002,-1.6214849793776906,3,5,6,05/06/2025,4,06:38,3,40.0,8,1,5.0,2.0,1,2,21
DEMO103684,54.352010887939734,-5.967218682600169,3,3,3,25/08/2025,1,17:07,1,30.0,9,1,1.0,1.0,1,1,1
DEMO103685,52.64481311478423,-1.6872770555465115,2,3,4,11/04/2025,5,01:14,7,40.0,7,6,1.0,5.0,1,1,1
DEMO103686,52.70061906064062,-1.9449209986508982,1,5,5,10/09/2025,3,10:46,9,60.0,8,6,,2.0,1,4,7
DEMO103687,54.514545638370194,-5.772814131768995,3,2,3,06/06/2025,5,14:48,9,70.0,2,1,1.0,2.0,1,3,11
DEMO103688,54.45626030827755,-5.879481109993629,2,2,2,10/04/2025,4,16:00,9,30.0,7,7,1.0,4.0,1,6,2
DEMO103689,53.32377572958627,-2.104581886554484,2,2,3,25/05/2025,7,02:12,9,60.0,8,1,8.0,1.0,1,5,35
DEMO103690,51.502244602693146,-2.2356323942780643,3,1,1,03/01/2025,5,00:36,6,40.0,9,1,1.0,1.0,1,1,7
DEMO103691,53.545181559587036,-1.665308780764653,3,3,3,21/04/2025,1,06:54,3,50.0,2,7,1.0,1.0,1,2,17
DEMO103692,53.51113826347235,-2.231388728223027,1,1,1,04/08/2025,1,02:40,9,30.0,0,1,2.0,2.0,2,3,28
DEMO103693,53.558578801404835,-2.043519640516469,2,2,3,20/02/2025,4,12:42,7,20.0,9,7,5.0,2.0,1,5,17
DEMO103694,51.64604957408851,-2.285398145046408,3,4,9,13/02/2025,4,22:23,3,60.0,7,4,6.0,1.0,1,5,5
DEMO103695,53.37132548557312,-1.5775938336968995,2,3,3,28/08/2025,4,06:03,3,40.0,0,7,4.0,2.0,2,2,19
DEMO103696,53.76462462106532,-1.5615398337497708,3,5,6,06/06/2025,5,10:45,3,60.0,6,1,8.0,1.0,1,6,27
DEMO103697,51.532084771558004,-2.6914198169267087,2,4,5,19/02/2025,3,05:47,9,30.0,9,1,1.0,1.0,1,2,31
DEMO103698,53.988612194487814,-1.7378063531175234,1,5,6,30/09/2025,2,01:26,3,30.0,9,7,3.0,1.0,1,6,38
DEMO103699,55.748343417882914,-3.032977187949778,2,3,4,11/10/2025,6,16:30,7,20.0,2,6,1.0,1.0,1,6,28
DEMO103700,52.244721419008116,-1.7798697759652982,2,2,3,13/01/2025,1,06:14,9,50.0,8,7,7.0,1.0,1,1,4
DEMO103701,53.47216830392879,-2.4011108016727505,2,3,3,15/03/2025,6,13:27,12,40.0,3,1,8.0,2.0,1,3,38
DEMO103702,53.47428984215911,-1.8522088308016482,3,1,1,16/05/2025,5,16:14,3,30.0,3,4,1.0,1.0,1,3,6
DEMO103703,51.64402015457168,-2.9995934069497894,3,1,1,24/09/2025,3,20:25,9,30.0,8,1,5.0,1.0,1,5,28
DEMO103704,,-5.569008371313659,3,3,3,28/01/2025,2,04:08,7,20.0,2,1,3.0,1.0,1,4,28
DEMO103705,52.86425335295375,-1.6317070203512025,2,2,3,22/10/2025,3,13:36,1,30.0,3,4,1.0,1.0,1,1,41
DEMO103706,52.545300757533326,-2.0667518708294965,3,2,3,27/04/2025,7,21:14,3,20.0,2,5,3.0,2.0,1,3,34
DEMO103707,56.03599822622655,-2.980439593206177,3,1,2,15/02/2025,6,11:43,3,70.0,1,1,8.0,2.0,2,4,37
DEMO103708,53.50862304141161,-3.310556254598534,3,3,4,12/11/2025,3,00:31,2,30.0,3,1,1.0,1.0,2,5,32
DEMO103709,51.18978801913372,-3.3034227914759615,3,4,4,01/02/2025,6,06:53,3,30.0,9,6,1.0,2.0,2,4,8
DEMO103710,51.54840400865366,-2.8596408595160225,3,3,3,17/02/2025,1,19:13,2,60.0,3,7,8.0,2.0,2,6,41
DEMO103711,54.44764004506911,-5.858774231373241,3,2,3,13/12/2025,6,19:16,9,70.0,8,1,2.0,2.0,2,5,10
DEMO103712,56.05624537100714,-3.2943771915124547,2,3,5,09/07/2025,3,07:14,3,40.0,2,6,2.0,1.0,2,1,28
DEMO103713,53.272586556914064,-2.5091835131643996,3,3,4,19/06/2025,4,04:37,3,30.0,9,6,4.0,1.0,1,5,3
DEMO103714,55.87474719024894,-3.8591918935261456,3,4,5,08/09/2025,1,07:06,7,30.0,7,1,3.0,2.0,1,5,24
DEMO103715,53.745065334772896,-1.4161047932743465,2,1,2,19/08/2025,2,05:41,9,20.0,9,5,1.0,1.0,1,2,35
DEMO103716,51.83783797459983,-2.4597883999310057,3,2,2,12/08/2025,2,17:49,12,30.0,2,7,1.0,1.0,2,1,40
DEMO103717,53.63936526135267,-1.5243027080705556,2,3,4,09/01/2025,4,20:40,9,50.0,7,5,5.0,1.0,1,4,17
DEMO103718,55.68924269612927,-4.068963239838633,3,3,3,21/07/2025,1,01:08,9,60.0,1,1,2.0,1.0,1,5,38
DEMO103719,54.06431727150243,-1.4381988322385364,3,2,3,12/04/2025,6,17:29,3,30.0,1,4,4.0,1.0,1,5,36
DEMO103720,53.53364084021719,-1.9286090489489522,3,1,3,22/10/2025,3,18:32,6,50.0,7,6,6.0,3.0,1,5,37
DEMO103721,52.997556427140445,-0.7104194140156725,3,3,4,04/07/2025,5,14:23,3,50.0,8,4,1.0,1.0,1,5,32
DEMO103722,55.859745230695694,-2.780163906604594,2,2,2,15/02/2025,6,20:27,12,40.0,1,1,6.0,1.0,1,5,26
DEMO103723,54.382600573024476,-6.051477333224499,3,5,6,20/11/2025,4,00:45,2,30.0,8,1,4.0,5.0,1,2,38
DEMO103724,51.422086972844,-0.5385407816837484,1,2,2,14/04/2025,1,16:50,7,70.0,8,6,8.0,1.0,1,5,9
DEMO103725,54.49296883329783,-6.2022534003320295,3,2,3,10/04/2025,4,03:18,3,30.0,6,1,1.0,1.0,1,5,22
DEMO103726,52.35204146732694,-2.154674249186805,2,3,3,08/12/2025,1,21:19,9,30.0,8,7,1.0,2.0,2,4,39
DEMO103727,52.85457919533189,-1.0968042822447137,3,5,6,10/10/2025,5,11:12,3,30.0,7,1,4.0,4.0,1,4,36
DEMO103728,51.3458931222164,-2.696064507117229,3,1,3,10/11/2025,1,02:24,9,50.0,9,6,7.0,2.0,1,3,4
DEMO103729,53.54676082828044,-1.6260497780541818,2,6,9,30/08/2025,6,17:32,12,60.0,8,1,9.0,1.0,1,1,41
DEMO103730,55.605727829030855,-4.11064963120329,2,3,4,29/11/2025,6,17:42,3,30.0,9,6,2.0,1.0,1,1,2
DEMO103731,51.54480301385837,-3.2143945434369665,3,2,6,12/02/2025,3,11:16,9,30.0,2,6,2.0,2.0,1,4,35
DEMO103732,51.49526155205161,-2.36621573305863,3,2,2,07/08/2025,4,07:12,3,60.0,8,1,1.0,3.0,2,3,13
DEMO103733,54.57800578426198,-5.950109026536239,3,1,2,18/04/2025,5,00:01,3,50.0,9,1,4.0,,1,1,8
DEMO103734,53.91348689994634,-1.1492689561183527,2,2,3,26/05/2025,1,21:05,3,70.0,1,7,6.0,3.0,2,4,40
DEMO103735,53.55071263600209,-1.710578864708271,3,3,5,28/03/2025,5,04:03,7,50.0,6,6,5.0,1.0,1,1,10
DEMO103736,51.46533768625542,-2.5364326206180805,3,3,4,16/03/2025,7,20:12,3,60.0,9,4,1.0,1.0,1,1,40
DEMO103737,53.14613541155658,-1.2395994510209665,2,4,4,11/06/2025,3,14:41,9,30.0,3,1,8.0,1.0,1,1,23
DEMO103738,55.414897561488395,-4.272702923571348,2,4,4,02/12/2025,2,16:46,9,30.0,6,7,1.0,1.0,1,1,11
DEMO103739,56.340493079238065,-2.9391682190013544,3,5,5,20/08/2025,3,16:58,3,40.0,8,5,2.0,4.0,1,5,22
DEMO103740,53.684888545987036,-2.038364213296716,2,2,3,08/05/2025,4,20:32,1,30.0,8,1,2.0,1.0,1,1,9
DEMO103741,54.10444997093249,-2.0115742895857243,3,4,5,08/06/2025,7,00:27,1,30.0,1,1,2.0,2.0,2,3,30
DEMO103742,54.433304882387354,-5.801794718767163,3,4,5,13/07/2025,7,23:53,3,40.0,3,1,4.0,1.0,1,1,12
DEMO103743,53.415293297355944,-3.0899693001373727,2,1,2,31/03/2025,1,01:08,12,20.0,3,6,3.0,2.0,2,4,13
DEMO103744,53.53121440217757,-2.181300208609096,3,3,4,10/07/2025,4,23:37,3,40.0,1,6,1.0,1.0,1,4,19
DEMO103745,54.525054962078976,-5.93577580469611,2,2,2,11/09/2025,4,06:49,9,30.0,0,1,1.0,4.0,1,6,32
DEMO103746,53.435500410814775,-3.092588303585728,2,4,6,30/03/2025,7,20:30,12,60.0,8,1,2.0,1.0,1,2,35
DEMO103747,54.639546444751254,-6.335437291761816,3,2,2,02/08/2025,6,02:15,3,20.0,9,1,4.0,2.0,2,6,34
DEMO103748,54.37647849863729,-6.316294086020908,2,2,2,16/09/2025,2,11:37,7,40.0,9,1,2.0,1.0,2,4,2
DEMO103749,51.610330008350026,-3.2513732757431733,3,5,5,09/07/2025,3,13:59,9,30.0,9,7,1.0,1.0,1,5,33
DEMO103750,53.06868133373615,-1.1960517877580696,2,4,4,17/04/2025,4,22:14,7,20.0,9,6,,4.0,1,5,24
DEMO103751,55.8268087456299,-3.2090129213505265,3,2,2,22/07/2025,2,02:33,2,30.0,0,1,5.0,1.0,1,2,28
DEMO103752,54.35894588636491,-5.872173135465022,2,2,3,17/10/2025,5,00:03,9,30.0,3,1,2.0,3.0,1,5,19
DEMO103753,53.81957724750047,-1.7512192139201648,2,2,2,22/03/2025,6,15:13,9,60.0,0,1,2.0,1.0,1,5,35
DEMO103754,51.3554313578134,-0.4683577531082941,3,2,3,29/07/2025,2,01:46,9,30.0,8,5,2.0,1.0,1,5,40
DEMO103755,53.84919433077736,-1.3171549809040237,2,1,2,06/09/2025,6,18:29,9,60.0,9,1,1.0,3.0,1,3,37
DEMO103756,53.23829168689449,-1.3407761449000912,3,7,10,28/04/2025,1,00:11,9,20.0,0,1,1.0,3.0,2,5,40
DEMO103757,53.224360427475624,-1.3314795356549318,1,2,3,22/05/2025,4,23:20,7,40.0,6,7,1.0,1.0,1,2,4
DEMO103758,51.38365803354261,0.07647109520927828,3,1,1,21/11/2025,5,12:07,3,50.0,7,4,4.0,1.0,1,6,3
DEMO103759,52.79389785064041,-1.40408668424726,3,2,3,13/05/2025,2,22:46,12,20.0,1,6,1.0,2.0,1,5,21
DEMO103760,53.485116615957125,-2.192990994313993,3,2,2,07/08/2025,4,03:56,2,20.0,8,1,1.0,1.0,1,4,36
DEMO103761,52.66704652096339,-1.1055330517843842,3,3,3,24/02/2025,1,06:06,9,30.0,3,1,9.0,4.0,1,6,8
DEMO103762,52.79895281537228,-1.3146809300244613,3,2,2,04/12/2025,4,10:14,3,30.0,3,7,1.0,1.0,1,4,8
DEMO103763,53.08300172567274,-1.3553326833754398,3,3,4,06/08/2025,3,00:51,7,30.0,9,6,2.0,1.0,1,5,43
DEMO103764,51.49270935400796,-2.9034532946179947,2,4,7,05/10/2025,7,02:52,9,70.0,2,5,1.0,2.0,1,6,4
DEMO103765,51.62148241628466,-2.598217318256285,3,4,4,08/08/2025,5,07:46,9,30.0,3,4,1.0,1.0,1,3,13
DEMO103766,55.78685671921486,-4.261298465519514,2,3,3,10/05/2025,6,17:42,3,60.0,8,1,1.0,1.0,1,1,10
DEMO103767,56.08997849813794,-4.520635059080328,3,1,2,05/05/2025,1,17:51,7,70.0,6,4,6.0,1.0,1,5,4
DEMO103768,55.80026410480344,-3.0392872790813965,3,3,4,13/09/2025,6,02:22,3,30.0,7,1,2.0,6.0,1,4,25
DEMO103769,51.370550077984134,-2.3211976792352,2,4,4,10/11/2025,1,01:53,2,60.0,6,1,4.0,1.0,1,1,31
DEMO103770,53.569471428692644,-3.0093595415782795,3,3,3,16/02/2025,7,15:53,6,70.0,2,1,8.0,6.0,1,5,39
DEMO103771,53.92969865624321,-1.5324041901619847,3,1,5,05/11/2025,3,08:13,12,30.0,1,1,1.0,1.0,1,4,15
DEMO103772,53.036945740884995,-1.228320364571017,2,1,1,30/10/2025,4,19:04,12,40.0,9,1,4.0,1.0,1,6,40
DEMO103773,52.68599001730264,-1.9158839561530547,1,1,2,09/02/2025,7,07:31,7,60.0,2,1,1.0,1.0,1,1,6
DEMO103774,53.399136161872406,,3,2,3,09/02/2025,7,08:45,9,50.0,9,1,2.0,1.0,1,3,1
DEMO103775,53.53533377887646,-2.2442432816607725,2,3,4,11/09/2025,4,05:50,3,60.0,0,6,6.0,1.0,2,1,26
DEMO103776,52.83218905321805,-1.2239595695357923,3,2,4,04/11/2025,2,06:08,3,30.0,9,7,1.0,1.0,1,3,20
DEMO103777,51.828287118527406,-2.7909313272587717,3,2,3,24/05/2025,6,16:22,7,30.0,9,1,9.0,1.0,2,1,7
DEMO103778,54.51627986676951,-5.989277779199762,3,4,5,22/08/2025,5,11:46,9,50.0,0,1,3.0,2.0,1,4,13
DEMO103779,53.37006469799529,-3.2262023171142373,2,4,4,31/12/2025,3,15:03,9,30.0,7,6,1.0,1.0,1,6,7
DEMO103780,51.545127125207166,-0.5493930219925821,2,6,8,28/04/2025,1,01:43,2,50.0,8,1,1.0,1.0,2,3,43
DEMO103781,53.600888276059806,-2.008059438919274,1,4,4,24/03/2025,1,12:17,3,30.0,7,5,3.0,1.0,2,1,13
DEMO103782,52.604437854151904,-1.551441082466616,2,1,4,28/12/2025,7,11:01,1,30.0,9,1,2.0,1.0,1,1,21
DEMO103783,55.46565024071289,-3.4768530925563366,3,3,5,13/04/2025,7,21:14,9,60.0,1,5,1.0,2.0,1,3,17
DEMO103784,54.9153635416614,-5.790843283357499,3,3,4,22/06/2025,7,10:44,3,50.0,9,1,2.0,2.0,1,1,31
DEMO103785,53.24457064202674,-1.038849601610297,2,2,2,11/06/2025,3,02:52,3,40.0,7,5,1.0,,1,5,44
DEMO103786,53.70622805000623,-2.2468841844462,2,3,6,10/07/2025,4,16:04,7,70.0,2,1,9.0,1.0,1,2,29
DEMO103787,51.53377593965219,-0.40368269582569305,2,2,4,09/04/2025,3,03:27,1,30.0,6,1,1.0,1.0,1,4,5
DEMO103788,54.82188587074424,-5.816506373054354,3,2,6,05/09/2025,5,21:12,3,50.0,2,1,2.0,2.0,1,6,32
DEMO103789,53.84797318580477,-1.2405529439844698,3,2,2,10/09/2025,3,09:41,9,30.0,3,1,5.0,4.0,1,1,2
DEMO103790,,-1.5606269676559923,3,3,4,15/03/2025,6,18:46,3,40.0,1,7,4.0,1.0,1,3,43
DEMO103791,53.6064730569312,-2.125459749989751,1,3,3,25/06/2025,3,15:57,7,60.0,8,1,6.0,1.0,1,1,32
DEMO103792,53.898615177972516,-1.3474110858848793,2,2,3,21/01/2025,2,11:21,12,70.0,3,1,8.0,2.0,2,3,22
DEMO103793,53.56542228145138,-1.912865683155476,3,4,6,22/03/2025,6,14:17,2,30.0,3,4,1.0,6.0,2,1,31
DEMO103794,51.094290711106986,-3.040498475164079,3,2,2,27/12/2025,6,04:18,3,60.0,9,1,1.0,1.0,1,6,35
DEMO103795,53.784822914772974,-1.4070231842018122,2,3,4,04/07/2025,5,01:45,7,30.0,9,7,4.0,1.0,1,2,2
DEMO103796,55.64443145259615,-4.336291349276967,3,2,4,16/08/2025,6,18:26,7,50.0,8,6,1.0,2.0,1,5,4
DEMO103797,51.67497107659611,-0.11224383872087328,3,2,2,21/11/2025,5,23:01,12,60.0,0,1,4.0,2.0,1,6,28
DEMO103798,51.34319526535845,-0.26014332630885584,3,4,6,18/09/2025,4,20:56,1,50.0,9,4,1.0,1.0,2,4,22
DEMO103799,51.456471416294946,-0.505921663397266,2,3,3,17/10/2025,5,07:06,9,50.0,1,5,7.0,1.0,1,4,38
DEMO103800,54.76582618549824,-5.787854558238351,3,2,2,17/09/2025,3,08:55,6,60.0,3,1,4.0,1.0,1,5,36
DEMO103801,53.19029289864132,-0.7096255286751326,3,3,3,02/07/2025,3,08:09,3,30.0,9,5,2.0,2.0,2,2,3
DEMO103802,56.11222229163777,-3.4025370701539686,3,3,3,19/08/2025,2,16:32,6,50.0,0,1,2.0,2.0,1,4,16
DEMO103803,51.64294584675099,-0.11424397451524594,3,2,2,16/04/2025,3,14:18,3,50.0,1,1,9.0,1.0,2,3,32
DEMO103804,51.29368889267042,-0.45085891221482033,3,2,3,22/11/2025,6,19:41,3,40.0,7,4,4.0,1.0,1,6,17
DEMO103805,51.29851541479065,-3.128593232171982,1,5,7,07/03/2025,5,22:24,3,70.0,3,4,5.0,2.0,1,4,42
DEMO103806,52.24492967174495,-2.0474381508240747,3,3,3,19/11/2025,3,09:22,3,30.0,3,5,5.0,1.0,1,3,17
DEMO103807,52.296121311204814,-1.9281092218483042,3,4,6,17/11/2025,1,15:28,7,30.0,8,1,1.0,1.0,1,6,39
DEMO103808,52.98327370409768,-0.9237305030648398,2,1,1,21/02/2025,5,12:58,2,60.0,9,5,1.0,1.0,2,4,11
DEMO103809,53.562095170462115,-1.4029885477178854,2,3,3,17/09/2025,3,22:14,2,30.0,9,1,1.0,1.0,1,3,13
DEMO103810,53.66114922491894,-2.2741701365577853,3,3,3,28/12/2025,7,08:13,3,50.0,1,5,3.0,2.0,1,2,5
DEMO103811,53.07511978959636,-3.217842897243555,3,1,2,28/07/2025,1,04:03,7,70.0,8,1,3.0,1.0,1,5,29
DEMO103812,55.85765857005665,-4.087724042522839,3,4,5,05/05/2025,1,09:44,12,60.0,9,4,1.0,2.0,1,2,6
DEMO103813,53.35907585423069,-3.2612283493726593,3,3,3,17/11/2025,1,14:40,1,50.0,2,1,8.0,1.0,2,6,11
DEMO103814,51.037396968802994,-2.2711316145014635,3,2,5,07/07/2025,1,22:36,12,70.0,6,1,1.0,1.0,1,4,43
DEMO103815,51.65677780454161,-0.10268650217900432,3,2,3,14/02/2025,5,19:01,7,40.0,0,1,5.0,3.0,1,3,37
DEMO103816,53.5527580490659,-3.240382954422402,2,2,3,01/04/2025,2,00:47,9,20.0,1,1,2.0,1.0,1,1,12
DEMO103817,55.843915552071216,-3.552321774851778,3,2,2,07/09/2025,7,12:48,6,50.0,1,1,2.0,2.0,1,3,24
DEMO103818,53.325385089752146,-1.5497901405026138,3,1,1,16/06/2025,1,03:56,6,50.0,8,1,1.0,1.0,1,5,5
DEMO103819,51.50778844620776,-3.2657028963186594,3,3,4,21/03/2025,5,08:55,9,60.0,7,1,4.0,6.0,2,5,28
DEMO103820,52.56068252098475,-1.7813054741770828,3,2,2,19/10/2025,7,22:15,7,30.0,0,5,5.0,1.0,2,4,13
DEMO103821,51.390633156410566,-0.37444524976421223,2,4,5,14/02/2025,5,23:42,9,30.0,7,7,1.0,1.0,2,5,14
DEMO103822,52.80016967258724,-0.9694173396774031,3,4,4,21/03/2025,5,03:24,9,30.0,0,6,2.0,1.0,1,4,26
DEMO103823,53.285344719322445,-2.850658072321675,2,1,2,19/06/2025,4,03:35,6,30.0,1,7,3.0,1.0,1,3,35
DEMO103824,53.64910663162366,-1.4504723978827316,2,6,7,15/01/2025,3,16:19,7,60.0,9,7,1.0,1.0,2,1,40
DEMO103825,51.70112269383564,-3.352901220308636,3,2,3,22/05/2025,4,09:39,6,40.0,3,1,3.0,1.0,1,5,7
DEMO103826,51.257870155227764,-2.565754886780062,3,1,2,29/11/2025,6,10:57,7,30.0,8,1,2.0,1.0,2,1,44
DEMO103827,52.79355618259101,-0.8690351498275997,3,3,4,10/12/2025,3,20:39,7,30.0,2,1,6.0,1.0,1,5,32
DEMO103828,55.67329147224832,-4.034806738656294,3,3,4,15/11/2025,6,22:55,7,30.0,1,1,4.0,2.0,2,4,13
DEMO103829,52.21890037312998,-1.8103155067157701,2,4,5,29/04/2025,2,21:55,1,40.0,9,6,1.0,1.0,1,2,32
DEMO103830,51.83278983765546,-2.860264997017468,3,2,2,24/01/2025,5,18:07,12,60.0,1,7,5.0,1.0,1,3,12
DEMO103831,53.34861739061202,-1.9139701240725782,3,2,3,25/10/2025,6,23:57,3,70.0,2,4,1.0,4.0,2,4,7
DEMO103832,56.090020620828525,-2.8197302989920634,2,2,5,17/05/2025,6,17:49,3,40.0,8,7,8.0,1.0,1,3,5
DEMO103833,53.32015043733783,-1.6160743544277725,3,2,2,01/10/2025,3,21:25,3,30.0,7,5,3.0,1.0,1,6,18
DEMO103834,52.446688103409066,-1.711561952960407,3,2,2,13/02/2025,4,12:36,1,30.0,9,1,1.0,1.0,1,1,42
DEMO103835,55.81218880828258,-4.067837674867727,3,3,4,01/09/2025,1,01:37,6,40.0,9,1,4.0,1.0,2,2,36
DEMO103836,53.54694968731954,-2.240611841162505,3,2,3,03/08/2025,7,19:47,1,40.0,1,7,1.0,1.0,1,3,10
DEMO103837,53.347827272530125,-1.222173302320593,3,2,2,02/12/2025,2,22:48,3,30.0,2,5,6.0,2.0,1,3,35
DEMO103838,54.73147516556504,-5.9214713346100405,2,2,2,07/02/2025,5,07:06,1,30.0,7,1,8.0,1.0,1,6,16
DEMO103839,54.805287719754546,-6.287600748412579,2,2,3,29/05/2025,4,10:00,3,60.0,1,1,4.0,5.0,2,2,41
DEMO103840,51.369941578308826,-2.8744185940497675,3,3,3,28/12/2025,7,13:14,12,50.0,7,6,2.0,2.0,2,1,34
DEMO103841,53.44515588657186,-3.1384826157763457,2,4,4,23/05/2025,5,15:31,6,30.0,3,6,3.0,6.0,2,5,42
DEMO103842,52.66074161933792,-1.579339259954064,3,4,5,29/08/2025,5,16:50,1,40.0,9,4,2.0,1.0,1,6,16
DEMO103843,53.706829230761926,-0.7835615727198658,3,2,2,28/02/2025,5,09:39,7,40.0,9,7,1.0,1.0,1,1,41
DEMO103844,54.6005820073393,-6.189766955259084,3,3,4,23/09/2025,2,20:08,7,30.0,2,1,7.0,2.0,1,5,22
DEMO103845,53.372576304152894,-2.8382608533094458,3,1,2,11/04/2025,5,19:43,6,60.0,0,7,1.0,2.0,1,6,31
DEMO103846,55.933700938897225,-3.442519504738385,3,2,3,28/07/2025,1,22:28,3,20.0,9,5,1.0,1.0,2,4,21
DEMO103847,51.547494140204144,-2.6895476664031643,3,4,4,18/11/2025,2,13:22,7,30.0,1,5,1.0,1.0,1,4,9
DEMO103848,55.994768125103704,-4.419635441444105,3,4,6,30/08/2025,6,01:46,2,40.0,1,7,9.0,1.0,1,4,16
DEMO103849,53.09812374417676,-2.4816730384135157,3,3,4,23/06/2025,1,20:17,3,30.0,2,6,8.0,1.0,1,3,1
DEMO103850,55.89713918949558,-4.043665237755806,2,4,4,11/03/2025,2,01:37,12,40.0,2,1,1.0,3.0,1,6,42
DEMO103851,51.45073849715505,0.41730843248592153,3,5,6,05/05/2025,1,04:10,3,70.0,1,6,1.0,2.0,1,2,33
DEMO103852,52.39948010762393,-1.8890049975861376,3,2,4,06/11/2025,4,06:22,2,30.0,2,4,5.0,1.0,1,4,44
DEMO103853,51.70577304828729,-3.0140872350291064,2,2,2,20/03/2025,4,04:33,3,30.0,0,1,2.0,1.0,1,4,2
DEMO103854,53.092184103384895,-3.2424587756916172,3,2,4,28/08/2025,4,17:37,9,30.0,8,5,8.0,1.0,1,1,37
DEMO103855,55.8546279312531,-4.452323279169962,3,4,4,27/06/2025,5,10:55,2,20.0,2,1,7.0,2.0,1,3,7
DEMO103856,51.71352163535264,-2.5636488518865277,3,3,4,28/04/2025,1,05:17,3,60.0,8,4,4.0,3.0,1,6,25
DEMO103857,51.52035663870129,-0.22770785665985604,3,1,1,19/09/2025,5,00:53,3,30.0,7,1,1.0,1.0,2,6,29
DEMO103858,53.62982112854407,-1.0413538059523213,3,3,3,13/05/2025,2,05:48,3,30.0,6,1,4.0,1.0,1,5,25
DEMO103859,53.36945084520773,-3.0149114371419685,1,4,7,15/04/2025,2,16:21,6,50.0,9,1,9.0,4.0,1,5,26
DEMO103860,53.273602026164184,-0.9644376846872631,3,1,2,13/07/2025,7,19:08,2,60.0,3,6,1.0,1.0,2,4,32
DEMO103861,53.59204728156353,-1.5111342839829964,3,3,3,04/10/2025,6,07:15,6,70.0,1,1,6.0,3.0,1,2,29
DEMO103862,53.38755781826826,-2.2524203942624816,3,1,5,12/11/2025,3,01:39,1,30.0,7,5,2.0,1.0,1,2,30
DEMO103863,53.65737827705666,-1.5563100710613769,3,3,4,18/08/2025,1,13:47,12,50.0,1,4,8.0,1.0,2,6,31
DEMO103864,53.495805912137364,-1.4713990273947073,3,2,2,30/08/2025,6,18:36,7,30.0,2,1,3.0,2.0,2,3,21
DEMO103865,55.49568011144709,-3.3074263300793687,2,1,1,15/10/2025,3,01:43,2,60.0,9,1,1.0,1.0,1,6,39
DEMO103866,52.935693030693955,-1.1491945038783205,2,4,4,09/04/2025,3,19:06,3,60.0,9,1,2.0,2.0,1,1,29
DEMO103867,56.281836359185135,-3.3217347455230795,2,2,2,02/04/2025,3,04:30,9,50.0,3,7,1.0,2.0,1,2,22
DEMO103868,53.45259269077821,-1.6981843809326413,2,2,2,26/06/2025,4,06:52,9,50.0,6,7,1.0,1.0,1,2,18
DEMO103869,56.137916993986636,-4.157469476510567,1,4,6,19/08/2025,2,14:23,3,50.0,7,1,7.0,1.0,1,1,16
DEMO103870,51.24919001398466,0.01124770528925334,3,4,4,24/08/2025,7,01:53,2,40.0,0,1,1.0,2.0,1,3,37
DEMO103871,52.25060088941659,-1.9310522557455472,2,1,2,26/02/2025,3,07:07,6,30.0,2,4,8.0,4.0,1,4,31
DEMO103872,51.68546277743633,-3.5331910385106626,2,2,5,12/10/2025,7,03:58,3,50.0,7,1,1.0,1.0,1,3,12
DEMO103873,53.56177966686059,-3.3154764174086724,1,2,3,13/05/2025,2,05:47,2,70.0,2,1,4.0,2.0,1,4,20
DEMO103874,53.37639826464348,-1.511910339274674,3,3,4,17/11/2025,1,18:37,3,50.0,1,1,8.0,1.0,1,6,44
DEMO103875,53.537496190042006,-1.5198397430491775,3,3,4,22/09/2025,1,05:37,9,30.0,7,5,3.0,3.0,1,3,1
DEMO103876,55.75752095140296,-4.158034939466504,1,2,4,25/12/2025,4,01:56,3,40.0,7,1,7.0,2.0,1,5,36
DEMO103877,53.27805853121299,-2.1980749527792556,3,2,3,19/08/2025,2,05:22,1,40.0,2,7,9.0,1.0,1,4,10
DEMO103878,53.55040467203642,-2.3555187705782874,3,4,4,12/07/2025,6,02:09,2,20.0,9,1,3.0,2.0,1,6,29
DEMO103879,51.455755612214865,0.5083364210881353,3,2,2,10/03/2025,1,14:55,7,40.0,8,1,5.0,2.0,1,2,26
DEMO103880,51.556603088922444,-3.095671470536834,3,4,5,26/05/2025,1,23:06,6,30.0,7,7,1.0,2.0,1,1,15
DEMO103881,53.517957231853075,-2.348575762098953,3,2,3,10/11/2025,1,04:39,7,40.0,1,1,2.0,1.0,2,4,32
DEMO103882,52.89447295559542,-1.248315323956998,3,2,3,20/05/2025,2,17:15,7,20.0,7,1,1.0,2.0,1,2,11
DEMO103883,53.74755897373404,-2.81849501285275,2,3,4,20/01/2025,1,08:55,6,30.0,8,1,5.0,2.0,1,5,24
DEMO103884,52.29941332893395,-1.9442772839462794,3,4,5,31/03/2025,1,01:58,6,70.0,7,5,4.0,1.0,2,1,6
DEMO103885,51.4820490091381,-2.359180245023152,3,6,6,06/08/2025,3,16:28,12,20.0,7,4,3.0,1.0,1,1,5
DEMO103886,51.490617014931125,-0.14849727087118972,3,2,3,18/08/2025,1,05:31,9,30.0,1,4,8.0,3.0,1,5,29
DEMO103887,53.53612207191615,-2.335127566168525,3,1,1,26/12/2025,5,12:27,3,30.0,2,1,1.0,1.0,1,3,29
DEMO103888,52.49459822523123,-2.2354672082185734,3,7,8,07/12/2025,7,12:25,7,40.0,9,1,8.0,1.0,1,2,37
DEMO103889,56.14765032700745,-2.938926779452914,2,3,3,13/07/2025,7,14:56,1,70.0,1,1,1.0,3.0,1,1,18
DEMO103890,53.01107831107804,-1.4188430150570914,2,1,2,22/07/2025,2,03:17,1,50.0,7,1,1.0,1.0,2,4,35
DEMO103891,54.48018042679617,-5.750018560400982,2,1,1,20/10/2025,1,06:57,3,60.0,9,1,3.0,2.0,1,4,11
DEMO103892,53.22357363869236,-3.134985165472227,3,2,2,18/01/2025,6,17:39,9,30.0,0,1,1.0,1.0,1,4,6
DEMO103893,53.342310697236805,-2.0361048768063643,2,4,5,06/08/2025,3,22:57,12,30.0,9,5,4.0,1.0,1,2,17
DEMO103894,53.23471258562267,-1.1621323192567115,3,5,5,23/06/2025,1,00:36,7,60.0,9,5,5.0,5.0,1,4,38
DEMO103895,54.719447940649864,-6.110878844320954,3,1,3,13/10/2025,1,09:49,7,20.0,8,4,5.0,2.0,1,6,31
DEMO103896,52.93993365013047,-1.3598131263278268,2,2,3,20/10/2025,1,21:29,1,30.0,8,4,1.0,1.0,2,1,30
DEMO103897,51.57858668899657,0.4046183289539026,2,2,3,28/08/2025,4,06:27,12,30.0,9,1,,4.0,1,6,25
DEMO103898,53.55283128217314,-1.4389801831916746,1,3,3,28/08/2025,4,10:15,2,70.0,1,4,1.0,4.0,2,3,43
DEMO103899,54.54043936909704,-5.756691904776267,2,4,5,10/09/2025,3,21:12,12,30.0,8,1,2.0,2.0,1,3,14
DEMO103900,53.041764718709345,-1.482732678069286,2,1,2,31/07/2025,4,23:02,2,60.0,2,5,1.0,1.0,1,2,29
DEMO103901,54.784500387966794,-6.174433476219904,3,2,3,25/03/2025,2,15:23,1,40.0,9,1,1.0,1.0,2,3,38
DEMO103902,52.68743781002731,-1.1072870090910123,3,3,3,14/04/2025,1,16:59,7,30.0,7,4,6.0,2.0,1,5,6
DEMO103903,51.78962759642392,-0.21890475735049814,2,3,3,28/09/2025,7,14:56,2,30.0,8,6,8.0,3.0,2,2,37
DEMO103904,51.7409771206229,-3.4202233938270474,3,5,8,14/08/2025,4,06:41,1,40.0,1,1,5.0,1.0,1,5,27
DEMO103905,56.13649070960739,-3.121318614647228,3,2,2,28/03/2025,5,21:21,7,20.0,2,1,1.0,1.0,2,1,2
DEMO103906,56.09197551389988,-4.661781981459891,3,2,4,17/11/2025,1,00:31,9,30.0,8,7,2.0,1.0,1,5,14
DEMO103907,54.5292023881901,-5.8572664247683175,2,4,4,24/12/2025,3,01:45,3,40.0,3,1,1.0,1.0,1,2,35
DEMO103908,53.33722322166487,-2.458729079319791,2,3,3,17/08/2025,7,14:00,6,40.0,6,1,1.0,1.0,1,1,15
DEMO103909,51.4968838151049,-3.009034149846746,3,2,3,25/03/2025,2,20:55,7,30.0,8,1,2.0,1.0,2,6,25
DEMO103910,53.53498962167074,-2.2183216435181445,2,1,1,09/12/2025,2,19:52,3,70.0,1,1,8.0,1.0,1,6,44
DEMO103911,54.484766301207465,-5.803392329088577,3,6,6,28/03/2025,5,16:58,3,30.0,2,4,3.0,1.0,1,4,3
DEMO103912,53.586868285633706,-1.9210349234675528,3,2,2,07/06/2025,6,09:05,7,70.0,2,6,1.0,1.0,1,6,18
DEMO103913,53.20852035056942,-1.3183358631140378,2,4,5,10/11/2025,1,08:56,9,50.0,9,5,3.0,3.0,2,5,21
DEMO103914,56.11447189219353,-3.4232172682103017,2,2,3,10/07/2025,4,10:36,3,60.0,1,1,8.0,1.0,2,4,39
DEMO103915,51.515900868045996,0.16056016838419926,3,2,2,30/03/2025,7,06:33,7,50.0,3,6,1.0,1.0,2,1,1
DEMO103916,51.06812090887689,,3,4,4,30/01/2025,4,10:10,6,30.0,9,6,5.0,1.0,1,2,17
DEMO103917,51.20513310482998,-2.8715608552185947,1,4,4,12/05/2025,1,02:29,7,60.0,8,1,1.0,1.0,2,5,43
DEMO103918,51.49047632588153,-0.6872144304454725,3,2,2,03/09/2025,3,07:21,9,60.0,8,4,1.0,1.0,1,6,10
DEMO103919,53.49667838542384,-1.3256170379473295,3,4,4,18/09/2025,4,22:59,6,60.0,7,1,7.0,5.0,1,3,32
DEMO103920,54.34131894431251,-6.154286224161636,3,1,3,23/03/2025,7,16:20,1,60.0,8,1,1.0,1.0,1,3,42
DEMO103921,53.39836039758596,-1.255093910407188,2,2,2,27/02/2025,4,03:13,9,20.0,9,6,4.0,1.0,2,3,39
DEMO103922,53.53644435891164,-3.0522704419688433,2,1,1,14/09/2025,7,06:56,7,70.0,9,6,1.0,2.0,1,3,24
DEMO103923,53.39672260387114,-3.0722645878836703,2,2,3,28/02/2025,5,06:11,7,70.0,7,7,3.0,4.0,2,6,23
DEMO103924,53.26928207777449,-1.5643401252631473,2,2,3,24/01/2025,5,06:54,6,60.0,8,1,3.0,1.0,1,1,19
DEMO103925,52.68793650005871,-1.3020719427412457,3,1,1,27/06/2025,5,16:57,3,50.0,8,1,6.0,1.0,1,1,41
DEMO103926,53.09385861240082,-1.4650887817756115,2,3,3,28/07/2025,1,21:18,6,60.0,8,1,5.0,1.0,1,4,21
DEMO103927,52.368398810302025,-1.982214114585502,3,4,5,30/03/2025,7,17:41,6,40.0,8,1,4.0,1.0,1,3,10
DEMO103928,53.67743636853099,-1.43859504697269,3,3,3,19/03/2025,3,11:47,3,40.0,1,1,1.0,,2,2,36
DEMO103929,55.89607138338253,-3.892928881214663,2,3,3,28/03/2025,5,03:32,2,70.0,8,4,1.0,2.0,1,5,28
DEMO103930,55.93066457524225,-4.128874124030918,2,4,4,06/05/2025,2,03:41,9,30.0,3,5,3.0,1.0,1,1,9
DEMO103931,51.65727785945016,-0.19732195415210135,3,1,2,04/01/2025,6,19:07,6,60.0,1,1,2.0,1.0,1,1,6
DEMO103932,55.79860673376126,-4.339065633191225,3,2,3,05/01/2025,7,16:30,7,30.0,1,1,1.0,2.0,2,2,16
DEMO103933,55.94878183809562,-4.968466548698747,1,4,5,16/05/2025,5,12:30,1,30.0,2,1,8.0,1.0,1,4,40
DEMO103934,53.364599239754426,-2.336653517829345,3,4,5,08/01/2025,3,13:33,6,40.0,6,6,1.0,1.0,1,4,15
DEMO103935,51.33749147638122,-3.1468574238359324,3,1,1,27/04/2025,7,20:56,2,50.0,2,1,1.0,2.0,2,6,5
DEMO103936,52.79074129209047,-1.3049087006054394,3,4,4,01/08/2025,5,19:49,9,30.0,8,1,7.0,1.0,1,5,40
DEMO103937,53.32034116785338,-3.1180175237137444,1,4,4,12/01/2025,7,02:36,7,60.0,9,1,2.0,1.0,1,2,26
DEMO103938,56.234726843735245,-4.8474792612912045,3,5,5,14/08/2025,4,09:24,6,30.0,0,1,4.0,1.0,1,2,28
DEMO103939,52.792122804437426,-1.4918171698464626,3,3,3,15/08/2025,5,01:24,12,50.0,1,1,1.0,1.0,1,1,25
DEMO103940,53.065280884426336,-1.4221349504800358,3,3,4,29/07/2025,2,09:01,3,30.0,2,6,2.0,1.0,1,2,22
DEMO103941,53.759943021307684,-1.7226501509886916,3,3,5,17/08/2025,7,15:33,3,20.0,8,1,3.0,1.0,1,6,8
DEMO103942,54.39281712550232,-6.659804817833134,2,2,3,23/10/2025,4,05:15,9,30.0,2,1,1.0,1.0,2,2,40
DEMO103943,54.739758915128576,-5.9756662981683695,3,1,2,26/01/2025,7,03:53,6,30.0,1,1,4.0,1.0,2,2,25
DEMO103944,52.39558161623006,-1.9120182396542078,2,5,5,03/03/2025,1,11:46,7,60.0,1,1,1.0,1.0,2,1,31
DEMO103945,55.78386705776286,-4.153176323148129,3,3,3,26/04/2025,6,12:54,12,40.0,1,7,1.0,2.0,1,5,19
DEMO103946,51.70235039413194,,2,2,2,09/09/2025,2,17:59,7,60.0,8,5,1.0,,1,6,35
DEMO103947,51.40731933947105,-2.389964628349263,3,4,4,15/11/2025,6,00:24,3,50.0,8,1,1.0,1.0,1,5,2
DEMO103948,54.637600833462095,-5.501838361779821,3,2,3,02/12/2025,2,05:25,3,30.0,2,4,1.0,1.0,1,1,25
DEMO103949,53.47580100612309,-2.5804374046576894,2,3,5,01/08/2025,5,18:36,9,70.0,3,1,5.0,2.0,1,6,33
DEMO103950,51.43759081796166,-2.887386191405243,3,2,2,30/05/2025,5,16:25,1,60.0,7,1,2.0,1.0,1,4,38
DEMO103951,53.24326442255464,-2.162184367124499,3,6,7,31/05/2025,6,21:16,6,20.0,9,1,1.0,1.0,1,4,15
DEMO103952,56.01862850595543,-4.111143613610399,2,1,3,22/01/2025,3,19:42,9,40.0,8,6,2.0,4.0,1,6,37
DEMO103953,53.44835774337302,-3.284116496248704,2,3,8,19/06/2025,4,20:27,9,30.0,8,5,1.0,1.0,1,3,8
DEMO103954,53.52758131385984,-1.065258131954725,3,4,4,07/07/2025,1,12:56,2,30.0,9,1,2.0,1.0,1,2,11
DEMO103955,54.618058363158994,-6.15631421923237,1,4,6,18/03/2025,2,23:13,9,30.0,3,6,6.0,1.0,2,1,4
DEMO103956,53.144904059339616,-1.2169586091959563,3,2,2,08/10/2025,3,09:26,3,40.0,0,1,4.0,1.0,1,3,43
DEMO103957,,-4.0916054540276585,3,2,3,24/10/2025,5,21:31,9,30.0,8,1,3.0,1.0,1,5,31
DEMO103958,52.73319699935087,-1.5459831831969029,3,3,4,21/04/2025,1,09:54,7,30.0,1,1,1.0,1.0,1,6,20
DEMO103959,53.317804173371265,-2.4815442653310744,3,5,6,30/11/2025,7,10:34,6,40.0,3,1,1.0,2.0,1,4,19
DEMO103960,54.4549928072055,-5.752264284727803,3,5,5,09/02/2025,7,16:04,1,50.0,8,1,4.0,1.0,1,4,23
DEMO103961,51.80327525727431,-3.2054528164025413,3,1,2,29/11/2025,6,09:20,3,30.0,7,7,2.0,4.0,1,2,43
DEMO103962,53.529969494594766,-1.8223518616751477,3,1,2,08/10/2025,3,03:53,3,30.0,2,1,3.0,1.0,1,5,34
DEMO103963,51.79030367904933,-2.73493014351741,3,1,1,23/03/2025,7,21:16,9,40.0,6,1,8.0,1.0,1,2,43
DEMO103964,53.591126677581244,-2.5316980138078535,2,3,3,26/08/2025,2,10:20,6,30.0,2,1,,1.0,1,6,42
DEMO103965,51.43154709170246,-3.015374622255104,3,4,4,24/04/2025,4,22:09,9,40.0,0,1,5.0,1.0,1,5,9
DEMO103966,56.28941615166784,-3.5300764474615622,3,2,4,19/10/2025,7,09:43,1,40.0,3,1,2.0,1.0,2,1,4
DEMO103967,53.15346823356869,-2.1380201837664794,3,4,4,28/02/2025,5,23:08,3,,0,1,1.0,1.0,1,6,5
DEMO103968,53.52507976308991,-1.4739962140377334,3,2,3,31/03/2025,1,14:22,7,50.0,9,1,1.0,1.0,1,3,29
DEMO103969,52.923917917012396,-1.3906426420122642,3,4,5,23/04/2025,3,18:42,7,40.0,3,1,3.0,1.0,1,6,23
DEMO103970,53.67952399925816,-2.9930225007889963,3,2,4,14/03/2025,5,18:53,6,40.0,9,1,1.0,1.0,1,5,17
DEMO103971,54.41232440881992,-6.141976262532344,3,4,4,02/05/2025,5,04:13,3,40.0,9,5,4.0,1.0,2,6,9
DEMO103972,52.43108450898542,-1.800104588548505,3,2,4,08/08/2025,5,19:19,2,40.0,3,7,4.0,1.0,1,6,33
DEMO103973,53.62674077700062,-1.51953889249756,3,2,2,20/08/2025,3,22:07,7,40.0,3,1,2.0,1.0,2,1,21
DEMO103974,52.59278741283728,-2.015580256485569,2,2,3,22/07/2025,2,15:26,9,60.0,9,5,2.0,2.0,1,2,6
DEMO103975,55.83093874423298,-3.6383587969754165,2,5,6,11/03/2025,2,22:59,9,40.0,0,5,3.0,2.0,1,5,6
DEMO103976,53.62988021002697,-1.7553020684540286,3,3,3,15/03/2025,6,20:18,7,70.0,6,4,2.0,1.0,1,5,16
DEMO103977,54.47867571520169,-5.810039502865985,2,3,4,02/12/2025,2,15:15,7,70.0,2,5,6.0,1.0,1,4,20
DEMO103978,52.74225144701187,-1.0170757956873002,3,1,1,02/04/2025,3,11:23,9,30.0,8,1,1.0,1.0,2,6,13
DEMO103979,52.40144756753892,-1.960798751993061,3,1,2,07/02/2025,5,20:53,9,60.0,8,7,8.0,1.0,1,4,6
DEMO103980,53.70322698145933,-2.9332230532123704,3,2,3,15/06/2025,7,04:32,1,30.0,7,1,1.0,1.0,2,3,7
DEMO103981,52.67394528037627,-1.784429292555049,3,2,2,03/01/2025,5,13:36,3,70.0,3,1,1.0,1.0,1,1,44
DEMO103982,56.07241123886867,-4.270577659245677,3,3,3,06/05/2025,2,19:46,9,70.0,7,5,4.0,5.0,1,5,10
DEMO103983,55.76500202193002,-4.386893079636135,3,4,6,09/11/2025,7,22:42,9,30.0,7,7,1.0,2.0,2,1,7
DEMO103984,51.2440539092421,-3.1993403030510743,2,3,3,08/04/2025,2,06:35,7,30.0,7,1,1.0,1.0,1,6,2
DEMO103985,51.71038753436728,-2.7343439694033496,2,2,3,14/09/2025,7,02:33,3,,9,7,1.0,1.0,1,2,7
DEMO103986,53.55284407649104,-1.2209175834728543,3,2,3,28/06/2025,6,08:31,9,30.0,2,5,4.0,1.0,2,6,38
DEMO103987,51.50849715047599,0.08131553785023438,3,2,2,10/05/2025,6,20:10,3,50.0,1,5,2.0,1.0,1,1,7
DEMO103988,51.334774290812824,-2.57061581310015,2,4,6,30/08/2025,6,12:24,3,30.0,1,6,1.0,1.0,1,4,4
DEMO103989,53.421971709739296,-3.171127984887156,3,3,3,06/08/2025,3,01:50,6,40.0,8,5,2.0,1.0,1,3,16
DEMO103990,55.645642621712554,-3.2653803747267616,2,3,3,27/04/2025,7,02:02,7,30.0,9,4,1.0,1.0,2,5,1
DEMO103991,56.10642552309263,-3.3308770037418656,3,2,2,23/03/2025,7,08:49,3,60.0,2,6,8.0,1.0,2,6,8
DEMO103992,52.7328907854603,-1.915003744837599,3,5,6,01/12/2025,1,08:33,7,40.0,3,1,1.0,1.0,2,6,24
DEMO103993,53.98884775352166,-1.9355503835625631,2,2,2,03/03/2025,1,03:20,7,50.0,9,7,3.0,1.0,1,6,20
DEMO103994,52.75450520053734,-1.2930129067629461,2,1,2,17/12/2025,3,11:06,3,60.0,1,6,2.0,5.0,1,4,29
DEMO103995,51.532664697755784,-2.852406353239288,3,2,2,21/06/2025,6,11:45,3,60.0,9,5,2.0,1.0,1,6,19
DEMO103996,51.4765680001111,-0.29754830666498366,3,2,5,30/12/2025,2,04:00,7,40.0,9,1,8.0,1.0,1,4,21
DEMO103997,51.481481937058234,-2.7413752832643627,3,4,5,09/05/2025,5,05:32,12,30.0,8,1,1.0,1.0,2,4,34
DEMO103998,56.16288713439051,-4.330576815517119,3,4,4,26/07/2025,6,15:09,9,30.0,2,1,4.0,,1,4,22
DEMO103999,52.87647042821737,-1.1128243414466348,3,3,5,13/08/2025,3,22:54,2,40.0,8,1,2.0,1.0,1,4,32
DEMO104000,53.9230777760109,-1.6041372117198893,3,4,5,04/05/2025,7,23:10,7,30.0,2,5,4.0,1.0,1,1,9
DEMO104001,51.16748650185669,-3.0293736968271663,2,6,6,21/03/2025,5,13:48,9,60.0,1,7,1.0,1.0,1,6,40
DEMO104002,51.520353894018996,-0.22244101313221548,3,5,7,09/07/2025,3,00:34,3,30.0,1,5,1.0,1.0,1,6,30
DEMO104003,53.57597078527465,-3.124536533985222,1,4,4,30/08/2025,6,21:02,7,30.0,0,1,1.0,1.0,1,4,41
DEMO104004,55.92625886755602,-3.3537429520458093,3,4,5,06/04/2025,7,22:43,3,50.0,9,7,1.0,1.0,2,4,41
DEMO104005,54.70796588478638,-6.10897371478852,3,3,4,07/10/2025,2,06:52,7,50.0,8,6,8.0,1.0,1,1,13
DEMO104006,53.65489786140607,-1.1887562900237099,3,1,4,22/08/2025,5,09:13,1,30.0,2,5,5.0,1.0,2,3,27
DEMO104007,53.29717797214986,-1.3787921613792555,3,4,5,02/03/2025,7,00:58,3,60.0,7,1,1.0,4.0,1,4,11
DEMO104008,53.45655920905641,-2.3908453363362328,3,5,6,09/12/2025,2,19:47,3,60.0,7,5,2.0,1.0,1,2,1
DEMO104009,52.38855201907883,-1.6891975049525603,2,2,2,17/01/2025,5,18:44,3,30.0,1,1,4.0,3.0,1,1,36
DEMO104010,51.61620904314935,-2.312360385775885,2,8,10,27/08/2025,3,00:20,2,70.0,2,1,1.0,1.0,1,6,29
DEMO104011,51.67836373357991,-3.3505249271784536,2,1,4,10/06/2025,2,16:07,3,40.0,7,4,2.0,1.0,2,5,16
DEMO104012,55.98078020636999,-4.322331781764556,3,2,4,27/08/2025,3,09:25,6,30.0,8,5,4.0,1.0,1,1,15
DEMO104013,52.95271453354134,-2.989679449376835,3,1,3,10/10/2025,5,13:48,1,60.0,1,1,1.0,1.0,1,5,37
DEMO104014,53.743543437658026,-1.7339512490050066,2,3,3,08/09/2025,1,05:35,3,60.0,9,7,2.0,1.0,1,3,8
DEMO104015,52.6377776293857,-2.0092421026534653,3,4,4,26/08/2025,2,19:38,3,50.0,7,6,1.0,1.0,2,4,43
DEMO104016,53.77135380346381,-1.667714719691199,3,3,3,03/11/2025,1,09:46,12,30.0,6,4,1.0,1.0,1,5,5
DEMO104017,52.44611610004853,-1.9257625861234962,3,3,4,14/09/2025,7,20:20,2,30.0,1,1,4.0,1.0,1,2,20
DEMO104018,53.64913341658771,-1.5082670863318666,3,3,3,25/10/2025,6,03:02,7,30.0,7,1,4.0,2.0,2,4,28
DEMO104019,56.04177285514384,-4.468502550551836,3,2,3,28/05/2025,3,14:53,3,40.0,2,5,9.0,1.0,1,3,39
DEMO104020,52.59393520494155,-2.2435502661162494,3,3,3,16/03/2025,7,07:36,3,,1,6,1.0,1.0,2,3,22
DEMO104021,51.23948228226583,0.10704912916694892,3,3,3,27/03/2025,4,23:33,9,70.0,9,1,4.0,1.0,1,5,18
DEMO104022,52.753383680757395,-1.1141109535911204,2,3,4,12/08/2025,2,13:34,7,30.0,3,1,8.0,3.0,1,5,8
DEMO104023,53.87159034252208,-1.6228297265017926,3,2,3,14/07/2025,1,17:51,7,50.0,0,1,3.0,4.0,1,5,23
DEMO104024,53.033962591572006,-2.783813280138569,3,2,2,29/01/2025,3,02:46,2,50.0,2,1,8.0,1.0,2,1,32
DEMO104025,52.781362244999904,-2.1840999449059613,3,3,3,16/03/2025,7,16:40,3,50.0,1,5,9.0,1.0,1,2,35
DEMO104026,53.50530547246593,-2.16706302004767,2,2,4,20/12/2025,6,02:46,3,70.0,9,1,,1.0,1,4,4
DEMO104027,53.281670388013175,-3.036758643157317,1,4,4,23/09/2025,2,08:17,3,60.0,2,1,9.0,1.0,2,1,38
DEMO104028,55.7685211219052,-4.243519756668123,3,2,2,03/10/2025,5,05:42,12,20.0,6,1,3.0,2.0,2,3,3
DEMO104029,51.671764821744965,-2.5758795883513033,2,5,5,13/03/2025,4,00:58,3,60.0,8,6,2.0,1.0,1,5,1
DEMO104030,52.72806438926031,-0.585981747163316,3,5,7,24/01/2025,5,14:14,3,70.0,1,1,7.0,2.0,1,3,44
DEMO104031,52.60866076287026,-1.2789324441581966,3,3,6,17/04/2025,4,05:34,2,20.0,3,1,6.0,1.0,1,4,3
DEMO104032,53.62201451056696,-1.7514171380704053,3,3,3,09/11/2025,7,12:40,3,40.0,8,4,1.0,3.0,1,1,8
DEMO104033,53.853962876320345,-1.4204787733435627,2,3,4,04/07/2025,5,18:31,1,40.0,9,7,1.0,1.0,2,2,32
DEMO104034,53.69676615844055,-2.746391659448843,3,3,4,14/10/2025,2,04:58,3,40.0,8,1,1.0,1.0,1,5,37
DEMO104035,51.72650626689746,-0.4521640493321848,2,2,5,27/06/2025,5,17:24,12,60.0,0,1,6.0,1.0,2,5,18
DEMO104036,55.78565179053018,-4.1581355636780515,3,5,6,28/06/2025,6,07:13,7,60.0,2,4,1.0,1.0,2,2,26
DEMO104037,53.43205817681955,-1.7501945794846134,2,1,1,08/08/2025,5,07:08,3,30.0,2,1,1.0,3.0,2,3,28
DEMO104038,53.86343227905978,-1.8741733723704368,2,3,3,17/12/2025,3,13:50,3,30.0,3,7,2.0,1.0,2,2,16
DEMO104039,51.49439396165743,-2.641165548152976,1,4,4,09/06/2025,1,15:41,7,30.0,9,5,1.0,4.0,2,5,16
DEMO104040,53.44631267553881,-1.7083304443376788,3,1,1,06/08/2025,3,15:34,1,60.0,0,1,8.0,1.0,1,1,33
DEMO104041,53.32461780441138,-1.7795486507525973,3,3,4,02/12/2025,2,04:25,9,20.0,2,7,2.0,1.0,2,3,41
DEMO104042,56.09553042817365,-3.3925806594123245,3,5,6,16/05/2025,5,13:24,7,50.0,6,5,1.0,1.0,2,3,42
DEMO104043,52.822023585192625,-2.0151272142025816,3,6,7,03/11/2025,1,06:56,6,50.0,0,1,1.0,1.0,1,6,25
DEMO104044,51.526091035305846,-2.4389556607734,3,2,3,15/07/2025,2,06:40,9,30.0,6,1,5.0,2.0,1,4,10
DEMO104045,51.704123965138635,-0.3634068438665473,2,3,3,17/11/2025,1,22:57,3,30.0,1,5,3.0,1.0,1,5,20
DEMO104046,53.56730485029351,-2.974252362751597,2,2,2,20/06/2025,5,02:48,1,60.0,8,7,2.0,,1,2,32
DEMO104047,53.41241402239221,-2.6851239634578707,3,2,4,18/08/2025,1,09:46,7,30.0,2,1,1.0,1.0,1,6,40
DEMO104048,51.21409027127656,-2.640590949449772,3,1,1,28/04/2025,1,10:33,3,40.0,6,1,7.0,2.0,1,6,14
DEMO104049,53.61210295934769,-2.8154301647658864,3,1,2,20/08/2025,3,05:14,1,30.0,7,7,5.0,4.0,1,4,4
DEMO104050,54.1342414427125,-1.663870769443209,3,1,2,30/04/2025,3,18:39,12,30.0,2,1,4.0,2.0,1,2,27
DEMO104051,51.37849094133425,-2.459597724935623,3,3,3,11/08/2025,1,11:42,9,30.0,2,1,2.0,1.0,1,6,31
DEMO104052,56.16777991905503,-3.6485347599118674,2,2,3,15/10/2025,3,17:31,2,30.0,6,1,9.0,1.0,1,5,22
DEMO104053,55.98037200745133,-3.456181313458653,3,2,3,08/06/2025,7,09:01,9,30.0,8,5,4.0,,1,6,11
DEMO104054,51.25903690710801,0.007055488823178996,3,3,5,06/06/2025,5,21:57,1,30.0,3,5,2.0,4.0,1,5,12
DEMO104055,51.4629324509937,-2.4363473280379027,3,2,4,28/04/2025,1,17:49,9,40.0,6,1,8.0,1.0,1,1,9
DEMO104056,51.37930056153781,-2.7306576503026116,2,4,5,24/09/2025,3,07:21,3,30.0,7,1,7.0,4.0,1,2,28
DEMO104057,53.03450225442929,,3,3,3,05/08/2025,2,23:29,6,30.0,3,4,4.0,2.0,1,6,21
DEMO104058,53.55268933646476,-1.9644690881461404,3,3,3,08/07/2025,2,20:07,7,60.0,8,5,5.0,2.0,1,1,40
DEMO104059,53.26499023040061,-1.7002336855049198,3,1,1,10/01/2025,5,14:56,2,40.0,0,1,2.0,2.0,1,3,38
DEMO104060,52.25075800620817,-1.8916124700918093,2,4,5,10/02/2025,1,00:13,9,60.0,6,1,2.0,1.0,1,2,6
DEMO104061,51.42493660377811,-0.4589652797952799,3,2,3,03/01/2025,5,14:22,2,60.0,9,4,1.0,1.0,1,4,19
DEMO104062,53.660062059548785,-1.2094807685324804,1,3,6,07/11/2025,5,16:25,12,30.0,7,1,3.0,1.0,2,3,5
DEMO104063,52.74351460409944,-1.227756132910513,3,5,6,07/11/2025,5,08:15,2,40.0,6,1,1.0,1.0,2,4,2
DEMO104064,56.083730319563365,-3.071892680450032,2,1,1,25/01/2025,6,03:38,3,70.0,8,7,1.0,2.0,1,4,2
DEMO104065,51.56223587644091,-3.1393954598497293,2,4,5,17/01/2025,5,13:59,1,30.0,3,7,8.0,1.0,1,4,22
DEMO104066,51.38228882247764,-3.783543685097195,2,2,2,13/10/2025,1,19:51,3,30.0,3,1,,3.0,1,1,31
DEMO104067,53.25666240945526,-2.568627926312982,2,1,2,11/07/2025,5,07:31,7,30.0,1,6,5.0,3.0,1,3,17
DEMO104068,55.97110998424666,-3.422229754988039,2,2,3,23/04/2025,3,10:07,7,70.0,1,5,1.0,1.0,1,2,9
DEMO104069,52.4811579731357,-1.8056406254819848,3,3,3,13/08/2025,3,00:51,9,30.0,0,7,1.0,1.0,1,2,27
DEMO104070,52.395588778621935,-1.5187539587610286,3,2,2,28/03/2025,5,16:15,6,,8,7,1.0,1.0,1,3,24
DEMO104071,56.038191609720585,-3.3649126767128315,3,1,2,14/03/2025,5,20:54,6,40.0,3,4,2.0,1.0,2,3,21
DEMO104072,51.7742839888438,-3.5571374036117986,3,2,2,15/05/2025,4,18:23,3,40.0,9,1,2.0,2.0,1,4,4
DEMO104073,54.82043918187568,-5.5338084187186825,2,1,4,23/11/2025,7,10:31,7,30.0,1,1,1.0,2.0,2,5,16
DEMO104074,53.82393036395347,-1.5813445397758077,2,3,3,08/10/2025,3,01:26,9,30.0,2,4,4.0,2.0,2,1,15
DEMO104075,50.89895619032409,-0.1787843680004011,3,1,2,11/03/2025,2,11:27,3,30.0,7,1,2.0,1.0,1,6,41
DEMO104076,54.554315840509275,-5.53068288367964,3,1,1,25/07/2025,5,22:09,3,50.0,0,5,1.0,2.0,1,4,7
DEMO104077,53.200430056930905,-1.553041369437082,2,5,5,19/11/2025,3,02:33,3,50.0,6,1,1.0,1.0,2,3,28
DEMO104078,53.444168317188,-2.5253567999239697,3,5,6,14/12/2025,7,05:24,3,40.0,1,6,1.0,6.0,1,3,40
DEMO104079,55.89043738677979,-3.5211638865416086,3,3,3,06/10/2025,1,20:50,7,30.0,1,7,1.0,2.0,1,6,31
DEMO104080,51.42475081870405,-3.1800112622372456,3,1,2,17/02/2025,1,13:28,2,50.0,6,1,1.0,2.0,1,4,43
DEMO104081,53.9945599971155,-1.339761750323676,3,1,4,29/03/2025,6,04:57,9,40.0,7,5,4.0,1.0,1,1,11
DEMO104082,55.91230994259527,-3.2573987409110776,3,2,3,21/03/2025,5,00:17,2,60.0,1,6,4.0,2.0,1,2,34
DEMO104083,55.90447898559763,-3.215452935683544,2,5,6,25/02/2025,2,09:19,3,20.0,2,4,6.0,1.0,1,6,22
DEMO104084,53.04058692088669,-1.3448105259265541,3,1,1,05/03/2025,3,14:02,1,60.0,2,7,4.0,1.0,1,1,24
DEMO104085,53.19074884715974,-1.594221828285145,3,2,3,26/04/2025,6,20:44,3,,1,1,2.0,1.0,1,2,12
DEMO104086,53.74000717853858,-1.1720094533606278,3,1,2,22/07/2025,2,21:04,9,40.0,9,1,1.0,1.0,2,1,2
DEMO104087,54.35065379356975,-5.96321836794251,3,3,4,26/05/2025,1,10:17,12,30.0,8,1,1.0,1.0,1,5,25
DEMO104088,54.709384061041355,-6.11614768296766,3,5,6,03/06/2025,2,10:54,3,40.0,1,1,3.0,,2,5,9
DEMO104089,54.638976524269765,-5.53573988909071,2,1,1,31/03/2025,1,22:36,3,30.0,2,1,1.0,2.0,2,4,5
DEMO104090,56.236560097325714,-4.319523693612666,3,4,5,25/02/2025,2,18:33,9,40.0,1,6,1.0,1.0,1,3,17
DEMO104091,51.21333810447032,-0.17042476550725136,3,3,4,31/12/2025,3,05:48,7,30.0,2,4,8.0,,1,1,42
DEMO104092,51.629116548112535,-2.65024733362129,3,4,5,07/08/2025,4,16:46,7,30.0,9,1,1.0,2.0,1,1,28
DEMO104093,53.092780773396626,-3.383031020003697,3,1,3,25/03/2025,2,17:53,3,30.0,1,1,1.0,1.0,1,5,6
DEMO104094,54.418054268937304,-6.0326190833558675,3,1,2,23/10/2025,4,05:39,7,60.0,9,1,8.0,2.0,2,3,27
DEMO104095,52.568574644659996,-1.110506829167665,3,3,4,31/10/2025,5,23:26,1,60.0,8,1,1.0,1.0,1,6,14
DEMO104096,52.967225263693294,-1.2627670845111616,3,4,4,19/12/2025,5,07:07,3,40.0,8,4,1.0,1.0,2,5,44
DEMO104097,52.53528283180758,-1.6569638896757821,3,1,1,28/02/2025,5,13:22,12,30.0,6,1,1.0,5.0,1,5,7
DEMO104098,55.89530451665405,-3.4312386060892193,3,4,4,22/08/2025,5,11:42,1,30.0,2,6,2.0,4.0,2,5,25
DEMO104099,51.06119698376776,-2.522742788605732,2,1,4,24/12/2025,3,16:15,3,70.0,8,7,8.0,1.0,1,2,14
DEMO104100,,-2.0178960494298783,3,6,6,22/10/2025,3,21:40,3,60.0,8,4,4.0,2.0,1,1,1
DEMO104101,54.62055758240671,-5.708703364225183,3,5,5,24/03/2025,1,09:08,2,60.0,6,5,2.0,1.0,2,5,5
DEMO104102,53.3161721405203,-1.8787060381303868,2,2,2,22/11/2025,6,09:03,12,50.0,0,7,1.0,4.0,1,1,12
DEMO104103,51.502318167808944,0.16201840913209206,3,3,3,03/06/2025,2,18:21,2,50.0,1,1,1.0,1.0,1,6,41
DEMO104104,51.701929043827036,-0.11368417868251893,3,4,6,28/06/2025,6,22:13,6,30.0,0,1,3.0,1.0,1,1,27
DEMO104105,53.30510259524214,-3.0033434028657227,3,3,4,23/07/2025,3,21:52,9,30.0,1,1,1.0,2.0,1,4,16
DEMO104106,52.29052127466903,-1.9184242005941936,3,4,5,09/10/2025,4,18:22,1,60.0,6,1,1.0,1.0,2,5,25
DEMO104107,51.46704038492536,-3.4408811645340123,3,6,10,13/02/2025,4,16:25,2,30.0,9,1,4.0,1.0,1,5,25
DEMO104108,53.281600090369416,-0.9456717912602848,3,3,3,16/07/2025,3,18:24,3,20.0,8,4,6.0,2.0,1,1,37
DEMO104109,53.8917146382643,-2.0627036633591347,2,4,5,26/10/2025,7,22:19,2,60.0,7,1,7.0,2.0,1,5,26
DEMO104110,51.23571478569812,-0.22688181857896908,3,3,5,20/07/2025,7,00:55,3,60.0,8,1,6.0,1.0,1,4,11
DEMO104111,53.6524667289785,-2.6078508115748007,3,6,7,11/04/2025,5,14:44,7,30.0,7,1,2.0,2.0,1,1,9
DEMO104112,52.41165696672848,-2.2861628153131144,3,2,3,21/01/2025,2,00:09,3,40.0,3,1,5.0,1.0,1,1,16
DEMO104113,54.555225323983585,-5.818983954078778,3,2,2,20/07/2025,7,13:12,7,20.0,8,4,7.0,1.0,1,1,44
DEMO104114,53.56880356691601,-1.3708921617367278,3,2,3,14/09/2025,7,09:04,12,30.0,2,1,1.0,1.0,1,5,12
DEMO104115,53.435099383719454,-3.1328217799421414,3,1,1,20/07/2025,7,07:15,3,30.0,9,1,2.0,1.0,2,3,40
DEMO104116,51.15565273411462,-0.38312983112152776,3,3,3,24/12/2025,3,21:39,3,50.0,1,1,1.0,1.0,1,6,41
DEMO104117,52.2834152609067,-2.2986456629735836,1,1,1,08/08/2025,5,17:56,1,30.0,7,5,9.0,4.0,2,2,9
DEMO104118,53.590230499091575,-2.360223758212141,2,2,4,05/07/2025,6,13:28,1,60.0,6,1,,2.0,1,4,19
DEMO104119,51.53020304075326,-0.3212545847833519,2,4,6,21/01/2025,2,21:04,3,20.0,3,5,5.0,1.0,2,6,42
DEMO104120,55.72851941144048,-4.60364953576489,2,4,4,23/07/2025,3,02:02,6,20.0,3,6,1.0,1.0,1,2,7
DEMO104121,54.56237696949892,-5.697096017389386,3,3,3,03/03/2025,1,15:24,3,30.0,0,1,8.0,3.0,2,1,42
DEMO104122,54.72279820635634,-6.14328807868888,3,1,2,22/09/2025,1,03:15,3,50.0,8,1,1.0,3.0,1,3,37
DEMO104123,53.86972217368731,-1.445283162099548,3,2,3,28/02/2025,5,05:34,2,70.0,2,4,1.0,1.0,2,6,27
DEMO104124,56.072483432890536,-3.401761855940072,3,2,2,27/11/2025,4,04:07,7,30.0,6,1,3.0,1.0,1,5,42
DEMO104125,52.740955036442784,-1.0351847981968918,2,2,4,21/04/2025,1,13:13,3,40.0,8,6,5.0,1.0,2,4,4
DEMO104126,51.38003422090431,-0.08342219930324783,2,3,5,08/06/2025,7,15:33,9,20.0,7,6,6.0,1.0,1,5,18
DEMO104127,52.83456985716239,-1.6470047065403288,3,4,5,22/02/2025,6,18:16,7,20.0,9,1,1.0,1.0,2,6,2
DEMO104128,52.88339898033868,-1.54677035304878,3,4,4,18/03/2025,2,10:21,3,20.0,1,1,1.0,1.0,1,1,14
DEMO104129,53.32567318771612,-3.180419399923917,2,3,4,03/12/2025,3,22:13,7,20.0,2,5,2.0,2.0,1,1,25
DEMO104130,51.529492410644565,0.08817111891690857,1,4,4,14/04/2025,1,08:03,1,60.0,2,4,1.0,3.0,2,5,25
DEMO104131,54.63699825480241,-6.091252415258529,2,3,3,07/07/2025,1,03:20,7,50.0,9,1,6.0,1.0,1,2,26
DEMO104132,55.68465744961855,-4.350906921296404,3,3,5,25/12/2025,4,00:19,3,60.0,8,6,1.0,1.0,1,2,2
DEMO104133,52.506737045591926,-1.0322792449733222,3,3,4,16/08/2025,6,03:53,6,60.0,8,1,1.0,1.0,1,2,40
DEMO104134,54.53940164546124,-6.007022914129162,2,4,7,16/01/2025,4,10:53,6,60.0,7,7,2.0,1.0,2,6,43
DEMO104135,54.593826600195605,-5.908916301528462,3,3,3,11/05/2025,7,09:25,7,30.0,2,6,4.0,1.0,1,6,32
DEMO104136,54.27883808390654,-5.964372813494209,2,4,4,22/05/2025,4,20:17,7,30.0,3,1,6.0,5.0,1,6,31
DEMO104137,53.848800609286634,-1.6353908150894911,3,2,3,11/04/2025,5,03:25,2,30.0,7,1,1.0,1.0,2,6,18
DEMO104138,51.54199586697916,-3.5148586516077556,3,2,2,30/03/2025,7,06:36,6,20.0,0,1,1.0,2.0,1,1,42
DEMO104139,53.12988077547054,-1.2754271874941918,3,4,4,03/07/2025,4,23:23,2,30.0,7,6,8.0,1.0,1,5,33
DEMO104140,55.66660155081022,-4.127160948848093,3,4,6,18/05/2025,7,00:45,3,20.0,9,1,2.0,1.0,2,6,28
DEMO104141,51.54772767561528,-3.2609134771488053,1,2,3,18/04/2025,5,10:57,3,50.0,2,1,1.0,3.0,1,4,33
DEMO104142,52.58550145974747,-1.7774211126900141,2,2,2,31/05/2025,6,04:24,7,30.0,8,5,1.0,4.0,1,6,43
DEMO104143,53.674394505092536,-3.075345913509949,3,3,3,06/05/2025,2,12:07,7,40.0,6,1,9.0,1.0,1,1,17
DEMO104144,52.63952827068452,-1.7793353121158073,3,2,2,25/03/2025,2,23:07,9,30.0,0,1,4.0,3.0,1,6,5
DEMO104145,53.990912873363676,-1.7023269344995393,2,2,2,15/06/2025,7,05:52,6,30.0,2,6,1.0,1.0,2,5,23
DEMO104146,51.48192081380663,-2.8730016069266697,3,2,3,10/12/2025,3,08:24,9,30.0,6,4,,2.0,2,2,9
DEMO104147,51.400274302349445,-2.9761494050526207,2,4,5,04/07/2025,5,10:19,9,40.0,8,4,1.0,1.0,2,4,28
DEMO104148,51.71015634081504,-3.448137375242969,3,2,2,07/08/2025,4,19:37,2,60.0,3,1,1.0,1.0,2,1,40
DEMO104149,51.226040958100114,-2.7594453001173425,3,2,3,26/12/2025,5,23:57,9,50.0,1,4,1.0,2.0,2,6,11
DEMO104150,54.075399871566454,-1.5520265469847432,3,1,1,12/08/2025,2,02:25,3,70.0,0,4,1.0,2.0,1,2,18
DEMO104151,53.0973112725268,-1.5960284277576164,3,5,6,23/03/2025,7,11:18,3,30.0,8,1,1.0,2.0,1,2,12
DEMO104152,51.42106980395144,-3.322009725777418,2,3,4,26/05/2025,1,18:51,12,60.0,2,7,1.0,1.0,2,1,44
DEMO104153,54.311217973922325,-6.093403752132554,3,1,1,28/06/2025,6,00:04,3,50.0,7,1,2.0,2.0,1,5,22
DEMO104154,53.46813799466796,-2.3130732826177876,3,4,4,23/06/2025,1,19:50,12,70.0,2,1,2.0,1.0,2,1,2
DEMO104155,53.36648562430686,-2.305384678100204,2,4,4,24/02/2025,1,05:31,9,30.0,8,6,5.0,1.0,2,2,38
DEMO104156,55.57933846143174,-4.370956239833047,2,3,4,08/02/2025,6,12:01,9,60.0,2,1,1.0,1.0,1,6,16
DEMO104157,53.69792408952779,-1.59629216446213,2,1,2,08/05/2025,4,23:13,7,40.0,0,7,6.0,1.0,1,6,32
DEMO104158,53.64334930760525,-1.897607393696993,3,3,3,30/11/2025,7,15:40,7,30.0,6,1,7.0,1.0,1,3,31
DEMO104159,51.505612226977,0.4299101080286537,3,1,2,19/09/2025,5,23:45,3,30.0,8,1,8.0,1.0,2,6,10
DEMO104160,51.411059242322416,-2.4726808482515086,3,5,6,04/11/2025,2,14:11,3,30.0,9,1,1.0,1.0,2,3,33
DEMO104161,51.172214609701854,-2.671388644374491,2,3,4,05/03/2025,3,05:39,9,60.0,9,1,1.0,1.0,1,3,2
DEMO104162,52.92196069954707,-1.3803647149356606,2,2,4,01/06/2025,7,16:59,3,70.0,3,7,3.0,1.0,1,2,9
DEMO104163,53.76406504275722,-2.4253370812683688,3,4,6,01/08/2025,5,14:41,6,50.0,7,7,1.0,2.0,1,3,42
DEMO104164,55.87097983766203,-4.3143334439678425,3,1,1,08/06/2025,7,07:42,12,30.0,7,4,1.0,1.0,1,4,12
DEMO104165,55.799126514033425,-3.9857867226473793,3,4,4,02/06/2025,1,01:11,3,30.0,7,1,1.0,1.0,1,4,15
DEMO104166,53.54299438111922,-3.244157198128898,2,3,3,12/05/2025,1,15:38,9,30.0,1,1,3.0,1.0,2,4,22
DEMO104167,53.70857551897234,-2.1625765504357912,3,1,2,19/01/2025,7,13:42,3,50.0,8,1,5.0,4.0,1,1,23
DEMO104168,53.203283721058696,-1.289635208180136,3,3,3,09/11/2025,7,18:06,1,20.0,9,1,1.0,6.0,1,2,16
DEMO104169,55.92618912830164,-4.0273957700388445,3,4,6,07/12/2025,7,03:18,7,50.0,1,1,8.0,1.0,2,2,2
DEMO104170,51.15894036925579,-2.68456062192633,2,3,3,30/01/2025,4,12:52,6,30.0,2,1,5.0,4.0,2,6,13
DEMO104171,53.97936553674802,-1.7377847285188037,3,1,2,31/05/2025,6,19:59,9,30.0,0,1,,,1,5,18
DEMO104172,52.8841549317294,-1.3308851964680473,3,2,2,09/07/2025,3,21:10,1,20.0,3,5,2.0,3.0,1,1,41
DEMO104173,51.35972994638198,-2.177954223881704,3,5,8,14/10/2025,2,22:43,2,20.0,6,1,1.0,1.0,1,3,12
DEMO104174,51.27918043870398,-2.6064309403897483,2,2,3,27/12/2025,6,05:30,9,60.0,2,1,7.0,1.0,1,1,17
DEMO104175,51.552121798351266,-2.3333045641704153,3,3,3,01/06/2025,7,04:35,6,40.0,6,1,4.0,1.0,1,4,43
DEMO104176,53.97306561648701,-1.473015676574419,3,5,5,01/10/2025,3,13:30,6,40.0,8,5,4.0,2.0,1,1,17
DEMO104177,55.74400824802152,-4.113833451591756,3,1,1,09/12/2025,2,11:52,3,20.0,1,5,4.0,1.0,1,5,16
DEMO104178,53.52410658695727,-3.0892827770827687,3,3,3,31/10/2025,5,05:26,12,,8,1,1.0,1.0,1,3,5
DEMO104179,53.60626920630464,-3.026499394590196,2,1,2,17/04/2025,4,02:35,12,30.0,8,6,8.0,1.0,1,2,8
DEMO104180,53.4469879020964,-1.7322487010179934,2,3,4,26/10/2025,7,03:40,6,30.0,7,5,7.0,4.0,1,6,24
DEMO104181,51.45459987390512,-2.837499063260017,3,1,2,31/05/2025,6,08:33,3,50.0,2,1,4.0,1.0,1,5,32
DEMO104182,52.45877182932369,-1.9554678749987833,3,3,3,07/01/2025,2,17:52,12,30.0,9,1,2.0,2.0,1,6,5
DEMO104183,51.363481566327344,-3.26905469928844,2,3,4,04/10/2025,6,01:14,9,60.0,2,7,1.0,1.0,1,5,17
DEMO104184,51.64440490314095,-0.1711710401546071,3,1,1,01/11/2025,6,02:56,6,60.0,0,1,1.0,3.0,1,6,2
DEMO104185,53.159904582054466,-0.9816118730492851,3,3,3,06/05/2025,2,06:40,7,40.0,1,1,,1.0,1,2,35
DEMO104186,53.82448468212076,-1.1127090218819005,2,2,2,14/06/2025,6,20:57,3,30.0,9,4,3.0,1.0,1,3,41
DEMO104187,53.40073777556878,-2.4892266543313437,3,3,5,13/05/2025,2,23:22,3,30.0,1,1,5.0,1.0,1,1,2
DEMO104188,51.59592110290925,-0.04581981989488125,3,4,4,12/02/2025,3,10:28,7,50.0,3,6,8.0,1.0,1,2,8
DEMO104189,51.319043612490894,-3.329685676757811,3,5,5,30/12/2025,2,01:02,7,30.0,8,6,1.0,,1,6,17
DEMO104190,53.634744674586926,-3.3985407961873535,3,4,4,09/01/2025,4,00:55,6,60.0,7,6,1.0,1.0,1,3,31
DEMO104191,51.65994618836995,-2.030715313480949,3,1,2,22/07/2025,2,20:48,9,50.0,8,4,1.0,1.0,1,6,1
DEMO104192,55.95365323569616,-4.278549979742274,3,3,5,06/01/2025,1,10:17,6,30.0,2,5,,1.0,1,5,19
DEMO104193,51.4303243600943,-0.22841404493265233,2,3,3,09/09/2025,2,01:03,9,30.0,8,1,5.0,1.0,1,1,2
DEMO104194,52.92031919308341,-0.9537294903137105,3,3,4,25/11/2025,2,20:41,3,30.0,0,7,2.0,1.0,1,6,34
DEMO104195,53.09517284713588,-2.423837542659655,2,3,6,23/08/2025,6,12:40,12,30.0,2,1,2.0,3.0,1,2,15
DEMO104196,52.816913235525845,-1.0940946892552168,3,3,4,10/08/2025,7,08:31,3,70.0,1,1,2.0,1.0,1,3,24
DEMO104197,52.61847140825081,-1.2905018291712353,3,6,6,30/10/2025,4,10:09,3,40.0,3,7,1.0,1.0,1,3,6
DEMO104198,,-5.942904347733383,3,2,2,22/12/2025,1,05:55,7,50.0,1,7,1.0,1.0,2,5,11
DEMO104199,53.91046728910115,-2.006673695570998,3,2,3,11/11/2025,2,22:25,2,30.0,7,1,1.0,2.0,1,6,24
DEMO104200,55.77483917458749,-4.454172747243537,3,1,1,26/03/2025,3,18:43,3,30.0,1,1,1.0,2.0,1,1,8
DEMO104201,55.697213237025046,-4.4512298111659065,2,2,3,25/07/2025,5,04:51,9,30.0,3,1,2.0,4.0,2,1,44
DEMO104202,51.515179365159895,-2.52134264053149,2,4,5,26/10/2025,7,17:32,3,70.0,0,5,1.0,1.0,1,3,8
DEMO104203,52.554946197239346,-1.5796554907114504,2,2,2,18/04/2025,5,04:05,9,50.0,3,1,4.0,1.0,2,6,40
DEMO104204,54.046543034158475,-1.6753742623697578,2,2,3,04/09/2025,4,10:53,3,30.0,8,1,2.0,1.0,1,2,30
DEMO104205,55.907174962835384,-2.970450337525435,3,3,3,09/01/2025,4,17:40,3,70.0,2,1,2.0,2.0,1,2,22
DEMO104206,51.32168219408217,-3.093649687930916,2,2,3,17/11/2025,1,00:53,3,30.0,8,7,8.0,1.0,1,3,36
DEMO104207,54.492340622791254,-6.000835039502529,3,1,1,13/08/2025,3,17:36,6,40.0,3,7,,2.0,1,3,20
DEMO104208,53.69739098758759,-2.072740076215177,3,1,2,29/09/2025,1,05:54,3,60.0,2,7,3.0,1.0,1,1,6
DEMO104209,53.676491024545214,-1.6635308445904438,3,3,4,29/10/2025,3,16:52,3,40.0,2,6,1.0,2.0,1,1,40
DEMO104210,52.37885105933551,-1.6463358220835678,3,2,2,21/03/2025,5,11:12,3,70.0,2,1,4.0,1.0,1,6,15
DEMO104211,55.83721646825685,-4.309119504324878,3,3,3,14/06/2025,6,00:10,1,60.0,8,1,2.0,2.0,1,1,28
DEMO104212,51.703437166185424,-2.4151639621049403,3,2,3,10/11/2025,1,18:09,7,20.0,1,1,1.0,1.0,1,5,18
DEMO104213,55.99656432148423,-4.20214569876169,3,2,3,02/03/2025,7,06:47,6,50.0,9,1,1.0,2.0,1,2,34
DEMO104214,55.75826790757734,-4.230535486023305,2,2,2,28/10/2025,2,22:14,3,50.0,8,5,4.0,1.0,1,6,40
DEMO104215,54.383645475144725,-6.743069127043631,3,4,4,16/04/2025,3,20:27,3,30.0,3,1,4.0,1.0,1,6,24
DEMO104216,53.286611808113726,-3.1279555843647553,2,1,4,30/07/2025,3,04:47,9,60.0,9,7,4.0,2.0,1,4,20
DEMO104217,51.602651158907705,-2.8268735310135895,3,5,6,06/07/2025,7,14:25,3,60.0,1,1,2.0,1.0,1,6,10
DEMO104218,52.68131336022166,-1.0257875003007206,3,2,2,08/09/2025,1,08:03,12,30.0,8,1,3.0,1.0,2,6,28
DEMO104219,52.51793699907209,-1.9459341741147271,3,1,1,02/11/2025,7,14:21,3,30.0,2,6,2.0,1.0,1,2,16
DEMO104220,52.415519485569256,-2.291740627858272,3,1,2,08/05/2025,4,13:05,12,30.0,7,4,1.0,1.0,1,4,40
DEMO104221,52.81818165838736,-1.022430090736652,3,4,6,04/03/2025,2,07:23,3,30.0,0,1,2.0,1.0,1,6,42
DEMO104222,55.86080543723762,-3.2280915739734883,3,1,2,04/06/2025,3,15:44,6,40.0,8,5,2.0,1.0,1,5,36
DEMO104223,53.107458348680865,-1.1723267175576655,3,2,2,12/08/2025,2,06:31,3,50.0,2,4,5.0,1.0,1,1,24
DEMO104224,56.044303281735765,-3.077855020722189,3,2,3,01/10/2025,3,21:40,12,30.0,7,1,2.0,1.0,1,5,11
DEMO104225,53.66224408420535,-2.1819248114837277,3,5,6,02/10/2025,4,22:06,3,40.0,9,1,2.0,1.0,1,3,16
DEMO104226,53.257117405233515,-2.508414199175404,3,3,4,05/05/2025,1,03:45,9,30.0,0,7,9.0,1.0,2,4,1
DEMO104227,53.07408625408709,-1.251520228467213,3,4,4,08/12/2025,1,17:25,1,70.0,9,1,7.0,2.0,1,4,1
DEMO104228,51.48271884418272,-2.571048049108801,2,3,3,31/01/2025,5,22:17,7,60.0,6,1,1.0,1.0,1,6,10
DEMO104229,51.500113083536036,-0.04859649188692186,2,1,3,12/02/2025,3,03:39,9,30.0,8,1,7.0,4.0,2,1,18
DEMO104230,51.414247614217466,-0.17969276137072843,3,2,4,10/01/2025,5,17:08,6,30.0,6,4,,2.0,1,3,32
DEMO104231,54.23601722537563,-6.0467702333488225,3,2,3,05/12/2025,5,22:29,7,70.0,8,7,6.0,1.0,1,4,14
DEMO104232,53.531271375502364,-1.2582300138982658,3,1,1,07/03/2025,5,05:25,9,30.0,9,1,1.0,2.0,1,2,23
DEMO104233,53.26469331130133,-1.1614049876313444,2,3,4,08/08/2025,5,13:09,6,60.0,3,6,,1.0,2,3,19
DEMO104234,53.92389533554087,-1.588776131177666,3,1,1,24/10/2025,5,19:57,3,20.0,8,6,9.0,1.0,2,5,34
DEMO104235,51.622299879721936,0.0030955252172501224,3,5,5,07/10/2025,2,08:21,3,30.0,9,1,1.0,1.0,1,6,22
DEMO104236,54.70095577550466,-6.147960674320677,2,2,2,13/12/2025,6,05:02,9,40.0,8,6,6.0,1.0,1,6,28
DEMO104237,52.46925580368122,-1.7349627345486223,3,4,4,20/01/2025,1,09:26,3,30.0,9,7,2.0,1.0,1,2,29
DEMO104238,55.538824859081174,-3.4104421632235047,3,4,6,29/05/2025,4,08:57,7,60.0,8,7,1.0,1.0,1,5,12
DEMO104239,53.18661014449111,-2.1933211315821834,2,5,5,04/07/2025,5,17:40,2,70.0,2,4,8.0,1.0,2,6,41
DEMO104240,51.29893576842329,-2.480908149212463,3,3,3,12/09/2025,5,08:38,12,40.0,8,1,2.0,1.0,1,5,15
DEMO104241,54.128334388619784,-1.2320649035066227,3,1,3,16/08/2025,6,09:54,7,30.0,8,1,6.0,1.0,1,3,25
DEMO104242,56.119997063261,-3.681835992710945,2,2,2,24/07/2025,4,22:05,6,50.0,0,1,6.0,1.0,1,3,29
DEMO104243,51.46938387629719,0.2576574784026162,3,1,4,22/04/2025,2,13:33,9,60.0,1,4,1.0,1.0,2,6,39
DEMO104244,51.33875708953366,-2.2960688783872167,3,2,2,08/02/2025,6,22:19,9,20.0,2,1,1.0,2.0,2,3,9
DEMO104245,53.81933038344604,-1.42148752337078,1,1,2,07/06/2025,6,17:40,2,30.0,8,5,1.0,1.0,1,4,44
DEMO104246,53.94784242431047,-1.6225132395648916,2,3,6,05/04/2025,6,21:51,3,40.0,8,6,2.0,1.0,2,6,5
DEMO104247,53.529577446789794,-1.9858024382935813,3,2,2,22/07/2025,2,04:04,6,30.0,8,1,1.0,1.0,1,3,2
DEMO104248,51.22590911590362,-2.7254386288892474,3,6,7,18/10/2025,6,22:09,3,60.0,0,7,1.0,4.0,2,4,7
DEMO104249,51.70749940703759,-2.6513088623774057,3,3,4,21/07/2025,1,22:57,3,60.0,0,1,5.0,2.0,1,1,3
DEMO104250,53.489711154445494,-2.641391895795823,2,2,3,01/08/2025,5,00:29,3,60.0,2,1,1.0,1.0,1,2,34
DEMO104251,51.35809711624966,-2.349636444195956,2,3,4,16/01/2025,4,08:18,2,50.0,8,6,,2.0,2,5,41
DEMO104252,54.65549415460973,-5.629126769852471,3,4,5,24/08/2025,7,09:09,2,60.0,8,1,2.0,1.0,1,5,23
DEMO104253,51.66776182451258,-2.3986860135302503,3,2,3,10/06/2025,2,10:21,3,30.0,9,1,1.0,2.0,1,1,4
DEMO104254,51.5185878028704,-2.5818192776404407,3,3,3,15/02/2025,6,18:00,2,20.0,1,7,1.0,1.0,2,6,9
DEMO104255,53.87495584017977,-1.8309969638358963,3,2,2,20/03/2025,4,16:13,6,40.0,8,7,1.0,3.0,2,5,9
DEMO104256,54.07153936842772,-1.6633179330390702,3,2,3,12/10/2025,7,05:10,3,30.0,7,6,3.0,1.0,1,3,24
DEMO104257,52.36871634080897,-1.7241900485877124,3,7,7,01/12/2025,1,14:05,1,60.0,9,1,1.0,1.0,1,4,7
DEMO104258,53.2037330109557,-1.5158408922061324,3,4,5,05/07/2025,6,23:58,9,,8,1,5.0,1.0,2,6,34
DEMO104259,51.42288745417961,,3,2,2,23/12/2025,2,10:47,7,30.0,6,1,5.0,1.0,1,6,25
DEMO104260,53.632448315923526,-2.382884384409462,2,3,4,07/03/2025,5,22:56,9,20.0,8,1,1.0,1.0,1,6,33
DEMO104261,53.653260211734,-2.5072695286834357,3,2,3,20/04/2025,7,15:14,12,30.0,2,7,6.0,5.0,1,3,23
DEMO104262,53.829868979393524,-1.4856589770977542,3,2,3,06/12/2025,6,22:17,7,30.0,8,1,8.0,2.0,1,1,24
DEMO104263,55.80082956078839,-2.9793551511478116,3,2,3,05/03/2025,3,21:16,9,50.0,8,5,1.0,2.0,1,4,5
DEMO104264,53.70152654816852,-1.4155354442303405,3,2,3,29/08/2025,5,00:33,3,60.0,9,1,,1.0,1,5,22
DEMO104265,54.388265427727866,-6.2842950961349064,3,2,3,22/03/2025,6,19:10,7,30.0,2,4,1.0,3.0,1,3,28
DEMO104266,51.372045193662274,-2.6775134101678297,2,4,4,01/05/2025,4,04:14,6,60.0,8,1,4.0,2.0,1,3,17
DEMO104267,54.47053003567301,-6.178694272500533,3,2,3,24/06/2025,2,19:58,7,50.0,1,1,1.0,1.0,1,4,1
DEMO104268,51.698417816864975,-0.15873992524702446,2,2,2,12/05/2025,1,19:21,2,30.0,8,1,5.0,1.0,1,5,28
DEMO104269,52.92291910320324,-0.9721674132089508,2,3,3,16/11/2025,7,06:46,12,20.0,9,7,,1.0,1,3,38
DEMO104270,56.2494498060712,-3.161523595040284,2,3,3,22/12/2025,1,01:13,3,20.0,0,5,8.0,1.0,2,6,3
DEMO104271,53.09893669796977,-1.146654243706055,2,1,3,02/07/2025,3,10:55,9,40.0,7,5,9.0,1.0,1,5,10
DEMO104272,54.42974643174908,-5.547483719898972,2,1,1,11/07/2025,5,07:41,12,60.0,8,1,1.0,1.0,2,6,27
DEMO104273,53.743771600762976,,2,2,3,21/01/2025,2,13:51,9,50.0,8,5,3.0,1.0,1,4,10
DEMO104274,51.411297836810874,0.14495203661997644,2,3,4,27/03/2025,4,01:30,3,60.0,1,5,1.0,1.0,2,5,42
DEMO104275,56.202402613856755,-3.2555024213568498,3,2,2,15/01/2025,3,01:54,3,40.0,9,1,1.0,3.0,1,2,31
DEMO104276,51.65970193855285,0.47857666810598476,3,2,3,09/11/2025,7,10:21,7,30.0,9,5,1.0,1.0,2,2,4
DEMO104277,55.6677872806909,-3.1168985317148077,3,5,6,24/03/2025,1,18:28,6,20.0,8,6,8.0,2.0,1,6,24
DEMO104278,55.95871344408789,-4.679934463653486,3,5,5,05/05/2025,1,07:03,3,60.0,3,7,4.0,1.0,1,5,40
DEMO104279,51.4702943774967,-3.2657370535458203,2,4,5,04/11/2025,2,07:10,7,30.0,7,7,1.0,6.0,1,3,30
DEMO104280,53.17884472182159,-3.292995219498136,3,2,2,18/09/2025,4,03:46,9,60.0,0,1,9.0,2.0,1,6,26
DEMO104281,51.33277068365525,,3,4,4,15/08/2025,5,06:19,3,30.0,8,1,5.0,3.0,1,4,7
DEMO104282,53.44191916306428,-2.4103528575503534,2,2,4,15/01/2025,3,07:06,2,30.0,0,1,1.0,1.0,2,2,17
DEMO104283,53.00999293948134,-2.6883384102420202,3,4,6,25/07/2025,5,06:17,7,50.0,2,1,2.0,1.0,1,3,16
DEMO104284,52.526039416889915,-1.6587974136539547,3,2,3,24/07/2025,4,08:21,7,40.0,1,1,4.0,1.0,1,5,9
DEMO104285,55.96859258198252,-3.465129011725432,3,1,1,27/04/2025,7,06:43,9,50.0,8,1,4.0,1.0,1,6,15
DEMO104286,55.81844624202913,-4.614471251074684,3,2,2,29/09/2025,1,16:05,9,20.0,7,5,2.0,2.0,1,6,34
DEMO104287,55.95979638228147,-2.9488965041301105,3,5,5,06/12/2025,6,08:01,3,20.0,8,4,2.0,1.0,1,4,43
DEMO104288,55.91263280665819,-3.268198333659031,3,3,3,05/04/2025,6,18:43,7,40.0,0,5,1.0,1.0,1,5,37
DEMO104289,53.59848662792333,-1.5444490330153389,2,4,4,01/05/2025,4,14:08,9,40.0,3,7,2.0,3.0,1,3,34
DEMO104290,51.3920983024367,-0.08702018678571122,2,2,3,28/04/2025,1,15:25,3,20.0,3,1,1.0,1.0,2,5,39
DEMO104291,54.457434766213424,-6.630031767734428,3,6,6,01/11/2025,6,14:40,1,30.0,7,1,1.0,2.0,1,4,43
DEMO104292,53.52176566625554,-3.008260422603214,2,4,5,29/01/2025,3,22:30,7,50.0,1,5,1.0,1.0,1,5,20
DEMO104293,52.29441193813017,-1.6148400988320055,3,5,5,24/11/2025,1,06:07,1,40.0,7,4,3.0,1.0,1,6,27
DEMO104294,54.49783338739503,-6.352072957006839,3,4,4,10/10/2025,5,23:43,12,30.0,3,1,2.0,1.0,1,6,14
DEMO104295,54.60208202750396,-5.73387678978953,3,3,3,26/06/2025,4,04:02,3,70.0,9,6,2.0,1.0,1,5,31
DEMO104296,53.1340582446152,-3.0436605756091017,3,2,3,01/08/2025,5,03:13,3,20.0,3,1,1.0,2.0,1,5,19
DEMO104297,55.87126894965072,-3.4612093027204294,2,3,3,23/11/2025,7,19:06,12,30.0,1,4,8.0,3.0,1,3,11
DEMO104298,51.51152757934258,-0.04465257564099144,3,3,4,08/10/2025,3,21:30,2,20.0,1,7,1.0,1.0,1,1,20
DEMO104299,52.513984820804716,-1.8945329480585367,2,2,2,12/04/2025,6,02:41,1,30.0,2,1,2.0,1.0,1,3,5
DEMO104300,53.86163355019409,-1.221985342824095,3,3,3,19/01/2025,7,14:38,2,50.0,2,4,1.0,2.0,1,4,39
DEMO104301,53.24191577517422,-1.6040949759090526,3,3,3,29/08/2025,5,12:08,12,20.0,8,1,4.0,1.0,1,2,25
DEMO104302,52.287317755178954,-1.5809520329600653,3,2,4,23/02/2025,7,05:20,12,20.0,8,1,2.0,1.0,1,2,7
DEMO104303,51.42111734045615,-0.1366617115248238,3,3,7,02/02/2025,7,12:08,3,30.0,0,1,2.0,1.0,1,3,32
DEMO104304,55.89711036982398,-4.147966341143306,3,1,2,25/12/2025,4,16:20,9,20.0,9,4,6.0,2.0,1,3,1
DEMO104305,55.89898650903141,-3.2727479004295517,3,2,6,22/06/2025,7,13:13,9,30.0,0,4,4.0,1.0,1,6,29
DEMO104306,55.661161764809734,-4.482443220988392,3,6,7,26/08/2025,2,12:44,2,30.0,8,7,2.0,1.0,1,2,36
DEMO104307,56.34995994095124,-2.961654646918973,2,3,3,21/03/2025,5,21:45,3,30.0,1,5,2.0,5.0,2,5,41
DEMO104308,55.80903862033776,-3.1993660294035613,3,5,7,07/02/2025,5,05:49,9,60.0,3,1,8.0,4.0,2,6,4
DEMO104309,53.140393013666525,-1.5491458288491322,3,3,4,23/01/2025,4,14:12,3,30.0,8,6,,1.0,1,5,17
DEMO104310,52.82793659251466,-0.9192727305817341,3,5,5,10/05/2025,6,07:00,6,20.0,2,1,4.0,2.0,2,5,25
DEMO104311,51.6369974902927,-2.819552934070589,2,3,5,02/01/2025,4,23:02,3,40.0,1,5,5.0,4.0,2,4,8
DEMO104312,51.55700671503008,-2.7154503040525886,3,3,3,03/06/2025,2,06:50,7,30.0,8,1,7.0,1.0,1,3,2
DEMO104313,52.80735745640304,-1.496192967002418,2,1,1,29/04/2025,2,20:54,3,20.0,8,6,8.0,2.0,1,5,7
DEMO104314,55.771202862807975,-3.3759219728834955,3,4,4,12/07/2025,6,15:12,3,30.0,9,7,1.0,1.0,1,3,9
DEMO104315,53.74637121632494,-1.4981534400573113,2,6,6,04/08/2025,1,05:52,1,30.0,7,1,9.0,1.0,2,6,2
DEMO104316,54.77964308839981,-5.723304469592943,3,1,2,23/04/2025,3,18:31,12,30.0,0,4,4.0,2.0,2,5,13
DEMO104317,51.26560016503237,-3.4138248511962086,2,3,4,16/06/2025,1,05:11,2,30.0,7,4,3.0,2.0,1,6,25
DEMO104318,51.690307204778165,-3.413592695293441,2,5,6,29/01/2025,3,06:18,3,40.0,8,1,2.0,1.0,1,3,11
DEMO104319,51.51364206028942,-0.23088402168678956,2,3,5,21/04/2025,1,08:15,3,30.0,0,1,1.0,1.0,1,2,15
DEMO104320,53.237359432523036,-1.4061952221360765,3,4,7,24/12/2025,3,16:45,3,20.0,1,5,5.0,2.0,1,3,9
DEMO104321,53.09951862825123,-2.991624891175525,3,4,6,28/12/2025,7,09:11,9,60.0,8,1,3.0,1.0,1,5,20
DEMO104322,53.50241250720972,-3.5846870666668718,3,3,5,27/06/2025,5,13:10,3,50.0,8,1,1.0,2.0,1,2,8
DEMO104323,54.06653958165988,-1.6438558459639236,3,2,3,09/12/2025,2,13:43,7,50.0,2,6,3.0,1.0,2,4,18
DEMO104324,54.65850749871857,-6.306969385712893,3,3,3,02/07/2025,3,04:18,6,30.0,8,5,1.0,1.0,1,6,11
DEMO104325,51.52588431088948,-2.737589777833158,2,4,4,15/02/2025,6,05:15,9,40.0,1,1,2.0,6.0,1,4,24
DEMO104326,51.52904976547542,-3.2637432964136783,2,2,2,13/11/2025,4,07:48,9,50.0,3,7,3.0,3.0,1,5,16
DEMO104327,53.57441654849786,-2.9425062139679024,3,1,1,01/06/2025,7,05:55,3,30.0,8,7,3.0,3.0,1,4,19
DEMO104328,51.728172679797396,-0.23797898673622533,3,3,4,12/08/2025,2,22:33,9,60.0,1,7,1.0,2.0,1,3,17
DEMO104329,50.962390950146975,-3.174150486182278,3,3,3,25/08/2025,1,09:49,9,60.0,2,1,1.0,1.0,1,6,35
DEMO104330,53.42321383316081,-2.3754045651376354,3,3,3,23/04/2025,3,09:50,12,30.0,7,1,,1.0,1,1,17
DEMO104331,53.68949398079823,-1.4720950233415944,3,2,3,25/09/2025,4,16:35,12,30.0,2,1,3.0,1.0,2,4,18
DEMO104332,51.515570892779735,-3.4951268337497248,2,4,4,02/07/2025,3,18:49,9,30.0,9,7,8.0,,2,1,35
DEMO104333,51.410243143763246,-3.198452310837804,3,1,1,14/05/2025,3,16:00,3,40.0,9,7,5.0,1.0,1,1,44
DEMO104334,54.677441345489356,-6.207495009933115,3,2,3,19/04/2025,6,13:02,3,60.0,7,5,4.0,1.0,1,2,5
DEMO104335,53.46850385941412,-3.091173588724099,3,2,3,30/09/2025,2,23:53,9,40.0,8,1,1.0,1.0,1,5,22
DEMO104336,55.60840809904535,-3.141762692661013,3,3,4,02/04/2025,3,21:08,12,30.0,9,1,1.0,1.0,1,4,27
DEMO104337,53.409017260049936,-1.768103499390423,3,2,2,15/02/2025,6,04:43,2,30.0,8,5,7.0,1.0,1,3,12
DEMO104338,56.00033587549801,-4.286275858422586,2,4,4,18/11/2025,2,03:25,7,50.0,8,1,2.0,1.0,1,4,17
DEMO104339,52.80520509402774,-1.2472363827043662,2,1,1,02/05/2025,5,09:47,2,40.0,0,4,1.0,1.0,1,1,36
DEMO104340,51.816763710254214,0.36158463890374826,3,3,6,22/08/2025,5,20:39,3,40.0,8,5,2.0,1.0,1,3,9
DEMO104341,53.561826171503135,-2.91130939621185,3,3,3,19/09/2025,5,23:04,3,40.0,2,6,4.0,3.0,1,3,16
DEMO104342,53.08662770837881,-2.8761098720570946,3,2,2,02/11/2025,7,16:20,3,50.0,0,1,1.0,1.0,1,5,4
DEMO104343,53.657276134146244,-1.7637549225776652,3,2,2,17/08/2025,7,16:42,9,40.0,7,5,1.0,2.0,1,5,21
DEMO104344,51.49764267019571,-3.1945748054358147,3,1,1,16/09/2025,2,05:55,2,50.0,2,1,3.0,1.0,2,6,9
DEMO104345,52.87447551154604,-1.3091785332947408,2,2,3,02/11/2025,7,14:48,7,50.0,0,1,1.0,2.0,1,4,12
DEMO104346,51.47621963805851,-0.5233403734254306,3,4,5,11/12/2025,4,04:53,7,70.0,7,1,2.0,2.0,1,3,9
DEMO104347,52.28675906130014,-1.843236048199471,3,2,2,18/01/2025,6,12:57,9,50.0,0,1,5.0,4.0,1,1,36
DEMO104348,56.01548519930332,-3.128696393668438,3,3,3,29/09/2025,1,04:53,2,40.0,9,1,9.0,3.0,1,2,14
DEMO104349,51.45802921354114,-2.5447123303001806,3,2,2,05/03/2025,3,01:34,3,60.0,9,1,1.0,2.0,1,6,25
DEMO104350,53.51712093424103,-1.4943846295371326,2,1,2,22/11/2025,6,23:20,7,60.0,8,1,1.0,1.0,1,6,25
DEMO104351,52.94610495040631,-1.3779405384300745,3,4,4,18/01/2025,6,21:30,9,30.0,2,1,2.0,1.0,2,5,14
DEMO104352,52.84162654490996,-1.3403271057978747,3,2,3,01/04/2025,2,16:47,3,60.0,7,1,1.0,1.0,1,2,31
DEMO104353,51.47916558646566,-2.4954306289634443,2,3,3,12/03/2025,3,15:25,6,70.0,0,6,7.0,3.0,1,2,32
DEMO104354,53.47372089248482,-2.5206928171101257,3,3,3,09/08/2025,6,05:49,12,30.0,7,1,4.0,3.0,1,5,16
DEMO104355,55.953648695395344,-3.136558910699766,3,2,4,02/01/2025,4,13:42,3,30.0,2,1,2.0,1.0,1,5,9
DEMO104356,54.81837141784162,-5.848854708655982,3,3,3,07/01/2025,2,17:12,3,30.0,3,1,,1.0,1,1,13
DEMO104357,53.60536895022054,-1.099519333277612,3,3,3,04/07/2025,5,12:55,12,40.0,1,1,1.0,1.0,1,6,17
DEMO104358,56.02774875315727,-4.262270578890643,3,4,5,21/12/2025,7,06:50,9,70.0,9,4,2.0,1.0,1,3,15
DEMO104359,54.37780608381046,-6.161665828522318,3,3,4,12/07/2025,6,09:35,3,30.0,1,7,,,1,2,15
DEMO104360,51.624935137200765,-0.04344225258409708,3,3,3,12/06/2025,4,20:11,9,60.0,3,1,1.0,1.0,2,3,6
DEMO104361,55.5834008864803,-2.796758325121873,3,4,5,29/08/2025,5,06:13,3,60.0,2,1,1.0,3.0,1,6,35
DEMO104362,53.35457114438725,-2.7814840846225013,3,2,4,21/07/2025,1,23:50,9,50.0,7,1,6.0,1.0,1,4,33
DEMO104363,54.76897258799933,,3,4,6,21/05/2025,3,18:01,7,40.0,9,1,2.0,2.0,1,2,33
DEMO104364,52.88018920200386,-1.6211110802925244,2,4,4,03/08/2025,7,21:29,6,40.0,1,7,1.0,2.0,1,4,3
DEMO104365,51.46286587441157,-3.5507811964716582,3,3,3,02/01/2025,4,12:37,12,30.0,1,4,1.0,1.0,1,2,34
DEMO104366,52.533586918189606,-1.8106109768644862,3,3,3,31/03/2025,1,05:13,9,30.0,0,5,2.0,1.0,2,5,20
DEMO104367,52.06547982025118,-1.9751370934610801,3,3,4,03/09/2025,3,00:51,2,30.0,7,7,2.0,1.0,1,3,3
DEMO104368,54.648063286047744,-5.953226891968354,3,2,2,05/05/2025,1,12:31,7,30.0,7,4,2.0,1.0,1,1,8
DEMO104369,52.780050435701234,-0.9244017053915639,3,3,4,20/01/2025,1,09:03,9,50.0,8,1,1.0,3.0,1,1,29
DEMO104370,53.12085970775586,-1.4600358493431052,3,4,6,15/02/2025,6,02:19,6,60.0,8,5,1.0,1.0,1,3,39
DEMO104371,53.45841889621278,-2.392656980886661,3,2,3,13/11/2025,4,22:23,3,30.0,1,5,3.0,1.0,2,3,11
DEMO104372,53.5245888269508,-1.9544989898383878,3,2,3,01/05/2025,4,23:13,3,50.0,9,1,7.0,1.0,1,1,20
DEMO104373,55.733436377911794,-3.489100083269949,3,3,3,09/01/2025,4,08:56,12,30.0,8,4,,1.0,1,2,43
DEMO104374,53.93807783952273,-1.27041219944805,3,2,2,24/09/2025,3,16:21,3,30.0,7,1,3.0,1.0,1,1,12
DEMO104375,53.36856363172838,-1.3854464997366174,3,1,2,13/07/2025,7,09:30,6,30.0,2,1,5.0,1.0,2,1,24
DEMO104376,53.52143716512186,-1.5793568579992339,3,5,5,14/06/2025,6,11:32,7,30.0,8,5,1.0,1.0,1,3,35
DEMO104377,53.70038367675047,-1.513892104342376,3,4,5,23/11/2025,7,14:13,2,,7,1,1.0,2.0,1,3,40
DEMO104378,52.5978870164667,-1.801919775273151,3,2,2,25/04/2025,5,09:34,2,30.0,2,1,1.0,1.0,1,2,40
DEMO104379,54.61221913204888,-5.772437601495241,2,3,4,28/07/2025,1,19:21,3,30.0,0,1,1.0,1.0,1,4,26
DEMO104380,54.71565159000937,-6.4189551008498436,3,5,7,29/09/2025,1,04:00,1,30.0,7,4,9.0,1.0,2,2,14
DEMO104381,52.411238715352866,-1.5864316060397148,3,1,2,11/08/2025,1,16:24,9,60.0,7,6,1.0,1.0,1,5,14
DEMO104382,51.6627900843024,-2.5290986465748366,3,3,3,17/03/2025,1,23:35,2,30.0,1,4,6.0,1.0,1,3,29
DEMO104383,53.19880443404176,-0.8816888644156533,2,2,3,06/09/2025,6,20:07,3,70.0,9,5,1.0,2.0,2,6,40
DEMO104384,51.1290467340137,-2.4805495004869633,2,2,2,29/09/2025,1,01:46,6,40.0,1,1,2.0,4.0,2,1,43
DEMO104385,55.96046231604184,-3.727805102609737,3,4,5,14/02/2025,5,02:39,9,40.0,2,4,1.0,1.0,1,6,21
DEMO104386,54.063442666630756,-1.7202389562663578,3,3,3,02/03/2025,7,15:18,1,30.0,3,1,1.0,1.0,1,2,31
DEMO104387,51.58374120732377,0.26026214021773875,1,5,5,04/09/2025,4,22:35,3,60.0,8,1,1.0,1.0,2,2,1
DEMO104388,51.43725222126153,-2.7947671198859068,3,4,5,13/02/2025,4,20:18,9,60.0,0,5,3.0,1.0,1,3,29
DEMO104389,53.13278636945467,-1.339280182614061,2,4,6,18/11/2025,2,21:38,6,30.0,8,1,2.0,2.0,1,6,17
DEMO104390,53.41515713721941,-1.987756278420421,3,3,3,09/02/2025,7,03:09,7,30.0,3,7,6.0,1.0,1,5,36
DEMO104391,55.85183478652022,-3.183861461808029,3,4,4,22/12/2025,1,12:36,1,30.0,1,1,7.0,3.0,1,5,42
DEMO104392,51.65617251646803,-0.5953572085023932,3,1,1,03/09/2025,3,17:03,9,60.0,1,5,2.0,1.0,1,2,33
DEMO104393,51.67697031007733,-0.09564979400523024,2,4,6,11/06/2025,3,14:01,7,50.0,3,1,,1.0,1,5,2
DEMO104394,52.915137091254806,-1.271151066518774,2,4,4,08/04/2025,2,18:15,9,30.0,3,5,1.0,2.0,1,4,36
DEMO104395,52.7741390448359,-0.9414586456997244,2,1,1,06/05/2025,2,05:10,12,30.0,1,4,1.0,1.0,2,2,8
DEMO104396,53.4080098529714,-1.7624669188887856,3,2,4,01/10/2025,3,10:29,9,30.0,6,1,2.0,2.0,1,5,17
DEMO104397,53.89701946440201,-1.679994143008705,3,2,2,02/10/2025,4,10:09,1,70.0,6,7,3.0,2.0,1,5,6
DEMO104398,51.58831868993793,-0.2893702012393036,3,3,3,18/03/2025,2,22:14,9,30.0,9,5,2.0,1.0,1,4,30
DEMO104399,52.995476401357976,-1.5450873037143142,3,3,4,18/07/2025,5,04:05,7,20.0,8,1,2.0,1.0,1,5,27
DEMO104400,51.53843603179815,-2.5674411443712257,3,1,2,29/12/2025,1,07:53,2,50.0,0,5,7.0,1.0,1,6,1
DEMO104401,52.63349216992728,-1.753190455688058,2,2,4,04/04/2025,5,00:44,3,20.0,6,1,1.0,1.0,1,4,36
DEMO104402,50.94940165167074,,3,3,4,11/09/2025,4,03:13,3,50.0,0,6,5.0,1.0,2,4,35
DEMO104403,54.40611583948482,-6.2369575356492,3,2,4,04/03/2025,2,23:07,12,40.0,6,1,2.0,1.0,1,5,1
DEMO104404,54.23892699220825,-1.7569252926594183,2,3,3,01/11/2025,6,20:51,9,60.0,2,6,2.0,1.0,1,5,23
DEMO104405,51.48569406875468,-3.319876949111076,3,2,2,04/03/2025,2,06:40,7,40.0,9,1,1.0,2.0,1,2,37
DEMO104406,54.205117646425855,-1.6330729769457815,3,2,2,19/04/2025,6,16:53,9,30.0,6,6,1.0,2.0,1,4,44
DEMO104407,53.5155590157823,-2.45048989557162,2,2,3,17/06/2025,2,14:10,7,60.0,8,7,1.0,2.0,1,3,7
DEMO104408,53.99426241453504,-1.729074340822624,2,1,2,16/05/2025,5,21:21,9,60.0,7,7,5.0,1.0,1,5,16
DEMO104409,53.74120451158356,-1.2377931334654602,3,2,3,04/03/2025,2,07:07,3,30.0,3,6,2.0,1.0,2,3,17
DEMO104410,52.36172772047429,-1.8164361297366367,3,2,3,22/08/2025,5,23:25,3,40.0,2,5,1.0,1.0,1,5,21
DEMO104411,53.08951884286815,-1.735383774377023,3,2,3,08/01/2025,3,08:09,7,40.0,1,1,4.0,2.0,1,4,33
DEMO104412,51.548068571285455,-2.491944897397398,2,1,1,25/12/2025,4,17:00,9,40.0,8,1,4.0,2.0,2,2,38
DEMO104413,55.70781887806848,-4.35067620728537,2,3,3,20/01/2025,1,09:30,9,20.0,9,4,8.0,3.0,1,1,41
DEMO104414,53.232533644979554,-2.5482720593526,3,2,4,02/05/2025,5,16:58,12,40.0,2,4,2.0,1.0,1,2,6
DEMO104415,53.1246667358187,-3.1429358161889986,3,3,5,06/12/2025,6,08:38,9,30.0,6,1,3.0,2.0,1,3,43
DEMO104416,53.41194268025729,-3.110267632075483,2,3,3,26/02/2025,3,20:45,3,60.0,2,5,2.0,3.0,1,1,36
DEMO104417,52.62112356888622,-1.9614888460518236,3,2,2,27/01/2025,1,15:48,3,60.0,3,1,4.0,,1,1,11
DEMO104418,55.81942026109103,-4.516962862472793,3,1,2,29/09/2025,1,06:58,3,20.0,9,4,2.0,1.0,2,6,4
DEMO104419,52.42576945736383,-1.779207201285239,2,2,2,27/01/2025,1,23:07,7,50.0,1,1,1.0,1.0,1,1,44
DEMO104420,56.13799650019294,-4.240640982974642,3,2,2,25/11/2025,2,17:15,6,30.0,2,7,9.0,1.0,1,2,19
DEMO104421,54.30539621982448,-5.848558092661398,3,1,2,14/06/2025,6,10:36,1,20.0,8,1,4.0,1.0,1,5,36
DEMO104422,56.27785556595006,-3.1814938958713195,2,1,1,14/11/2025,5,03:49,6,20.0,2,1,3.0,1.0,1,3,32
DEMO104423,53.16440777992341,-2.9474378180170886,2,8,9,31/03/2025,1,23:46,9,30.0,0,4,2.0,1.0,1,2,22
DEMO104424,53.778472554783384,-1.1597640543567274,3,1,1,21/02/2025,5,18:43,3,60.0,3,1,4.0,2.0,1,2,12
DEMO104425,51.54732697322862,-3.0471668209837643,3,2,3,18/12/2025,4,16:18,7,30.0,8,1,1.0,2.0,1,2,28
DEMO104426,53.97658818018914,-1.9800140607298582,3,3,3,06/10/2025,1,19:21,3,70.0,9,4,1.0,2.0,1,5,28
DEMO104427,53.120063423144316,-2.9166668843315486,3,4,5,29/11/2025,6,14:04,7,30.0,9,7,1.0,3.0,1,5,28
DEMO104428,55.982688405725305,-2.908371041594617,2,4,6,27/04/2025,7,05:18,7,30.0,7,5,1.0,1.0,1,4,29
DEMO104429,54.48625297750409,-6.486143487171718,3,3,5,28/05/2025,3,05:09,3,30.0,8,1,1.0,2.0,1,1,40
DEMO104430,54.77596298440782,-6.2092500614766335,3,2,4,30/07/2025,3,01:56,9,40.0,7,1,4.0,1.0,1,6,13
DEMO104431,52.37293314017649,-1.7461744906135657,3,2,2,13/06/2025,5,01:05,7,40.0,6,4,1.0,2.0,1,3,18
DEMO104432,51.13246459130725,-2.946081726091809,3,6,6,30/03/2025,7,17:21,3,30.0,1,5,6.0,3.0,1,5,12
DEMO104433,52.55177653803938,-1.848918824410831,1,2,4,17/05/2025,6,20:53,9,30.0,2,7,7.0,2.0,1,5,38
DEMO104434,53.37523319888758,-1.3652048555428198,2,1,3,11/08/2025,1,03:57,9,50.0,3,1,1.0,1.0,1,5,36
DEMO104435,54.9166131868102,-5.6012292827966546,3,1,1,14/01/2025,2,13:22,6,30.0,9,4,4.0,1.0,1,6,35
DEMO104436,53.554051769609686,-1.5934455088813486,3,3,3,03/05/2025,6,02:27,2,70.0,7,7,2.0,1.0,1,4,31
DEMO104437,54.43896585823397,-6.1561635059154245,3,6,7,17/04/2025,4,09:31,3,30.0,9,1,7.0,1.0,1,5,7
DEMO104438,51.62943257872405,-2.6483448026248513,3,2,3,26/01/2025,7,18:49,3,30.0,2,7,2.0,1.0,1,6,42
DEMO104439,53.81810336654215,-1.5070760514183061,3,4,4,14/02/2025,5,19:46,3,60.0,0,1,1.0,1.0,1,5,22
DEMO104440,53.929027953822825,-1.4735563983136468,3,2,3,30/06/2025,1,22:31,7,30.0,9,5,1.0,1.0,1,1,38
DEMO104441,51.317949590591816,-2.4025620108421037,1,6,7,07/02/2025,5,07:22,12,30.0,2,1,7.0,3.0,1,2,37
DEMO104442,55.79586881630983,-3.8520683431283955,3,4,6,06/05/2025,2,22:22,2,50.0,7,6,1.0,1.0,1,5,20
DEMO104443,53.525379734884694,-2.94726324172014,3,2,3,24/07/2025,4,18:38,9,30.0,0,7,5.0,2.0,1,5,43
DEMO104444,55.99554862728579,-4.55231194877125,3,3,3,15/11/2025,6,08:50,7,30.0,9,1,1.0,1.0,1,2,35
DEMO104445,51.07516358178498,-2.773088139190932,3,4,4,06/02/2025,4,07:04,7,30.0,0,5,3.0,1.0,2,6,4
DEMO104446,53.90496273199648,-1.5160892262779548,3,2,3,08/06/2025,7,02:46,9,60.0,9,1,2.0,1.0,2,1,30
DEMO104447,53.32871627080123,-1.8936418125623034,1,1,1,07/02/2025,5,22:28,3,40.0,1,1,1.0,2.0,2,1,43
DEMO104448,52.9970094540114,-1.0010973735516506,2,3,3,06/06/2025,5,04:08,7,50.0,1,4,1.0,1.0,1,6,29
DEMO104449,51.18384518948428,,2,3,4,25/06/2025,3,06:05,3,70.0,8,4,1.0,2.0,2,3,39
DEMO104450,51.640568849237916,-3.335316322969599,3,2,2,19/10/2025,7,09:20,3,50.0,3,1,5.0,1.0,1,3,41
DEMO104451,53.92241498864333,-1.6193549024106493,3,2,2,11/06/2025,3,03:14,6,30.0,2,1,4.0,1.0,1,2,31
DEMO104452,53.25983648604134,-2.9738046475224835,3,1,2,08/12/2025,1,19:06,1,60.0,7,1,1.0,1.0,1,3,15
DEMO104453,55.93651828089123,-4.317148994442438,3,2,2,20/02/2025,4,16:17,3,60.0,2,1,2.0,1.0,1,1,17
DEMO104454,53.374467474133475,-1.6799533983225543,3,1,4,20/01/2025,1,03:50,3,30.0,2,1,1.0,1.0,1,5,37
DEMO104455,51.61627434571547,-0.3083697699229734,1,5,6,02/01/2025,4,03:43,2,50.0,0,1,4.0,2.0,1,2,40
DEMO104456,53.13200337185599,-1.4878393854000251,2,3,5,11/05/2025,7,00:12,3,40.0,7,6,5.0,1.0,2,4,23
DEMO104457,51.289148392502675,-0.07750939520695166,2,2,2,12/03/2025,3,22:40,2,30.0,1,1,7.0,1.0,1,4,12
DEMO104458,52.354471742433354,-2.1237590202127086,3,2,4,03/02/2025,1,10:27,3,50.0,8,7,6.0,1.0,1,2,5
DEMO104459,53.37186672955312,-1.39297170827486,3,3,4,28/03/2025,5,15:44,7,30.0,8,1,1.0,6.0,1,3,5
DEMO104460,52.77991768350716,-1.4547363005785554,3,3,3,22/12/2025,1,03:14,7,30.0,2,1,1.0,1.0,1,2,14
DEMO104461,51.48552066271324,-2.5382860483234237,2,3,3,20/10/2025,1,05:03,12,30.0,7,1,7.0,1.0,1,5,1
DEMO104462,53.55126847867779,-1.4045729367062871,3,2,2,07/01/2025,2,12:18,12,40.0,7,1,1.0,1.0,1,5,38
DEMO104463,53.22335103865695,-1.7992539750331549,2,3,3,01/12/2025,1,05:59,9,60.0,8,5,1.0,3.0,1,4,18
DEMO104464,53.3053713979491,-2.8147334027394986,3,2,2,16/03/2025,7,14:33,7,60.0,3,1,1.0,1.0,2,2,19
DEMO104465,52.3645364851662,-2.0294282618810335,2,2,4,29/05/2025,4,22:03,3,50.0,8,1,5.0,2.0,1,1,27
DEMO104466,55.91761360253447,-2.931352373143803,2,3,3,30/04/2025,3,07:58,3,70.0,1,1,4.0,2.0,2,1,32
DEMO104467,54.71728869161558,-5.497723957707919,2,4,4,28/05/2025,3,14:49,12,30.0,6,6,9.0,1.0,2,1,10
DEMO104468,51.421187402782785,-3.3415946594500774,2,3,4,05/10/2025,7,21:32,12,30.0,0,1,1.0,1.0,1,1,4
DEMO104469,55.80970216793083,-4.406939324598635,2,3,3,18/09/2025,4,21:44,6,60.0,9,1,1.0,1.0,2,1,3
DEMO104470,51.55903993521998,-2.4599659370164053,3,4,4,05/08/2025,2,00:11,6,50.0,3,1,1.0,1.0,2,3,16
DEMO104471,51.39039770420473,-3.4839772929351356,3,1,1,17/08/2025,7,02:35,1,60.0,7,4,5.0,1.0,1,4,2
DEMO104472,53.26903374832041,-2.967786132538631,2,5,5,23/09/2025,2,23:54,2,50.0,6,7,1.0,1.0,1,3,33
DEMO104473,52.425809962748694,-1.9598181946467808,2,1,1,09/03/2025,7,22:26,6,20.0,0,1,8.0,1.0,2,6,33
DEMO104474,51.810097140562014,-3.1983722332052733,3,3,4,25/05/2025,7,07:02,3,50.0,0,1,2.0,2.0,1,6,33
DEMO104475,53.95930565113465,-2.0339580893992926,3,2,2,09/02/2025,7,12:45,6,30.0,2,1,5.0,,1,4,17
DEMO104476,54.938888500672576,-5.808487036015388,2,3,4,15/09/2025,1,13:43,9,30.0,8,7,5.0,1.0,2,3,19
DEMO104477,51.220069809840744,-1.998056851496314,3,1,1,09/06/2025,1,16:44,9,50.0,7,1,,1.0,1,5,28
DEMO104478,51.551814048163365,-3.2785428910399754,3,2,2,21/08/2025,4,18:38,9,50.0,1,6,4.0,1.0,1,1,22
DEMO104479,52.8877604318046,-1.50355258945852,3,2,3,26/07/2025,6,08:08,3,30.0,6,5,1.0,1.0,1,4,15
DEMO104480,53.35213556696435,-2.7996709571441705,3,3,3,10/04/2025,4,21:06,3,50.0,2,1,5.0,3.0,2,5,12
DEMO104481,53.52348047114103,-1.7575441020345628,2,1,3,20/02/2025,4,01:47,7,70.0,7,6,5.0,1.0,2,3,7
DEMO104482,51.715635580944834,-3.1717833187924334,2,2,3,22/12/2025,1,00:51,7,30.0,2,4,2.0,1.0,2,4,6
DEMO104483,51.21540082449808,-0.29811117005533033,3,4,5,18/04/2025,5,22:04,12,30.0,9,1,1.0,2.0,2,5,4
DEMO104484,53.56852090569122,-3.3345739360495754,2,2,2,09/02/2025,7,04:34,3,30.0,6,1,8.0,1.0,1,6,2
DEMO104485,51.3835645616235,-2.5133339823382377,2,1,1,22/04/2025,2,23:30,2,30.0,3,1,8.0,1.0,1,2,1
DEMO104486,52.79079130547973,-1.3236320564027635,3,1,2,26/11/2025,3,06:21,3,30.0,8,1,3.0,1.0,1,3,36
DEMO104487,53.628842743752585,-1.9328267166210598,3,2,3,06/04/2025,7,08:38,6,30.0,8,5,9.0,1.0,1,1,20
DEMO104488,53.39012035947878,-1.3999478598794919,2,2,4,27/12/2025,6,00:54,3,20.0,3,5,2.0,2.0,2,4,3
DEMO104489,51.3885610995556,-1.8985556295589965,3,2,3,18/06/2025,3,22:49,3,30.0,1,6,1.0,2.0,1,1,5
DEMO104490,53.48161338243789,-1.9984674441754193,3,6,7,11/11/2025,2,08:09,3,30.0,0,1,2.0,2.0,1,1,30
DEMO104491,53.1233725130987,-2.251868927515733,3,2,4,27/08/2025,3,04:27,3,70.0,2,1,,1.0,2,4,42
DEMO104492,55.49251741592704,-3.523852314310579,3,3,4,17/01/2025,5,11:56,7,30.0,8,1,2.0,2.0,2,2,9
DEMO104493,53.47306668878594,-1.9709920333900497,3,1,3,05/07/2025,6,03:14,2,,8,6,4.0,1.0,1,2,17
DEMO104494,53.94522065356151,-1.411031850784842,2,4,4,02/06/2025,1,18:51,9,30.0,2,1,1.0,6.0,1,6,29
DEMO104495,53.64178365334661,-1.0303282048129347,3,7,7,15/03/2025,6,01:29,7,70.0,0,1,1.0,2.0,1,1,39
DEMO104496,53.75334493482617,-1.793496192379759,3,2,3,20/07/2025,7,11:31,2,30.0,7,5,4.0,1.0,1,4,44
DEMO104497,51.58843423101492,-2.515526637345786,2,4,5,07/02/2025,5,09:15,1,60.0,7,6,5.0,1.0,2,6,4
DEMO104498,53.54319962381144,-2.3938781433156744,2,1,1,12/09/2025,5,00:55,1,30.0,8,1,9.0,1.0,1,2,37
DEMO104499,51.66489557709619,-2.669368939252132,3,3,3,27/10/2025,1,01:31,2,30.0,8,4,1.0,1.0,1,1,6
DEMO104500,56.08114313478935,-4.153344891943997,3,5,6,03/02/2025,1,12:34,7,,2,1,6.0,1.0,1,4,18
DEMO104501,52.73228467294342,-1.5816251201773956,3,2,2,24/06/2025,2,09:27,12,50.0,8,6,1.0,1.0,1,5,22
DEMO104502,54.631970944313686,-6.171617386611109,3,2,4,28/08/2025,4,03:05,2,60.0,6,5,1.0,1.0,2,6,4
DEMO104503,56.10750187027839,-3.1791453263835976,3,4,5,23/01/2025,4,03:46,3,30.0,7,5,4.0,2.0,1,5,36
DEMO104504,51.66232139715782,-0.5489457851810385,2,2,4,23/05/2025,5,19:19,9,70.0,2,1,2.0,1.0,1,2,4
DEMO104505,51.592530571049586,-2.6762722084014814,3,1,1,05/04/2025,6,17:14,6,40.0,8,4,5.0,2.0,1,4,33
DEMO104506,53.79490171205124,-1.9142668783368229,3,1,2,15/01/2025,3,14:46,3,40.0,1,1,1.0,1.0,1,5,28
DEMO104507,53.502863854710924,-1.8215039277030227,3,5,6,21/10/2025,2,20:11,6,60.0,1,1,1.0,2.0,1,6,11
DEMO104508,53.545093082195294,-1.3279473187310535,2,2,3,12/06/2025,4,01:40,2,30.0,2,7,2.0,2.0,1,5,31
DEMO104509,54.3504160589464,-5.906289889950834,3,1,1,02/10/2025,4,16:28,3,60.0,8,1,1.0,2.0,1,6,18
DEMO104510,54.07234221266076,-1.6014414097196485,3,2,2,03/08/2025,7,18:47,12,40.0,8,4,1.0,1.0,1,1,22
DEMO104511,53.15071420982649,-1.263841893293664,3,3,5,16/11/2025,7,04:03,7,30.0,2,1,1.0,5.0,1,6,27
DEMO104512,52.77108168878685,-1.8149480611328972,2,4,4,30/12/2025,2,12:46,3,20.0,1,1,1.0,1.0,1,4,20
DEMO104513,51.45392152584554,-3.2938347599397,3,1,3,08/08/2025,5,18:13,12,70.0,0,4,5.0,2.0,1,6,14
DEMO104514,51.30561970376432,-3.3599740578384627,3,2,2,09/05/2025,5,14:52,3,60.0,8,1,1.0,1.0,1,5,1
DEMO104515,55.91965272147837,-2.937200416957075,2,2,2,04/06/2025,3,05:21,2,70.0,7,5,3.0,1.0,1,4,8
DEMO104516,51.803339575992666,-2.7357308014446833,3,3,4,29/10/2025,3,15:00,12,50.0,8,7,3.0,1.0,1,6,23
DEMO104517,51.35646819832248,0.19404528140005253,3,2,2,05/06/2025,4,18:29,7,50.0,8,6,2.0,1.0,2,1,20
DEMO104518,55.83298132666107,-4.384938110054368,3,1,2,09/07/2025,3,00:03,9,30.0,8,7,2.0,1.0,1,1,11
DEMO104519,53.62758915535188,-2.8115014849129047,3,3,4,12/03/2025,3,13:16,1,50.0,3,1,4.0,1.0,2,2,21
DEMO104520,54.61178486179171,-5.868530529735935,3,3,5,28/12/2025,7,12:43,3,40.0,8,7,6.0,1.0,1,6,41
DEMO104521,55.79439003019042,-4.116963801273685,3,2,3,26/08/2025,2,08:33,12,30.0,3,1,1.0,6.0,1,5,10
DEMO104522,53.09079885513601,-1.0885383633502579,3,4,6,01/05/2025,4,01:42,3,50.0,8,1,5.0,1.0,1,1,16
DEMO104523,54.51144431449754,-5.7588327821120755,2,3,3,02/08/2025,6,02:52,9,20.0,7,1,1.0,1.0,1,4,17
DEMO104524,56.039217655901766,-2.8391586078951803,3,1,2,27/05/2025,2,18:28,9,40.0,9,1,2.0,2.0,1,3,29
DEMO104525,52.97384102481555,-3.2029417754230587,2,1,4,26/02/2025,3,19:32,3,60.0,3,6,2.0,1.0,1,2,8
DEMO104526,51.19215162148728,0.22951487366290377,3,1,2,16/11/2025,7,10:03,9,60.0,8,1,1.0,2.0,1,2,36
DEMO104527,52.44413535604823,-1.9618618079618682,3,6,6,20/11/2025,4,22:17,12,40.0,7,4,1.0,1.0,1,6,23
DEMO104528,53.648562634893715,-3.426389319791176,3,2,2,01/11/2025,6,22:43,9,30.0,9,1,1.0,1.0,1,2,1
DEMO104529,52.925304306417985,-0.9939672544144892,3,2,4,15/05/2025,4,15:03,3,40.0,0,1,1.0,1.0,1,4,36
DEMO104530,51.49801643191022,0.07127051583078015,3,2,2,04/04/2025,5,13:21,7,30.0,7,7,2.0,2.0,1,6,10
DEMO104531,52.5311592028489,-1.769803936597778,3,3,4,19/01/2025,7,23:08,3,20.0,2,1,1.0,2.0,1,2,11
DEMO104532,55.79009980094624,-4.333202186141758,3,3,4,25/09/2025,4,14:51,2,60.0,9,1,5.0,2.0,1,1,1
DEMO104533,,-3.413605957021727,2,4,5,30/04/2025,3,22:33,9,30.0,8,5,7.0,1.0,1,5,41
DEMO104534,51.631361751072745,-0.2548346486828421,3,2,2,22/11/2025,6,23:38,12,30.0,8,6,1.0,2.0,1,6,41
DEMO104535,53.002647140296496,-1.1182335869639743,3,3,5,14/11/2025,5,04:41,1,30.0,6,1,1.0,1.0,1,1,6
DEMO104536,51.56909437496734,-0.1937915839511966,2,4,5,16/02/2025,7,15:13,7,70.0,8,1,2.0,2.0,1,4,36
DEMO104537,55.66360394899741,-4.502436141935287,2,3,4,01/12/2025,1,17:02,12,50.0,7,7,6.0,1.0,1,3,43
DEMO104538,51.756372555878364,-3.2413859700844228,3,1,2,21/02/2025,5,19:23,7,60.0,2,1,1.0,2.0,1,2,44
DEMO104539,51.40428548114436,-3.3786866587437903,2,3,3,28/06/2025,6,08:11,1,50.0,8,1,1.0,6.0,1,4,43
DEMO104540,53.63858150581196,-1.631331902591128,3,1,3,22/06/2025,7,20:19,1,30.0,6,1,9.0,1.0,1,6,26
DEMO104541,53.00136422445681,-1.2953894892261784,3,4,5,16/12/2025,2,11:19,6,30.0,2,1,2.0,2.0,1,3,25
DEMO104542,54.5205451795652,-6.215352613541364,3,5,6,28/08/2025,4,09:46,12,30.0,8,7,1.0,1.0,1,6,8
DEMO104543,53.65522256125105,-1.3911722918387828,2,1,1,16/11/2025,7,03:19,3,40.0,0,7,7.0,1.0,1,6,30
DEMO104544,53.3827770923933,-3.121438541553251,2,1,1,06/08/2025,3,07:09,3,20.0,8,1,7.0,1.0,2,5,16
DEMO104545,55.51131820239438,-3.1234654795837735,2,2,3,29/10/2025,3,23:57,9,60.0,6,5,2.0,2.0,2,1,35
DEMO104546,53.2083158292295,-1.6923094129993232,2,1,3,08/11/2025,6,17:02,9,30.0,7,6,1.0,1.0,1,3,21
DEMO104547,51.532058801437636,-3.2322206375613978,2,3,3,10/11/2025,1,17:12,12,30.0,1,4,2.0,1.0,1,4,9
DEMO104548,53.21320952028503,-1.3647171931031639,3,2,3,31/05/2025,6,21:20,9,40.0,8,5,1.0,3.0,1,4,21
DEMO104549,51.42982101509684,-3.1094980940716477,2,3,4,20/05/2025,2,06:03,7,30.0,8,7,2.0,1.0,1,2,15
DEMO104550,51.70457189026929,-0.5667838156701808,3,4,4,26/12/2025,5,15:53,12,30.0,8,1,1.0,2.0,1,6,2
DEMO104551,51.57848768033901,-0.15142011147695442,3,2,2,04/10/2025,6,08:21,7,70.0,3,1,3.0,1.0,1,2,15
DEMO104552,52.41206639345852,-2.208530997071221,3,2,5,01/12/2025,1,20:46,7,30.0,7,6,4.0,1.0,1,2,35
DEMO104553,53.09646465135908,-1.31673949019121,3,3,4,30/07/2025,3,10:08,1,50.0,7,5,8.0,2.0,1,6,14
DEMO104554,56.03708452985844,-4.334407188864931,2,5,5,06/12/2025,6,20:31,6,50.0,2,1,6.0,1.0,1,2,29
DEMO104555,53.42906536282316,-2.0732221985437462,3,1,5,20/09/2025,6,17:07,1,30.0,0,1,1.0,1.0,1,4,14
DEMO104556,52.35670133666534,-2.2981962509204372,3,1,4,29/09/2025,1,18:13,9,30.0,3,5,1.0,1.0,2,2,11
DEMO104557,51.190515996367665,-3.6311233247029104,2,3,3,06/03/2025,4,22:24,1,40.0,8,1,2.0,4.0,1,2,30
DEMO104558,56.02849793740231,-2.9220326718734078,3,2,3,26/07/2025,6,18:51,3,60.0,2,7,1.0,1.0,1,3,16
DEMO104559,53.27736093705657,-1.5559222090275966,3,3,3,24/09/2025,3,07:18,12,50.0,8,6,1.0,5.0,1,5,17
DEMO104560,53.50241521180724,-3.413000365388877,3,1,1,05/10/2025,7,12:45,9,30.0,7,1,4.0,2.0,1,5,22
DEMO104561,53.46109589748343,-3.0956984947996506,2,2,2,16/12/2025,2,11:05,9,20.0,2,5,1.0,1.0,1,6,13
DEMO104562,51.57078734716562,-0.24563570027543158,2,5,5,30/04/2025,3,01:15,9,40.0,0,5,1.0,1.0,1,6,30
DEMO104563,53.45123545483661,-2.384628623531771,3,1,4,21/04/2025,1,14:36,1,30.0,3,1,2.0,1.0,1,4,33
DEMO104564,51.25200456659037,-3.1282418074341583,1,1,2,20/12/2025,6,10:28,3,30.0,3,1,8.0,1.0,1,5,5
DEMO104565,51.53960102041658,-2.9988744589183187,2,2,3,26/12/2025,5,09:30,9,50.0,1,1,4.0,1.0,1,1,36
DEMO104566,56.01503773591892,-4.245938484257005,1,6,6,07/03/2025,5,02:40,9,70.0,8,7,1.0,1.0,1,2,32
DEMO104567,56.28271737438371,-4.3688828347489155,2,2,2,19/05/2025,1,12:04,3,60.0,9,7,2.0,1.0,2,3,7
DEMO104568,53.69388669725254,-1.5694806171700102,3,2,3,13/12/2025,6,13:41,3,50.0,1,1,7.0,4.0,2,2,6
DEMO104569,53.29228134516728,-2.034192852907457,3,2,2,14/03/2025,5,02:51,3,70.0,2,6,,1.0,1,5,21
DEMO104570,55.65405754617568,-4.0157122767454645,3,4,4,13/10/2025,1,15:45,6,30.0,7,4,3.0,1.0,2,1,38
DEMO104571,52.47719698356842,-1.5159534420219227,3,3,3,10/02/2025,1,04:17,3,30.0,9,1,4.0,1.0,1,5,14
DEMO104572,53.55289640004774,-3.4560231433178075,2,5,5,07/03/2025,5,03:21,1,30.0,9,1,4.0,1.0,1,4,21
DEMO104573,51.64195456358511,,3,1,1,14/10/2025,2,09:57,3,50.0,9,7,1.0,1.0,1,6,26
DEMO104574,56.14659796318387,-4.07328977886542,2,2,4,10/08/2025,7,09:47,7,60.0,3,1,7.0,2.0,1,3,13
DEMO104575,56.0226779971838,-3.3363596555343786,2,2,2,22/07/2025,2,21:55,7,70.0,9,5,1.0,1.0,2,1,20
DEMO104576,51.29148877610365,-0.1419757925276401,2,2,2,09/11/2025,7,01:54,3,40.0,2,4,1.0,1.0,1,2,8
DEMO104577,53.523965721119744,-1.9310969279005044,3,2,3,23/04/2025,3,08:26,3,30.0,0,4,1.0,2.0,1,5,26
DEMO104578,53.422955108914465,-1.6066675777478983,3,2,4,03/07/2025,4,17:07,3,30.0,8,1,2.0,1.0,2,1,14
DEMO104579,53.73846125080144,-1.245844487479587,3,2,3,11/08/2025,1,05:13,7,40.0,7,1,1.0,2.0,1,4,35
DEMO104580,53.404382124251384,-2.263535371570048,2,4,5,28/09/2025,7,23:17,3,50.0,8,7,5.0,1.0,1,3,16
DEMO104581,54.680120587080914,-5.828872943259424,3,3,3,02/05/2025,5,17:50,12,50.0,7,1,6.0,3.0,2,1,19
DEMO104582,52.5653695408186,-1.6767840302740222,3,1,3,20/08/2025,3,22:16,3,30.0,8,1,1.0,4.0,2,3,22
DEMO104583,55.73111007792331,-4.522192727421377,3,1,1,13/06/2025,5,22:21,9,30.0,2,1,5.0,2.0,1,1,22
DEMO104584,53.253351981435,-1.3756667233167101,2,1,3,17/07/2025,4,02:51,3,20.0,2,5,9.0,1.0,1,4,18
DEMO104585,53.39270161555307,-1.5939254534651686,3,1,1,11/11/2025,2,11:09,7,40.0,8,1,1.0,1.0,1,5,14
DEMO104586,53.566557608718256,-1.9590047660555503,2,3,4,24/05/2025,6,17:39,7,30.0,6,5,4.0,2.0,1,4,16
DEMO104587,53.933219373004086,-1.6303132492834826,1,1,1,01/09/2025,1,00:33,3,60.0,1,1,9.0,1.0,1,1,4
DEMO104588,53.29366915014613,-1.554502061426718,3,1,3,10/12/2025,3,10:59,3,60.0,3,4,5.0,1.0,1,2,37
DEMO104589,53.79195313430955,-1.756345583406942,3,2,2,06/10/2025,1,16:29,2,50.0,8,6,2.0,1.0,2,4,11
DEMO104590,55.67668545466722,-4.268472519861524,3,1,2,27/12/2025,6,19:31,6,30.0,9,4,6.0,1.0,1,6,3
DEMO104591,51.32224370820385,-0.0003830665680148171,3,3,5,01/08/2025,5,09:51,9,30.0,8,5,4.0,1.0,1,3,11
DEMO104592,51.15944173450461,-0.11392760640026629,3,4,4,13/04/2025,7,20:59,7,30.0,8,5,1.0,1.0,1,6,34
DEMO104593,55.75031911027931,-3.723023894020919,3,4,5,28/12/2025,7,16:43,7,20.0,8,5,1.0,1.0,1,6,22
DEMO104594,53.61129345505574,-1.5791085385664325,2,5,5,24/08/2025,7,01:41,3,30.0,1,1,2.0,1.0,2,5,29
DEMO104595,51.76244741734887,-0.3379578875711059,3,2,5,30/03/2025,7,06:52,6,30.0,7,5,,1.0,1,4,30
DEMO104596,51.583730703351854,-3.210973756424266,3,1,1,26/04/2025,6,22:58,9,70.0,7,1,1.0,1.0,1,3,3
DEMO104597,51.68840822440534,-0.04600170351981897,2,5,6,06/04/2025,7,00:44,2,70.0,9,1,1.0,4.0,1,5,19
DEMO104598,54.74310145449826,-6.236382049362731,2,1,1,01/11/2025,6,02:17,2,70.0,0,1,6.0,1.0,1,4,1
DEMO104599,55.89542064490316,-3.937550404462706,3,4,4,03/02/2025,1,08:38,3,20.0,9,1,4.0,,1,2,20
DEMO104600,54.158810665717546,-5.9916904592038165,2,2,4,28/09/2025,7,23:14,3,40.0,8,1,1.0,2.0,2,1,4
DEMO104601,55.00511122382759,-5.523059340946487,2,4,6,22/07/2025,2,16:30,12,20.0,0,5,1.0,1.0,2,1,24
DEMO104602,53.76349814343533,-1.2289687282609785,3,4,4,27/01/2025,1,03:26,3,40.0,6,4,1.0,1.0,2,1,27
DEMO104603,55.91508658463134,-3.0296555137039833,3,3,3,12/08/2025,2,09:59,2,40.0,0,1,1.0,1.0,1,5,14
DEMO104604,53.743736124291296,-2.247820995989762,3,3,4,02/10/2025,4,22:33,2,30.0,7,1,3.0,1.0,1,2,39
DEMO104605,53.43715597529188,-3.234401438154173,2,3,4,22/09/2025,1,05:57,3,20.0,3,4,,1.0,2,6,36
DEMO104606,53.934064317465676,-2.3940180264640714,3,3,6,12/07/2025,6,13:48,3,30.0,8,1,8.0,1.0,1,5,14
DEMO104607,53.25881520441672,-3.249855352009008,1,3,4,03/05/2025,6,11:50,3,30.0,7,5,1.0,3.0,1,3,21
DEMO104608,51.66815021304839,-3.4476234733692532,3,3,3,01/03/2025,6,18:10,2,30.0,8,1,1.0,1.0,1,4,6
DEMO104609,53.36424513572849,-2.922657363164152,2,3,3,05/01/2025,7,18:46,2,30.0,2,6,6.0,1.0,1,5,21
DEMO104610,52.50427085032349,-1.812173165347735,2,6,7,12/05/2025,1,19:15,9,60.0,9,1,1.0,1.0,1,4,23
DEMO104611,53.642266649363286,-1.9226089177249999,3,2,3,19/08/2025,2,02:34,6,20.0,9,4,1.0,1.0,2,1,25
DEMO104612,55.8399468428719,-3.305455123085099,3,4,5,14/01/2025,2,10:29,9,30.0,8,1,1.0,1.0,2,1,4
DEMO104613,53.18706404655125,-1.3525023919751205,3,4,6,31/12/2025,3,16:15,3,70.0,2,1,4.0,3.0,2,3,17
DEMO104614,53.04802982483995,-0.8083969951614411,3,5,5,02/08/2025,6,10:59,3,60.0,9,7,1.0,2.0,2,2,10
DEMO104615,53.48459403096181,-3.4947476372503026,3,3,5,18/04/2025,5,16:52,12,30.0,8,6,5.0,2.0,1,1,5
DEMO104616,53.50696749440113,-1.088706852127939,3,3,3,18/12/2025,4,15:34,2,60.0,9,1,3.0,1.0,1,6,31
DEMO104617,53.09233563527616,-1.3308077035610788,2,2,4,09/03/2025,7,08:00,3,30.0,0,1,6.0,1.0,1,1,20
DEMO104618,53.21501309912546,-2.084700457902342,3,1,2,16/12/2025,2,02:10,3,50.0,8,6,3.0,1.0,1,6,12
DEMO104619,51.41031681379989,-3.3329879613151836,3,3,3,13/04/2025,7,23:13,1,60.0,1,1,5.0,1.0,1,4,36
DEMO104620,53.36260439428086,-1.3629618101710066,3,4,5,19/05/2025,1,19:58,7,30.0,6,7,4.0,1.0,1,6,26
DEMO104621,54.65424148033524,-6.0935108185213025,3,4,4,05/06/2025,4,21:24,7,30.0,8,1,2.0,1.0,1,4,44
DEMO104622,56.13732032440242,-3.2538531426562063,2,5,5,30/12/2025,2,07:02,3,40.0,3,1,4.0,1.0,1,5,40
DEMO104623,51.77204253322328,0.41834122949726693,2,2,4,02/04/2025,3,07:35,6,50.0,2,1,4.0,1.0,1,6,37
DEMO104624,51.489488205830014,-2.6893913908735927,3,3,3,22/12/2025,1,07:57,3,60.0,6,4,1.0,1.0,2,6,24
DEMO104625,51.30223553299993,-2.8475431821260346,3,2,4,07/05/2025,3,00:33,6,30.0,2,1,4.0,1.0,1,3,12
DEMO104626,51.63871315148607,0.09201977147035853,3,3,4,15/04/2025,2,04:26,9,30.0,7,1,1.0,1.0,2,5,33
DEMO104627,53.513966094973306,-2.57921563547092,3,1,3,21/08/2025,4,07:10,9,50.0,1,7,2.0,1.0,1,4,10
DEMO104628,56.037310258832726,-3.019683459009599,2,1,1,11/09/2025,4,23:52,3,30.0,3,1,1.0,1.0,1,4,39
DEMO104629,51.67158517302403,-2.4477006403200745,3,5,5,06/05/2025,2,04:06,3,30.0,7,5,1.0,1.0,2,6,38
DEMO104630,52.416436980207976,-1.452149639084562,3,4,4,18/02/2025,2,12:56,9,30.0,9,1,1.0,1.0,2,5,44
DEMO104631,54.06290867368199,-1.4495859843687293,3,1,2,25/05/2025,7,13:13,3,30.0,6,4,1.0,2.0,1,2,30
DEMO104632,53.54435078055776,-1.6052648214772218,3,1,3,17/07/2025,4,08:08,9,30.0,3,1,1.0,1.0,2,6,6
DEMO104633,53.61192611581865,-2.2496086779669096,2,5,7,15/01/2025,3,22:20,9,50.0,9,5,1.0,1.0,2,5,32
DEMO104634,52.36905821057404,-1.3772410143870788,3,1,1,29/01/2025,3,02:00,3,30.0,9,6,2.0,1.0,1,6,9
DEMO104635,55.99373032319546,-3.1732089832683825,3,3,5,02/12/2025,2,20:00,9,30.0,8,7,2.0,1.0,1,5,11
DEMO104636,56.01248685263718,-3.239600630003669,2,3,5,14/01/2025,2,17:11,3,50.0,7,7,9.0,1.0,1,2,6
DEMO104637,53.3452637650218,-3.0072544782116966,3,1,2,29/05/2025,4,07:41,1,40.0,2,1,5.0,1.0,1,6,12
DEMO104638,53.2656709047007,-1.3559268897606664,3,1,1,06/10/2025,1,18:48,12,60.0,7,1,1.0,1.0,1,2,25
DEMO104639,54.44438388197945,-6.020472393451996,3,4,6,30/04/2025,3,10:14,9,60.0,8,1,2.0,2.0,1,5,23
DEMO104640,51.53325240810696,-3.4271306198060887,3,3,3,30/06/2025,1,23:38,6,30.0,9,5,2.0,2.0,1,1,18
DEMO104641,51.62157312294214,-0.2889264896178994,3,2,2,01/02/2025,6,00:21,9,60.0,1,1,1.0,1.0,1,4,15
DEMO104642,54.92500887975443,-6.142498889077247,3,3,5,17/10/2025,5,00:25,2,60.0,2,6,2.0,1.0,1,4,29
DEMO104643,51.46134756640876,-0.16463551592725914,3,3,4,20/08/2025,3,13:20,9,30.0,9,7,4.0,4.0,1,6,17
DEMO104644,51.23103341494369,-0.27509884758853537,3,2,3,07/11/2025,5,22:53,12,60.0,9,1,3.0,,2,5,1
DEMO104645,51.53954206175969,-2.6309517139746323,3,6,6,12/11/2025,3,01:30,9,40.0,8,1,1.0,6.0,1,3,44
DEMO104646,55.551112549241026,-4.288160936048832,3,2,3,09/05/2025,5,18:30,3,60.0,1,4,4.0,2.0,1,6,10
DEMO104647,51.79571033204972,-0.06459738703433839,3,1,3,16/01/2025,4,22:51,3,50.0,8,1,1.0,1.0,1,2,17
DEMO104648,53.93723892505427,-1.7802459968286164,3,2,2,07/05/2025,3,11:39,9,70.0,3,1,6.0,1.0,1,6,9
DEMO104649,53.61927477248231,-1.1404091881612723,1,3,4,23/02/2025,7,20:08,3,30.0,3,1,8.0,1.0,1,2,38
DEMO104650,51.16918398139063,-2.2890063119804775,3,3,6,14/07/2025,1,18:11,12,50.0,2,7,1.0,2.0,1,1,35
DEMO104651,54.442165341762106,-5.8006153360744035,1,4,5,23/02/2025,7,05:20,3,20.0,2,5,5.0,1.0,1,3,36
DEMO104652,53.89640106687344,-1.3724204292031037,3,5,5,03/12/2025,3,20:05,2,70.0,7,1,5.0,1.0,1,3,24
DEMO104653,53.34233854312419,-2.5151487304931663,2,1,1,08/08/2025,5,16:41,3,,1,1,2.0,1.0,1,3,23
DEMO104654,52.62000843239304,-2.030522079594619,2,3,5,03/04/2025,4,00:29,6,30.0,6,6,1.0,2.0,2,4,15
DEMO104655,53.64964649763634,-2.356132619112456,2,4,5,03/12/2025,3,13:02,2,60.0,0,1,5.0,2.0,1,6,42
DEMO104656,52.383312131903864,-2.2314389232526373,3,3,3,08/10/2025,3,15:24,3,30.0,3,7,2.0,1.0,1,5,35
DEMO104657,53.11384467372837,-1.2488280601423212,3,2,2,09/06/2025,1,19:49,9,50.0,9,4,,1.0,1,6,18
DEMO104658,53.62583704371935,-2.446311825680462,3,3,3,23/02/2025,7,18:54,2,30.0,8,7,3.0,1.0,2,3,8
DEMO104659,53.51023413569261,-2.9659860715563866,2,2,2,06/05/2025,2,11:57,7,40.0,0,6,2.0,2.0,1,3,19
DEMO104660,56.05144842414913,-2.8208356978984517,2,5,5,02/08/2025,6,07:55,3,60.0,8,7,1.0,2.0,2,6,1
DEMO104661,52.85358497389251,-0.8068047393597971,1,2,4,07/10/2025,2,04:36,7,60.0,1,5,9.0,1.0,2,1,9
DEMO104662,52.85172652409956,-2.1168441432215386,3,2,2,06/04/2025,7,02:55,6,30.0,6,4,1.0,2.0,1,6,16
DEMO104663,51.277772549949766,-2.5791929933997917,3,1,2,29/09/2025,1,15:57,9,50.0,2,1,2.0,1.0,1,4,28
DEMO104664,53.72112170800405,-1.6443406028715546,3,2,3,14/04/2025,1,23:38,3,30.0,9,5,4.0,1.0,1,6,3
DEMO104665,56.12223978031396,-2.964656281202517,3,1,5,01/04/2025,2,01:24,6,70.0,0,4,1.0,3.0,1,4,13
DEMO104666,53.733098655227444,-1.4362308186071968,3,2,2,13/06/2025,5,16:57,2,50.0,9,1,4.0,1.0,1,4,13
DEMO104667,52.432181818719236,,2,1,1,28/02/2025,5,14:24,6,30.0,8,4,3.0,2.0,2,4,20
DEMO104668,55.619183911157464,-4.202295405477791,3,3,3,28/05/2025,3,04:09,2,40.0,2,1,,1.0,1,6,7
DEMO104669,53.32393138882277,-2.793258924364932,3,4,5,11/05/2025,7,05:06,7,30.0,9,1,2.0,1.0,1,2,38
DEMO104670,52.92080783649746,-2.0448402627488043,3,2,5,13/04/2025,7,06:34,3,70.0,3,1,8.0,1.0,1,6,29
DEMO104671,55.79945098209104,-4.603551954741582,3,3,4,11/10/2025,6,16:02,9,30.0,8,1,7.0,1.0,1,4,35
DEMO104672,53.71102201141652,-2.0815422020583147,2,3,4,02/05/2025,5,07:07,3,30.0,8,1,1.0,1.0,1,6,42
DEMO104673,51.39174919969964,-3.1434905708717196,3,4,4,11/09/2025,4,19:14,7,30.0,2,6,1.0,2.0,2,6,5
DEMO104674,55.761467306788845,-3.0554250469552735,3,2,3,20/09/2025,6,08:31,1,50.0,0,4,2.0,1.0,2,2,10
DEMO104675,51.31421668294048,-2.2481877251908866,3,6,6,01/09/2025,1,02:28,9,50.0,9,7,7.0,1.0,1,4,34
DEMO104676,53.08534823648745,-1.0773314700279073,3,2,2,09/04/2025,3,02:30,12,30.0,2,7,5.0,1.0,1,2,25
DEMO104677,52.5619522332706,-0.9590119777771007,3,4,6,30/10/2025,4,09:30,3,30.0,9,1,1.0,1.0,1,4,29
DEMO104678,53.68793429241679,-1.2248937506386517,3,2,2,28/03/2025,5,09:59,1,30.0,2,4,6.0,1.0,1,5,43
DEMO104679,51.59329177078746,-0.16319043697811617,3,4,4,12/04/2025,6,17:13,7,40.0,3,1,1.0,2.0,1,1,33
DEMO104680,53.733510621048595,-1.6930435560613493,3,2,4,16/11/2025,7,11:28,2,70.0,3,6,1.0,1.0,1,1,3
DEMO104681,53.337967725972604,-1.7677740580759798,2,1,2,04/05/2025,7,03:36,6,60.0,3,1,3.0,1.0,1,3,2
DEMO104682,55.77029961979991,-4.1591595766307385,3,3,6,12/09/2025,5,05:16,1,40.0,9,1,1.0,1.0,1,4,2
DEMO104683,51.71451543173699,-0.0588838802748356,3,2,2,16/01/2025,4,13:10,3,30.0,2,1,3.0,1.0,1,4,26
DEMO104684,52.67079853020411,-1.3940682545561984,3,2,3,13/08/2025,3,08:02,9,30.0,7,5,2.0,1.0,1,4,20
DEMO104685,55.85427681583022,-4.192475935088158,3,3,3,14/11/2025,5,16:19,2,60.0,2,1,5.0,3.0,1,2,5
DEMO104686,54.80052508863285,-5.852737830795824,3,4,4,16/09/2025,2,22:15,6,50.0,1,1,8.0,,1,5,6
DEMO104687,53.43611704002125,-1.773823881263851,2,5,5,01/08/2025,5,08:11,3,20.0,2,7,1.0,4.0,1,6,31
DEMO104688,51.39430701564286,0.04949928628758063,3,3,3,06/11/2025,4,13:16,3,,7,1,2.0,1.0,1,2,5
DEMO104689,55.591775672635784,-4.313127267757702,3,3,4,19/04/2025,6,19:41,7,40.0,7,5,4.0,2.0,1,2,4
DEMO104690,51.27541225169721,-0.6582277131552411,2,3,3,18/05/2025,7,05:49,9,40.0,2,5,1.0,2.0,1,1,11
DEMO104691,51.546375811864095,-0.2535096834742686,2,3,3,26/01/2025,7,12:30,9,70.0,9,1,5.0,2.0,2,5,5
DEMO104692,54.71415886696773,-5.6976758250965265,3,4,4,12/09/2025,5,07:03,3,30.0,2,1,3.0,1.0,1,3,43
DEMO104693,51.40782031031377,-3.3945895632322816,3,2,2,22/09/2025,1,15:44,2,60.0,8,1,1.0,,1,5,7
DEMO104694,55.59431664263675,-3.6713873198403246,1,2,2,02/10/2025,4,17:09,3,60.0,0,7,6.0,2.0,1,4,39
DEMO104695,51.32576597519671,-3.064440198271827,3,2,2,01/10/2025,3,03:03,7,30.0,8,5,2.0,1.0,1,4,27
DEMO104696,51.57884783284179,0.4089333153059309,2,1,1,16/02/2025,7,04:34,9,30.0,2,1,1.0,1.0,1,5,41
DEMO104697,52.47978675202952,-2.154934795332708,2,4,4,01/09/2025,1,00:25,9,30.0,7,6,1.0,1.0,1,1,22
DEMO104698,53.588350768602346,-1.8395147861076333,2,1,2,06/10/2025,1,00:18,9,50.0,8,1,5.0,1.0,1,6,17
DEMO104699,51.41957405368445,-0.1852154661528197,2,1,1,16/03/2025,7,01:58,1,20.0,8,1,8.0,3.0,1,4,27
DEMO104700,51.62197076727758,-3.4834926733755913,3,4,6,23/06/2025,1,16:05,12,60.0,2,1,1.0,1.0,1,6,5
DEMO104701,51.54355799472466,-0.23730660854573324,3,2,2,30/11/2025,7,21:03,12,60.0,8,6,1.0,1.0,1,5,17
DEMO104702,52.766629440199296,-0.7769932095590681,3,7,7,01/06/2025,7,09:35,1,60.0,3,1,1.0,1.0,2,6,17
DEMO104703,51.527565300171474,-3.2529964458912892,3,3,3,02/10/2025,4,21:25,3,50.0,0,5,3.0,1.0,1,6,29
DEMO104704,55.763053152491764,-4.633774366353402,3,1,2,13/07/2025,7,17:48,9,30.0,8,1,1.0,2.0,1,1,1
DEMO104705,53.36452728188093,-2.170238619667419,1,3,4,29/08/2025,5,19:02,6,50.0,9,6,2.0,4.0,1,4,18
DEMO104706,53.43216568652463,-2.6741500500620763,3,7,8,17/08/2025,7,17:25,1,40.0,0,6,1.0,1.0,1,2,42
DEMO104707,52.75714002405038,-1.6070770327323536,3,2,4,26/08/2025,2,04:08,3,20.0,8,1,2.0,1.0,1,2,22
DEMO104708,55.87403963234753,-3.5124463266689885,3,1,2,12/10/2025,7,12:02,7,30.0,8,1,3.0,1.0,1,5,43
DEMO104709,53.59686083337473,-2.978191233864111,3,2,3,27/11/2025,4,12:27,9,30.0,7,5,2.0,1.0,1,6,40
DEMO104710,54.24532917617739,-1.8364605921782362,3,4,4,18/04/2025,5,15:44,9,40.0,6,1,1.0,1.0,2,4,24
DEMO104711,55.64490201297324,-3.2284904225516162,3,7,8,05/12/2025,5,19:09,12,30.0,2,1,2.0,5.0,1,4,14
DEMO104712,51.3235651646113,-2.8333568802931897,3,4,5,18/08/2025,1,02:50,6,40.0,1,4,2.0,1.0,1,1,44
DEMO104713,53.611849200245025,-3.082207392582497,3,2,4,06/08/2025,3,16:31,9,70.0,3,1,2.0,1.0,1,6,30
DEMO104714,51.28140244015972,-0.017938938320810685,3,2,3,30/04/2025,3,19:28,2,30.0,7,6,1.0,1.0,2,4,26
DEMO104715,52.93179361967192,-1.0310600820245632,3,3,3,02/06/2025,1,02:55,6,30.0,2,1,1.0,1.0,1,4,8
DEMO104716,51.80507914903886,-3.3694887860680582,3,1,2,26/08/2025,2,09:19,12,30.0,6,1,2.0,1.0,1,4,17
DEMO104717,54.46627416925638,-6.183317531445766,3,2,2,13/05/2025,2,21:12,9,30.0,7,5,1.0,1.0,1,6,34
DEMO104718,51.40926063490422,-2.3491287425492144,2,2,2,15/04/2025,2,00:47,7,70.0,1,5,3.0,1.0,2,4,17
DEMO104719,52.254424607928904,-1.8786262295103933,3,3,5,26/10/2025,7,03:06,2,30.0,8,1,1.0,1.0,1,2,7
DEMO104720,53.07833170607177,-1.1079506497898841,3,7,7,01/06/2025,7,19:52,3,30.0,7,1,1.0,1.0,1,6,2
DEMO104721,55.6312989497641,-3.1968273685484108,3,2,4,24/08/2025,7,04:49,7,30.0,7,1,3.0,2.0,1,4,37
DEMO104722,54.47286679831655,-5.960830307488941,2,4,5,12/01/2025,7,16:58,3,20.0,6,1,1.0,1.0,1,3,15
DEMO104723,51.273831073238256,-0.08128608511283217,3,2,3,29/01/2025,3,21:27,3,50.0,2,7,1.0,1.0,2,2,2
DEMO104724,53.742969724429855,-1.817255158982262,2,3,4,06/11/2025,4,11:37,9,30.0,7,1,5.0,4.0,1,1,2
DEMO104725,53.74240753676198,-2.8981235643168386,3,5,7,21/02/2025,5,11:52,1,60.0,8,4,2.0,1.0,1,1,13
DEMO104726,52.55568883964821,-2.1308153802656378,3,4,5,18/10/2025,6,10:07,3,40.0,8,1,7.0,1.0,1,3,33
DEMO104727,51.52456292189527,,3,2,3,25/11/2025,2,08:18,3,50.0,8,1,1.0,4.0,1,6,30
DEMO104728,52.53941224694403,-1.7434055854198423,2,3,5,25/06/2025,3,09:28,1,30.0,1,6,6.0,1.0,1,4,13
DEMO104729,53.3769557593925,-1.4023672686070912,3,3,4,19/11/2025,3,13:37,3,30.0,8,4,5.0,2.0,2,6,5
DEMO104730,54.8284022460043,-6.185806986635129,3,2,3,05/06/2025,4,21:40,3,30.0,2,1,1.0,1.0,1,2,28
DEMO104731,56.003478340772666,-3.9868091032128326,3,2,3,14/12/2025,7,23:55,6,30.0,2,1,2.0,2.0,1,1,41
DEMO104732,55.719087283548625,-3.302083012659516,3,4,7,28/03/2025,5,20:29,3,40.0,1,1,3.0,1.0,1,2,28
DEMO104733,53.976269448855625,-1.4039203890540386,3,2,3,06/06/2025,5,02:10,6,50.0,8,1,2.0,1.0,2,5,23
DEMO104734,55.99564807211924,-3.3487136454653417,2,2,3,22/05/2025,4,07:11,9,60.0,7,6,1.0,5.0,2,5,25
DEMO104735,53.49028369586764,-3.451142608508506,3,3,4,14/10/2025,2,18:48,6,40.0,8,1,8.0,1.0,2,4,19
DEMO104736,51.14576046969062,0.24213070300992998,3,2,2,16/01/2025,4,13:27,7,30.0,7,1,4.0,1.0,1,3,12
DEMO104737,51.4546361201136,-2.448902671208427,3,2,3,30/10/2025,4,08:37,7,30.0,9,1,8.0,1.0,1,2,25
DEMO104738,51.429490661943426,-2.6819308934643358,3,5,6,09/01/2025,4,07:33,6,60.0,7,6,6.0,1.0,1,2,43
DEMO104739,52.83006214254637,-0.6862015202923046,2,4,5,26/04/2025,6,02:48,3,30.0,7,1,5.0,1.0,1,5,39
DEMO104740,53.99396479188001,-1.5535546742138873,3,1,2,06/08/2025,3,07:13,9,,0,4,4.0,1.0,1,5,18
DEMO104741,53.11396945607236,-2.7013455235196573,3,2,2,23/02/2025,7,10:10,3,70.0,8,1,3.0,1.0,1,4,12
DEMO104742,53.953261603219055,-3.3836316605966736,2,3,3,28/06/2025,6,09:44,7,20.0,7,1,6.0,4.0,1,5,23
DEMO104743,53.599612355799636,-1.6278492896920387,1,1,2,30/12/2025,2,13:26,7,,2,1,3.0,2.0,1,1,20
DEMO104744,55.94882626434114,-4.32185081082602,3,6,7,28/10/2025,2,06:48,9,30.0,1,5,1.0,4.0,1,5,4
DEMO104745,53.839383118761575,-1.7859586578131021,3,2,2,12/01/2025,7,04:07,6,50.0,2,1,3.0,1.0,1,3,8
DEMO104746,56.163592285228056,-3.4006187300132176,2,2,2,04/08/2025,1,21:16,6,30.0,0,7,1.0,1.0,1,2,39
DEMO104747,54.10161660036412,-1.5134528885827443,2,5,6,07/08/2025,4,09:57,6,60.0,7,1,8.0,1.0,1,3,41
DEMO104748,51.403271642465775,-3.220956260974604,1,2,4,25/01/2025,6,06:50,9,20.0,7,6,3.0,1.0,1,2,38
DEMO104749,51.486149383282665,-2.634975385910691,3,1,3,26/08/2025,2,15:03,3,30.0,9,1,2.0,1.0,1,5,44
DEMO104750,51.43051176952722,-0.25036909094923,3,3,3,10/07/2025,4,13:49,12,60.0,6,1,1.0,2.0,1,1,18
DEMO104751,52.312162685882015,-1.6454982304732055,3,3,3,06/09/2025,6,13:03,9,40.0,8,5,2.0,,1,2,16
DEMO104752,55.95944079217905,-3.487084162663441,3,4,4,19/04/2025,6,05:07,2,30.0,8,1,1.0,1.0,1,6,22
DEMO104753,51.476713392813345,-3.1661844140106474,2,5,5,04/04/2025,5,17:53,3,30.0,8,1,4.0,1.0,1,5,30
DEMO104754,53.482805725456444,-2.3508159007906446,3,3,3,26/09/2025,5,04:07,9,40.0,2,6,3.0,1.0,1,4,3
DEMO104755,53.31300547130709,-1.5974379077679215,2,5,5,21/09/2025,7,20:18,3,70.0,3,5,2.0,1.0,2,1,32
DEMO104756,53.01605184899107,-1.6809563883550376,3,4,5,01/03/2025,6,10:08,3,50.0,1,6,1.0,1.0,1,5,34
DEMO104757,52.62692457345782,-1.9000948578426589,3,4,6,20/03/2025,4,09:35,3,,8,1,2.0,3.0,1,6,16
DEMO104758,53.19132917016959,-3.138938897716457,3,3,3,03/08/2025,7,09:03,1,30.0,2,4,2.0,1.0,1,5,8
DEMO104759,55.97524069953038,-4.185366004273289,3,1,1,30/10/2025,4,10:17,6,40.0,7,4,6.0,1.0,1,2,40
DEMO104760,54.87836991496961,-5.1925474505671,2,3,7,15/03/2025,6,15:19,9,70.0,9,4,7.0,2.0,2,1,40
DEMO104761,51.25197118405703,-3.137694010370377,3,2,2,21/03/2025,5,11:38,7,30.0,8,4,4.0,3.0,2,5,22
DEMO104762,52.51405143642074,-1.778769636330023,2,2,4,22/10/2025,3,03:29,1,30.0,2,5,1.0,2.0,1,6,14
DEMO104763,53.56260096706961,-2.4306325472345396,3,3,4,12/09/2025,5,13:11,6,20.0,6,6,1.0,1.0,1,3,38
DEMO104764,53.54940136445013,-2.9498530475416596,3,4,6,26/11/2025,3,06:27,3,40.0,7,1,7.0,1.0,1,1,2
DEMO104765,52.647572128772744,-1.9174099034813001,2,3,3,13/10/2025,1,02:27,7,60.0,9,1,9.0,1.0,2,3,24
DEMO104766,53.1715890512197,-1.3564328049800882,3,4,5,14/12/2025,7,20:21,3,50.0,8,1,1.0,2.0,1,6,44
DEMO104767,51.53187001957112,-0.3463218187075429,3,2,3,10/03/2025,1,07:32,12,60.0,2,1,4.0,5.0,1,6,32
DEMO104768,52.30668362938162,-1.7765755301178217,2,2,2,10/04/2025,4,14:19,9,60.0,9,5,2.0,1.0,2,1,2
DEMO104769,51.44296564119906,-0.2893253940161779,2,1,1,28/03/2025,5,04:20,7,70.0,1,1,1.0,1.0,1,4,16
DEMO104770,54.06060349438717,-1.7753409973012744,3,1,1,21/01/2025,2,08:47,6,30.0,2,1,9.0,1.0,2,2,14
DEMO104771,55.79495893189924,-2.8718778378637544,2,4,4,12/10/2025,7,09:15,7,20.0,0,7,8.0,1.0,1,5,27
DEMO104772,53.57419728721523,-1.875575351468217,3,2,2,30/08/2025,6,03:19,3,40.0,2,7,9.0,1.0,2,1,39
DEMO104773,54.749426815247325,-6.153142016334845,2,1,3,01/02/2025,6,23:08,9,60.0,3,4,1.0,1.0,2,5,42
DEMO104774,53.910978985950045,-1.295359058304334,3,2,2,14/03/2025,5,07:41,9,30.0,2,1,2.0,1.0,1,2,9
DEMO104775,51.674695223360104,-0.521286793963844,3,4,4,11/03/2025,2,13:42,12,30.0,0,1,7.0,1.0,1,5,27
DEMO104776,51.4487867122401,,3,3,3,28/05/2025,3,13:40,7,50.0,0,1,4.0,1.0,2,5,17
DEMO104777,55.84594491823193,-4.5434570438770265,3,1,1,16/06/2025,1,10:10,7,20.0,9,1,2.0,1.0,1,1,14
DEMO104778,52.813069334674566,-2.01081423612951,3,2,4,16/04/2025,3,14:27,3,50.0,8,1,2.0,1.0,1,6,43
DEMO104779,51.86244047481382,-0.12823663452188414,3,2,3,06/12/2025,6,13:17,1,50.0,8,6,1.0,1.0,1,4,31
DEMO104780,51.741955482832054,-3.480834550119957,3,3,6,19/03/2025,3,01:45,7,70.0,8,1,3.0,1.0,1,2,1
DEMO104781,53.47995750922527,-1.5750644971605814,3,4,7,25/07/2025,5,16:20,12,50.0,8,1,6.0,1.0,1,6,34
DEMO104782,51.35081831328932,-2.815438492529921,2,2,2,09/06/2025,1,02:24,9,30.0,0,5,1.0,5.0,1,5,28
DEMO104783,55.97788743306771,-3.1326149172293563,3,1,1,22/05/2025,4,10:27,9,40.0,9,1,1.0,1.0,1,4,39
DEMO104784,51.45832835183639,-3.151203085435935,3,2,2,29/10/2025,3,08:45,3,30.0,3,1,2.0,1.0,1,4,41
DEMO104785,51.65263643716303,-2.254967705361008,3,4,4,24/12/2025,3,10:42,9,30.0,3,1,2.0,1.0,1,2,27
DEMO104786,53.0250730310128,-1.5782904806321199,3,3,4,03/01/2025,5,01:49,7,60.0,9,1,,1.0,1,6,8
DEMO104787,51.61247903462599,0.1434525950535119,3,3,5,19/06/2025,4,16:25,6,40.0,1,1,1.0,1.0,1,3,14
DEMO104788,53.79480654854971,-1.2767939144097926,2,2,2,13/02/2025,4,10:49,3,50.0,2,1,4.0,2.0,1,5,18
DEMO104789,52.93208297104493,-1.6000463908971514,3,2,4,08/06/2025,7,01:52,7,50.0,9,1,1.0,1.0,1,2,27
DEMO104790,53.717028982811094,-2.3318931977283652,3,2,2,14/08/2025,4,00:31,3,50.0,6,6,3.0,1.0,2,6,34
DEMO104791,54.585701097331146,-5.851994230033093,2,2,2,31/05/2025,6,12:40,7,60.0,3,6,2.0,3.0,1,3,15
DEMO104792,54.77156109719581,-5.689207219149643,3,2,2,23/04/2025,3,15:54,12,30.0,9,1,2.0,1.0,1,5,3
DEMO104793,53.73992286344997,-2.042588640585488,3,3,3,24/04/2025,4,13:50,9,20.0,9,6,3.0,1.0,1,3,22
DEMO104794,51.74649777307477,-2.699564109907273,3,1,2,20/04/2025,7,17:16,3,30.0,9,1,4.0,1.0,1,5,16
DEMO104795,53.38452292370664,-2.138865337541804,2,3,3,29/04/2025,2,18:42,6,60.0,1,1,2.0,1.0,1,2,11
DEMO104796,52.94200939531315,-1.1423194222797106,3,3,4,17/05/2025,6,20:26,7,70.0,8,1,2.0,5.0,2,5,24
DEMO104797,52.48907280798204,-1.8850931744927817,3,3,3,09/09/2025,2,23:08,9,70.0,8,1,2.0,2.0,1,4,15
DEMO104798,51.1830021548778,-2.9796327820254542,3,3,3,05/02/2025,3,21:22,2,20.0,8,1,2.0,1.0,2,2,40
DEMO104799,53.028679378358376,-1.2783958888367393,3,4,5,15/01/2025,3,19:58,6,70.0,0,7,2.0,1.0,2,3,36
DEMO104800,53.53003501197254,-1.564461115940484,3,1,1,08/07/2025,2,10:57,9,60.0,7,1,2.0,1.0,2,4,42
DEMO104801,53.45664992971246,-1.684289887335796,3,1,2,06/09/2025,6,12:47,1,30.0,1,1,2.0,2.0,1,1,25
DEMO104802,53.89794158001756,-1.9767161301395944,3,3,3,05/04/2025,6,14:59,9,40.0,9,1,1.0,1.0,1,1,41
DEMO104803,55.79290529319497,-3.2784474459972075,3,3,3,15/03/2025,6,04:34,9,70.0,7,7,4.0,3.0,1,2,28
DEMO104804,55.553760942513875,-4.457714370730834,3,2,3,17/08/2025,7,16:45,9,30.0,7,1,1.0,1.0,2,4,10
DEMO104805,55.738878845967704,-2.7182438924110115,2,2,4,21/05/2025,3,14:09,12,70.0,2,7,7.0,1.0,2,6,31
DEMO104806,53.42354065980562,-2.884391313697577,3,2,3,26/09/2025,5,12:17,9,40.0,3,1,3.0,4.0,2,6,41
DEMO104807,51.69740020901716,-3.1407615272473532,2,1,1,23/02/2025,7,20:10,6,30.0,6,6,1.0,3.0,1,5,15
DEMO104808,51.48591536869844,-2.619633541936329,2,3,3,14/02/2025,5,16:56,6,30.0,8,1,3.0,1.0,2,2,9
DEMO104809,55.86451560352884,-3.3502664574968057,3,3,4,21/07/2025,1,22:36,1,30.0,7,1,1.0,1.0,1,3,11
DEMO104810,53.750280602529585,-2.4440240030037588,3,2,3,24/05/2025,6,23:55,1,50.0,1,1,7.0,3.0,1,1,43
DEMO104811,53.45997408557387,-2.5242631949020535,3,2,4,24/09/2025,3,19:24,7,30.0,3,1,8.0,1.0,1,6,7
DEMO104812,52.70752202044471,-1.2385887247024905,3,2,2,04/07/2025,5,07:24,3,30.0,2,1,6.0,1.0,1,2,11
DEMO104813,53.13457170933875,-1.5219451182900918,2,4,6,10/05/2025,6,04:40,3,70.0,7,1,2.0,1.0,1,2,8
DEMO104814,55.98031762175478,-4.035805188828882,2,2,2,28/02/2025,5,07:34,9,30.0,3,4,7.0,4.0,1,1,26
DEMO104815,53.84356682728629,-1.7108635968131456,3,2,4,01/03/2025,6,17:22,2,30.0,0,4,3.0,1.0,1,3,10
DEMO104816,51.77348028022697,-2.973572865801223,3,4,5,03/10/2025,5,20:19,3,60.0,1,1,6.0,1.0,1,6,10
DEMO104817,53.782019897513244,-1.7497061927149844,3,3,3,24/03/2025,1,21:30,7,70.0,8,5,1.0,1.0,1,4,11
DEMO104818,53.00518101386201,-1.06543073727513,3,3,6,03/07/2025,4,16:04,1,60.0,7,6,7.0,2.0,1,2,7
DEMO104819,,-6.267450783652159,3,3,3,26/10/2025,7,16:11,6,30.0,0,7,4.0,1.0,1,2,34
DEMO104820,52.82810893634366,-1.311584733741603,3,2,2,24/11/2025,1,22:02,2,30.0,7,1,1.0,1.0,1,3,17
DEMO104821,55.77890475846475,-4.377046396964339,2,5,6,08/04/2025,2,16:09,9,60.0,6,1,9.0,1.0,1,5,13
DEMO104822,51.60635484857717,-3.1192574649438543,2,2,2,10/02/2025,1,03:11,7,60.0,1,7,4.0,1.0,1,4,21
DEMO104823,54.47560049167458,-6.2319746514128385,2,3,3,10/10/2025,5,12:04,7,50.0,0,7,7.0,5.0,2,3,40
DEMO104824,53.391018358769806,-2.6436294506843474,3,4,4,08/09/2025,1,08:03,3,30.0,2,7,1.0,1.0,1,5,5
DEMO104825,53.36827577595991,-2.997373359098215,3,1,2,01/05/2025,4,15:49,9,50.0,8,4,2.0,2.0,1,1,17
DEMO104826,53.47131959075553,-2.258468275698118,1,1,2,05/08/2025,2,15:10,3,50.0,1,4,4.0,1.0,1,5,33
DEMO104827,52.817221190453786,-1.5073978113059407,3,2,2,10/03/2025,1,07:33,7,60.0,9,7,1.0,1.0,1,2,25
DEMO104828,54.5600335569197,-5.857116551310285,3,2,2,13/09/2025,6,07:05,2,30.0,7,1,5.0,1.0,2,1,28
DEMO104829,53.20093794172951,-2.7289123856121202,3,2,2,23/09/2025,2,02:56,2,30.0,8,1,3.0,1.0,1,4,12
DEMO104830,51.44735618299325,-2.8120285982307824,3,1,1,20/04/2025,7,07:14,3,30.0,9,7,,2.0,1,2,15
DEMO104831,52.48112583600818,-2.035721538256616,3,1,2,21/06/2025,6,19:44,3,60.0,2,6,4.0,2.0,2,4,23
DEMO104832,51.46756406340685,-2.651262980021778,3,1,2,02/05/2025,5,15:38,2,60.0,7,1,1.0,1.0,1,6,10
DEMO104833,53.58149803965101,-2.320185726189123,3,2,3,12/01/2025,7,22:46,2,30.0,2,1,5.0,1.0,2,5,3
DEMO104834,54.92295542502454,-6.1596508698081935,3,3,3,16/02/2025,7,22:37,9,40.0,0,7,6.0,5.0,2,5,37
DEMO104835,52.65622417882232,-1.0631341758749753,3,2,2,17/12/2025,3,20:30,7,40.0,8,1,2.0,1.0,1,3,6
DEMO104836,52.4194285115176,-1.6093337720331373,3,3,4,16/06/2025,1,04:46,7,30.0,0,5,2.0,3.0,2,2,22
DEMO104837,51.34304464909596,-0.1454647080634187,3,4,5,23/02/2025,7,08:48,3,60.0,9,1,2.0,1.0,1,5,18
DEMO104838,51.53770148824381,-3.396336372663202,3,2,2,17/01/2025,5,01:22,1,30.0,8,1,1.0,1.0,1,2,31
DEMO104839,54.72472956230856,-6.19881188375574,3,5,5,09/05/2025,5,02:56,12,,7,5,6.0,1.0,1,2,29
DEMO104840,55.73490873555322,-2.607372593512271,3,6,8,25/12/2025,4,05:59,1,40.0,7,7,1.0,1.0,2,2,36
DEMO104841,52.54346758932251,-1.9964237965352118,2,1,1,21/05/2025,3,06:43,9,60.0,8,1,2.0,3.0,1,4,40
DEMO104842,52.6419697100689,-1.770079102226187,3,2,3,31/12/2025,3,00:55,7,20.0,0,1,1.0,1.0,1,5,2
DEMO104843,53.5572995155255,-2.6424863035717694,3,3,3,28/06/2025,6,20:06,3,30.0,8,1,3.0,2.0,1,3,35
DEMO104844,55.89251962127638,-3.3700969285728513,3,2,2,06/10/2025,1,12:32,9,30.0,1,1,5.0,1.0,1,5,44
DEMO104845,56.07497558736609,-2.9300222339472697,3,6,8,14/10/2025,2,15:39,9,30.0,0,7,1.0,1.0,1,5,34
DEMO104846,51.43569572195675,-3.3909571046742695,1,4,6,11/01/2025,6,15:55,9,40.0,2,1,1.0,2.0,1,4,44
DEMO104847,52.64919004071827,-2.0890707725385145,2,3,4,03/01/2025,5,23:07,6,60.0,2,7,1.0,1.0,1,6,26
DEMO104848,52.549666957479026,-1.804723133174955,3,1,1,03/12/2025,3,03:48,3,40.0,1,6,1.0,2.0,1,4,6
DEMO104849,51.447703966617254,-3.3377818399884593,2,4,4,07/12/2025,7,08:04,7,60.0,8,1,2.0,1.0,1,5,19
DEMO104850,54.37087449986428,-5.800005931065977,3,3,3,18/02/2025,2,07:21,2,30.0,7,1,5.0,1.0,1,2,13
DEMO104851,55.86729021329528,-4.411083031466876,3,1,2,24/08/2025,7,13:41,3,30.0,9,7,2.0,1.0,2,4,41
DEMO104852,52.29330543224501,-1.9153495932334417,3,2,3,04/12/2025,4,12:17,7,30.0,8,1,1.0,1.0,1,1,44
DEMO104853,51.31173375058701,0.0276663579099653,3,1,1,13/12/2025,6,18:50,3,60.0,8,6,3.0,1.0,1,1,2
DEMO104854,51.444754242437675,-0.2385296863488226,2,5,9,19/04/2025,6,13:55,9,30.0,9,1,5.0,1.0,1,6,14
DEMO104855,55.85050847711607,-4.553657605268414,3,4,5,26/10/2025,7,05:09,12,30.0,8,1,1.0,1.0,1,4,2
DEMO104856,51.26660622240065,-3.2843321135963754,3,2,2,24/08/2025,7,13:15,2,20.0,1,1,1.0,1.0,1,6,39
DEMO104857,53.35135633998612,-1.7090990079929513,2,1,1,05/12/2025,5,23:04,3,30.0,1,1,5.0,2.0,2,4,38
DEMO104858,53.75800847875902,-1.668252667213994,3,3,4,23/02/2025,7,13:42,6,,3,5,1.0,2.0,1,3,4
DEMO104859,55.84533063187583,-3.187045701127673,3,2,2,08/08/2025,5,14:53,1,30.0,2,4,5.0,1.0,1,1,39
DEMO104860,51.46119650077753,-0.12675743422061111,3,3,3,09/01/2025,4,04:36,2,60.0,9,1,5.0,4.0,1,1,4
DEMO104861,56.06933348737957,-2.9715139172680307,2,3,5,11/05/2025,7,00:07,9,30.0,6,4,6.0,4.0,2,1,11
DEMO104862,51.4118193713745,-3.3673732084470958,3,4,4,05/01/2025,7,05:10,1,,9,1,1.0,2.0,1,1,11
DEMO104863,55.96886168633789,-4.25692030932374,3,3,3,11/06/2025,3,00:02,3,40.0,3,7,1.0,1.0,1,3,22
DEMO104864,51.46725146408482,-2.8510245634202485,2,3,5,24/10/2025,5,10:29,3,,9,7,6.0,1.0,2,2,30
DEMO104865,,-1.3923786571684247,3,2,2,29/08/2025,5,21:43,1,20.0,0,4,2.0,1.0,2,3,13
DEMO104866,53.554508384590626,-2.7651401993495166,3,2,3,26/04/2025,6,10:09,9,60.0,3,7,1.0,2.0,1,6,43
DEMO104867,53.76255354646645,-1.5628119371434357,2,4,6,05/06/2025,4,15:50,9,30.0,9,1,2.0,1.0,1,6,19
DEMO104868,54.47475715845365,-5.737318623272503,3,2,4,15/05/2025,4,20:15,3,60.0,3,1,1.0,1.0,1,3,13
DEMO104869,55.951503783430574,-4.296100214116982,1,6,7,25/09/2025,4,18:30,3,50.0,8,1,3.0,2.0,2,2,24
DEMO104870,53.38637439215817,-2.5810500045498146,3,1,1,08/04/2025,2,15:40,9,60.0,2,6,8.0,4.0,1,3,5
DEMO104871,54.31519371201797,-5.775242228909819,2,4,5,03/02/2025,1,18:32,7,30.0,8,1,4.0,1.0,2,1,37
DEMO104872,51.63979494226494,-0.03948092589759722,3,1,1,04/07/2025,5,06:28,6,50.0,7,6,2.0,3.0,1,6,25
DEMO104873,53.27090190664211,-1.460830183654844,2,1,1,30/10/2025,4,10:20,3,40.0,8,1,8.0,2.0,1,5,3
DEMO104874,53.10817325531017,-2.4700815710600015,2,1,3,24/06/2025,2,09:25,6,60.0,7,1,4.0,1.0,1,1,27
DEMO104875,53.36734524502897,-1.0968971990221694,3,1,1,16/03/2025,7,19:14,3,30.0,7,4,1.0,2.0,2,5,31
DEMO104876,51.62298891633654,-2.397318214655157,3,2,2,17/01/2025,5,09:17,3,40.0,6,4,4.0,1.0,1,5,33
DEMO104877,53.30225454870256,-3.1439215275320613,2,1,3,11/12/2025,4,22:45,7,40.0,7,1,1.0,1.0,1,5,4
DEMO104878,55.801554955777625,-3.910621527693639,2,3,3,05/10/2025,7,04:52,3,20.0,8,6,1.0,6.0,1,5,6
DEMO104879,56.04305776161056,-2.860013518573031,3,3,3,26/02/2025,3,04:50,7,20.0,1,5,3.0,1.0,1,5,44
DEMO104880,51.37259592597019,-2.6365573354926526,1,2,2,27/01/2025,1,17:19,9,60.0,8,1,1.0,1.0,1,5,21
DEMO104881,54.57860567497909,-6.135653349286109,2,3,3,17/02/2025,1,18:19,9,50.0,2,5,1.0,4.0,1,4,22
DEMO104882,53.56950865154203,-2.878539729658667,2,1,5,18/05/2025,7,16:03,7,40.0,0,1,3.0,1.0,2,6,2
DEMO104883,52.60814804575901,-1.9373305872045745,3,4,4,24/10/2025,5,07:16,3,50.0,7,6,1.0,1.0,1,4,25
DEMO104884,51.54812336196733,0.5182936711595963,3,4,4,28/02/2025,5,00:35,7,20.0,7,1,2.0,1.0,1,3,29
DEMO104885,53.180735068244054,-2.4902864039554595,2,1,1,26/10/2025,7,07:16,9,30.0,8,5,1.0,1.0,1,1,28
DEMO104886,55.96933521811095,-3.876272454478471,2,5,6,01/01/2025,3,11:44,2,50.0,9,1,4.0,1.0,1,3,44
DEMO104887,52.88366953096158,-1.2558890352900614,3,1,2,27/09/2025,6,09:03,9,50.0,3,1,7.0,1.0,1,6,41
DEMO104888,51.542633208543386,-2.6440413607180013,3,5,5,14/04/2025,1,22:24,12,40.0,9,5,1.0,2.0,1,5,43
DEMO104889,53.13536724037545,-3.193626752810094,3,3,5,17/12/2025,3,20:16,7,30.0,7,1,5.0,1.0,1,5,8
DEMO104890,51.65038881994238,-3.1506386446843684,3,1,2,23/06/2025,1,18:29,2,40.0,2,5,1.0,1.0,1,4,16
DEMO104891,52.803515707518585,-1.3676961894701039,3,2,2,09/04/2025,3,00:01,7,50.0,8,4,1.0,1.0,1,5,22
DEMO104892,51.58498636078616,-0.18350245558861344,3,1,1,30/03/2025,7,03:25,3,30.0,1,1,1.0,1.0,2,3,22
DEMO104893,51.67538211165474,-0.43084711788462693,3,4,5,29/10/2025,3,10:47,3,40.0,9,1,1.0,1.0,1,6,19
DEMO104894,53.478734970485185,-3.4710268363860903,2,3,3,28/05/2025,3,14:51,1,20.0,3,5,1.0,1.0,2,5,24
DEMO104895,51.524009247290564,-2.6426903960585992,3,2,2,09/05/2025,5,16:15,9,30.0,0,1,5.0,1.0,2,6,38
DEMO104896,51.49748457793264,,2,6,6,26/09/2025,5,07:25,7,60.0,8,1,5.0,1.0,1,3,5
DEMO104897,52.73524154583008,-1.0994721342862506,3,3,3,16/07/2025,3,02:41,6,30.0,1,1,9.0,1.0,1,2,20
DEMO104898,56.19187830097872,-3.2304821133730326,3,2,3,31/08/2025,7,07:27,3,60.0,0,1,8.0,1.0,2,2,33
DEMO104899,,-0.8442030792260158,2,4,6,12/06/2025,4,19:32,3,50.0,0,5,2.0,1.0,1,6,25
DEMO104900,51.385630362850286,-3.1465460735747364,2,4,7,24/01/2025,5,23:20,6,30.0,9,7,1.0,1.0,1,6,16
DEMO104901,52.76406962254134,-1.404005460501372,3,2,2,03/01/2025,5,22:50,6,60.0,0,4,1.0,1.0,1,5,26
DEMO104902,53.56230552700801,-1.6828301926099525,3,6,6,15/01/2025,3,14:37,2,30.0,7,4,2.0,1.0,1,6,24
DEMO104903,55.536462964139965,-4.243117584626919,3,1,1,29/07/2025,2,02:57,3,30.0,6,1,6.0,2.0,2,6,9
DEMO104904,53.576584220750625,-2.432797219266076,2,1,3,07/07/2025,1,23:46,1,30.0,9,5,1.0,1.0,1,3,17
DEMO104905,53.2499515252834,-1.6334848000360986,2,1,1,30/09/2025,2,03:22,9,50.0,9,6,1.0,1.0,1,6,41
DEMO104906,53.88724430139697,-1.485617552684729,3,3,3,23/11/2025,7,06:19,6,30.0,9,1,2.0,1.0,1,5,19
DEMO104907,55.771982726680974,-3.2350027231450365,2,3,4,05/03/2025,3,23:05,9,30.0,3,5,7.0,1.0,2,3,21
DEMO104908,55.95430130365597,-3.3656241046752813,2,3,3,16/12/2025,2,12:37,3,60.0,6,1,2.0,1.0,2,6,33
DEMO104909,53.07396083625901,-1.794741157231349,2,2,5,07/12/2025,7,04:44,3,60.0,8,1,4.0,1.0,1,3,21
DEMO104910,54.600045683839625,-5.749128540019624,3,2,3,13/08/2025,3,12:21,3,70.0,1,1,,1.0,1,2,22
DEMO104911,52.95400467849088,-1.2174317104794166,2,3,5,13/07/2025,7,01:01,3,20.0,1,1,1.0,1.0,1,1,41
DEMO104912,51.63663896142615,-0.4258726279621178,3,1,2,06/03/2025,4,07:49,3,60.0,9,1,2.0,1.0,1,3,27
DEMO104913,53.294998558956415,-1.8803319089200616,3,4,5,07/03/2025,5,22:13,9,60.0,0,1,5.0,3.0,1,1,8
DEMO104914,56.004234370446895,-3.124886660536934,3,4,4,07/01/2025,2,07:34,2,30.0,3,1,4.0,2.0,2,2,3
DEMO104915,52.41481944807531,-1.9678287761578717,3,2,2,24/08/2025,7,21:03,3,30.0,1,1,2.0,1.0,2,6,20
DEMO104916,52.56784108250467,-1.8525566045472177,2,3,6,08/06/2025,7,13:03,2,20.0,0,1,1.0,3.0,1,3,24
DEMO104917,53.871200468807515,,3,2,5,12/03/2025,3,15:53,3,60.0,9,1,1.0,1.0,1,6,13
DEMO104918,51.63993628551834,-2.9878917612560056,2,4,5,18/02/2025,2,16:40,7,40.0,1,6,1.0,1.0,2,3,44
DEMO104919,52.74371447486531,-1.1691996280772219,3,5,5,24/01/2025,5,13:00,1,20.0,3,4,1.0,1.0,1,1,40
DEMO104920,54.5808420671506,-6.3359943921348325,3,2,2,22/08/2025,5,00:06,1,30.0,2,1,1.0,4.0,1,1,17
DEMO104921,51.53268276813145,-2.7910081984133486,3,3,3,08/09/2025,1,22:29,9,60.0,6,1,4.0,1.0,1,1,16
DEMO104922,53.28228087524163,-1.1422829030147317,1,1,1,19/08/2025,2,11:40,3,40.0,8,1,5.0,2.0,1,6,24
DEMO104923,56.22108319767175,-3.666851951620247,3,4,4,10/02/2025,1,15:25,3,60.0,8,1,4.0,1.0,1,1,32
DEMO104924,53.55610403660165,-1.7461193356724531,3,4,5,16/01/2025,4,13:52,7,,7,1,4.0,1.0,1,3,8
DEMO104925,52.37552518939945,-2.2017804053365624,3,2,2,08/02/2025,6,15:39,2,70.0,6,1,9.0,1.0,1,2,17
DEMO104926,51.004715105739905,-2.244970708238748,3,2,3,02/10/2025,4,08:36,9,30.0,1,1,8.0,1.0,1,5,9
DEMO104927,53.7764228121218,-1.4118993267406128,3,1,1,28/09/2025,7,20:17,9,30.0,3,5,1.0,2.0,1,6,38
DEMO104928,53.53796497068313,-1.9449924355508856,2,5,7,18/04/2025,5,05:40,3,70.0,9,1,1.0,1.0,1,2,39
DEMO104929,53.585312558517664,-2.537311353414515,3,1,1,21/01/2025,2,15:52,6,30.0,8,1,1.0,1.0,1,3,27
DEMO104930,51.45048916117937,-0.42554208717105335,2,2,2,27/04/2025,7,13:02,3,40.0,0,1,7.0,1.0,1,4,21
DEMO104931,55.863507319414246,-4.498984168894686,3,4,4,23/10/2025,4,12:44,9,30.0,8,7,1.0,2.0,1,4,2
DEMO104932,51.684874526315255,-3.846354498818878,3,5,6,22/02/2025,6,00:52,1,50.0,8,5,1.0,2.0,1,5,10
DEMO104933,55.76498275655763,-3.3138204822091524,1,2,2,18/10/2025,6,09:25,7,30.0,8,5,2.0,1.0,2,2,24
DEMO104934,51.251269589244366,-3.0374862579027297,3,2,2,19/06/2025,4,01:45,3,30.0,8,7,3.0,1.0,1,5,24
DEMO104935,53.33777660390135,-1.4520513590957806,3,2,3,21/02/2025,5,12:21,9,20.0,9,4,3.0,1.0,1,1,6
DEMO104936,54.59909012892381,-5.953265392707541,3,2,2,07/12/2025,7,16:11,12,70.0,0,1,5.0,1.0,2,3,34
DEMO104937,53.481075481574344,-1.6851367897037743,3,3,5,09/07/2025,3,12:48,3,60.0,3,5,2.0,1.0,1,3,20
DEMO104938,53.80434445186213,-1.4266691215109668,3,1,1,03/09/2025,3,18:18,3,60.0,9,1,6.0,2.0,1,5,28
DEMO104939,51.30242164155716,-2.5497732314223485,2,3,4,05/02/2025,3,08:45,6,60.0,7,5,1.0,1.0,1,3,13
DEMO104940,55.79566981850488,-3.93284028100387,3,2,3,16/05/2025,5,07:18,7,40.0,8,1,6.0,1.0,2,2,24
DEMO104941,53.440254875154004,-2.548281601498309,3,2,3,19/08/2025,2,10:23,3,20.0,2,1,3.0,1.0,1,3,43
DEMO104942,51.60050753167665,-3.1472461490400443,3,2,3,24/08/2025,7,05:41,7,20.0,1,1,1.0,,1,1,30
DEMO104943,51.66149184885071,-3.0753480341184654,1,5,6,23/01/2025,4,19:20,9,60.0,9,1,8.0,1.0,1,2,39
DEMO104944,51.45797242443343,0.0122958345812903,3,4,5,09/08/2025,6,19:48,12,40.0,2,4,8.0,2.0,1,4,32
DEMO104945,55.73685589287327,-3.78936402447715,3,4,4,11/12/2025,4,09:02,9,30.0,7,1,6.0,1.0,1,3,9
DEMO104946,51.29283750995516,-2.926098159188052,3,5,6,15/10/2025,3,19:00,7,20.0,2,1,7.0,1.0,1,3,26
DEMO104947,53.164823013572956,-1.2946791604155452,3,4,4,17/03/2025,1,00:04,3,,9,1,1.0,1.0,1,1,34
DEMO104948,53.722270053428424,-1.8802169224591474,3,2,2,30/11/2025,7,03:15,2,20.0,2,6,1.0,1.0,1,4,14
DEMO104949,51.31703747887033,-2.738950538928054,3,5,7,07/09/2025,7,06:03,7,30.0,9,6,1.0,2.0,2,5,7
DEMO104950,53.830891432924,-1.6419985474618897,3,2,2,21/01/2025,2,09:22,7,50.0,2,5,6.0,2.0,2,5,35
DEMO104951,51.79797832383786,-0.3382856429658746,3,5,6,16/02/2025,7,05:01,9,40.0,9,1,5.0,2.0,1,4,29
DEMO104952,55.78692063927736,-3.08814965421779,2,6,6,03/12/2025,3,12:45,3,30.0,2,1,9.0,2.0,1,1,30
DEMO104953,52.59262688106469,-1.769785991163899,3,3,3,18/03/2025,2,19:09,3,40.0,9,1,6.0,3.0,2,6,19
DEMO104954,51.372604741359154,-2.5897563926512475,3,3,3,05/02/2025,3,10:58,3,30.0,7,1,3.0,1.0,1,2,4
DEMO104955,53.500796357458,-2.1651288605694736,3,2,3,14/06/2025,6,10:51,6,30.0,1,1,1.0,1.0,1,6,23
DEMO104956,52.632207829324194,-1.464537446470253,2,3,5,11/07/2025,5,01:41,3,40.0,2,6,1.0,2.0,1,2,22
DEMO104957,51.673378826954746,-2.5016002732895104,3,3,5,29/07/2025,2,06:47,3,60.0,8,1,2.0,1.0,1,5,40
DEMO104958,54.501971815891714,-6.2500194042857995,3,2,4,29/08/2025,5,19:46,2,60.0,8,1,5.0,1.0,1,5,6
DEMO104959,54.73237112546791,-6.120577056836097,2,4,5,31/12/2025,3,19:50,3,30.0,2,4,1.0,3.0,2,3,20
DEMO104960,51.49724194226097,-2.796612262944882,3,3,5,05/10/2025,7,02:33,3,30.0,1,1,7.0,1.0,2,6,23
DEMO104961,53.027300843570764,-0.8184028415736688,3,3,4,10/01/2025,5,00:37,12,30.0,8,1,4.0,1.0,1,2,10
DEMO104962,54.819716683384556,-6.051150982882107,3,1,1,02/02/2025,7,19:28,9,20.0,7,5,1.0,1.0,2,1,33
DEMO104963,,-2.4898005333557593,3,1,2,01/01/2025,3,04:37,3,20.0,8,6,6.0,1.0,2,3,23
DEMO104964,54.73677509292175,-6.204481293349556,2,4,4,25/05/2025,7,13:22,9,30.0,6,5,3.0,1.0,1,5,10
DEMO104965,52.51443643765196,-2.028412669247529,2,3,4,08/05/2025,4,19:07,6,30.0,2,7,4.0,1.0,2,4,27
DEMO104966,53.693890322264174,-2.390283280889537,3,1,2,07/12/2025,7,18:55,12,40.0,3,1,1.0,1.0,2,5,41
DEMO104967,51.52831334329306,-2.771292019920121,3,2,4,14/05/2025,3,13:41,7,20.0,0,5,1.0,1.0,1,3,10
DEMO104968,51.480200831329284,0.0820849065542062,2,4,4,12/01/2025,7,09:42,3,30.0,9,7,1.0,1.0,2,6,28
DEMO104969,56.11012196832813,-3.2586150406895884,3,4,4,19/11/2025,3,18:16,3,20.0,2,1,2.0,1.0,2,5,7
DEMO104970,51.37939089545938,-3.198537627173684,2,1,1,05/04/2025,6,16:46,12,40.0,6,6,5.0,1.0,1,3,28
DEMO104971,51.38242947942782,-2.4085166634983883,1,1,4,30/11/2025,7,20:31,12,30.0,2,7,8.0,1.0,1,6,33
DEMO104972,51.346392732035895,-2.9816681189367737,2,3,3,10/10/2025,5,12:04,6,20.0,2,5,7.0,1.0,1,1,33
DEMO104973,55.84047920806911,-3.335124424122321,3,2,2,18/11/2025,2,22:57,7,30.0,8,1,1.0,1.0,1,6,14
DEMO104974,55.46096947744982,-2.8990003582762562,3,1,2,27/10/2025,1,18:59,6,20.0,8,1,,3.0,1,5,37
DEMO104975,55.86137520363566,-3.1939730815707774,3,3,3,22/02/2025,6,01:52,9,60.0,8,5,1.0,1.0,1,3,29
DEMO104976,52.941569180981126,-1.2998047898373573,2,2,2,17/08/2025,7,07:28,6,30.0,0,6,1.0,1.0,1,4,38
DEMO104977,52.6230615503593,-1.6717029520630171,3,5,6,31/05/2025,6,19:13,2,50.0,9,1,4.0,1.0,1,6,14
DEMO104978,54.431536151143945,-5.835963937060581,3,3,4,18/08/2025,1,02:00,3,50.0,9,1,7.0,1.0,1,2,25
DEMO104979,53.29101545926692,-1.399603952308985,3,6,7,30/09/2025,2,17:44,7,40.0,9,1,8.0,1.0,1,3,10
DEMO104980,51.44986446527664,-3.266053276897771,2,2,4,02/07/2025,3,08:53,3,40.0,1,1,5.0,3.0,2,5,36
DEMO104981,54.73508651197991,-5.930477441309642,2,2,3,25/04/2025,5,04:06,9,30.0,6,6,1.0,1.0,1,3,5
DEMO104982,53.51319227396703,-2.4179760016736376,3,3,4,01/12/2025,1,12:41,12,30.0,9,1,1.0,2.0,1,5,26
DEMO104983,51.52190731381173,-2.6388137368719584,2,2,3,31/08/2025,7,22:01,3,,8,1,1.0,1.0,1,6,42
DEMO104984,53.63958464315487,-2.3435666164952225,3,4,5,20/11/2025,4,21:46,9,20.0,0,4,3.0,3.0,1,2,12
DEMO104985,51.597920079994005,-0.069280299932127,2,3,6,28/03/2025,5,09:01,9,30.0,9,1,2.0,3.0,1,5,32
DEMO104986,54.48879710320454,-5.5609847820336675,3,1,2,02/11/2025,7,00:58,7,30.0,8,5,1.0,1.0,1,3,5
DEMO104987,54.905173306260515,-5.972385238174016,3,2,2,29/04/2025,2,21:10,2,30.0,8,1,2.0,1.0,1,3,5
DEMO104988,54.25496672209968,-5.741666857988833,3,2,3,18/06/2025,3,21:24,3,60.0,3,1,2.0,1.0,1,1,18
DEMO104989,51.643295240726616,-3.14712757205225,2,2,3,11/11/2025,2,14:41,12,20.0,7,6,4.0,1.0,1,2,5
DEMO104990,53.46030401656022,-1.194711906796491,3,4,4,10/05/2025,6,15:50,7,30.0,8,1,2.0,1.0,1,4,6
DEMO104991,53.1787600185709,-0.7493622084887781,3,2,2,02/04/2025,3,12:21,7,50.0,3,1,,1.0,2,1,7
DEMO104992,54.55533088008734,-6.052995111819939,3,5,5,01/12/2025,1,00:58,1,60.0,8,1,4.0,2.0,1,1,10
DEMO104993,52.865466269367246,-1.5679257070180217,2,2,3,18/12/2025,4,03:00,3,30.0,2,5,4.0,1.0,1,2,22
DEMO104994,,-1.7691995220415015,3,3,3,24/04/2025,4,03:28,6,40.0,1,1,1.0,2.0,1,6,6
DEMO104995,53.289373350252475,-2.0061452375437527,3,3,4,22/04/2025,2,21:59,7,30.0,9,4,1.0,1.0,1,1,20
DEMO104996,55.834138645765236,-4.175352478925394,3,2,2,25/03/2025,2,01:16,9,70.0,2,1,8.0,1.0,2,5,23
DEMO104997,55.80172225018208,-3.422895037014438,3,2,4,09/01/2025,4,13:32,6,50.0,0,6,,2.0,1,3,31
DEMO104998,55.73614081485298,-3.8672064885709174,3,3,6,21/07/2025,1,08:26,3,30.0,8,4,1.0,1.0,1,2,26
DEMO104999,53.217556562763825,-3.0679685743175886,3,3,3,04/04/2025,5,00:23,3,50.0,8,6,2.0,2.0,1,3,28
DEMO105000,53.66690506060886,-2.3287347012334223,2,3,3,06/11/2025,4,22:46,2,30.0,8,5,3.0,3.0,1,3,9
DEMO105001,51.37733285214369,-0.19805838348285515,3,1,3,04/03/2025,2,00:31,2,30.0,2,6,1.0,1.0,1,3,37
DEMO105002,53.45340844501426,-1.1663996036840731,3,2,3,20/08/2025,3,20:42,3,40.0,7,1,1.0,1.0,1,3,9
DEMO105003,55.84148800928544,-4.4354984582634955,2,2,4,04/07/2025,5,18:31,9,50.0,0,1,8.0,1.0,2,4,15
DEMO105004,56.01576314623306,-2.880909409906742,2,1,1,12/08/2025,2,19:59,3,70.0,0,7,2.0,1.0,2,5,8
DEMO105005,54.55008236447127,-5.794964084140613,2,2,3,11/02/2025,2,03:28,9,30.0,2,7,1.0,4.0,1,5,39
DEMO105006,53.547879637934194,-2.6638563033416256,3,2,2,20/06/2025,5,21:47,12,50.0,6,7,5.0,2.0,1,3,29
DEMO105007,56.06373772787622,-3.0045395152233074,2,3,5,17/08/2025,7,14:36,2,50.0,7,7,2.0,1.0,1,3,28
DEMO105008,56.08189026960749,-4.167349186213399,3,4,5,05/05/2025,1,09:48,9,30.0,1,4,3.0,2.0,1,2,12
DEMO105009,53.681844589150366,-1.3819831000856984,3,1,3,16/11/2025,7,16:53,2,50.0,9,1,1.0,3.0,1,5,10
DEMO105010,51.329180612838634,-3.1566240530378855,3,2,3,13/07/2025,7,08:13,2,60.0,9,6,1.0,1.0,1,5,12
DEMO105011,51.43741105677242,-0.297023611536568,3,4,5,13/05/2025,2,06:18,3,40.0,1,1,1.0,1.0,1,2,41
DEMO105012,53.40152212256081,-1.311308911769526,2,1,2,12/01/2025,7,06:18,2,30.0,8,6,8.0,2.0,1,4,23
DEMO105013,54.69215156426316,-5.947331777990079,2,1,2,03/03/2025,1,13:29,7,50.0,7,6,3.0,2.0,1,1,37
DEMO105014,53.26828688757435,-1.1669702327564868,3,2,2,23/06/2025,1,14:29,9,60.0,6,4,6.0,1.0,1,2,35
DEMO105015,54.63328401436147,-5.635471372681758,2,2,4,27/05/2025,2,05:00,7,30.0,6,1,1.0,1.0,1,2,4
DEMO105016,51.474520201740276,0.012318123590533747,2,3,5,15/11/2025,6,05:53,7,30.0,8,5,5.0,1.0,1,3,30
DEMO105017,52.906887236699646,-0.9200936409520822,2,1,2,14/10/2025,2,22:51,9,,1,7,2.0,1.0,2,1,29
DEMO105018,55.95172601675483,-3.06994488114583,3,3,3,28/02/2025,5,12:36,9,20.0,7,1,4.0,1.0,1,4,8
DEMO105019,53.65127413663743,-1.3495663574691577,3,1,2,04/08/2025,1,20:18,9,60.0,2,1,1.0,1.0,1,5,23
DEMO105020,51.623902370053464,-3.331019633383836,3,2,3,15/06/2025,7,07:49,7,30.0,0,5,3.0,2.0,2,4,18
DEMO105021,53.59723029214532,-2.930726024705104,3,2,2,06/02/2025,4,06:16,3,30.0,7,6,1.0,1.0,1,3,40
DEMO105022,55.92943933417316,-4.144932908430234,3,3,3,01/09/2025,1,06:18,6,60.0,2,5,1.0,2.0,2,1,39
DEMO105023,53.72540880260926,-2.9032935331868726,2,3,6,16/07/2025,3,12:59,6,30.0,8,4,5.0,1.0,2,3,17
DEMO105024,51.641775311787406,-3.1136000321836668,2,2,3,01/02/2025,6,18:55,2,30.0,8,1,1.0,1.0,1,5,6
DEMO105025,52.229614983268846,-1.8397475082231811,3,3,3,20/06/2025,5,12:35,9,30.0,2,1,1.0,1.0,1,1,15
DEMO105026,53.93176736343426,-1.0495686601274898,3,2,3,25/09/2025,4,07:10,12,60.0,9,7,7.0,1.0,1,1,36
DEMO105027,52.54711727023796,-1.8578084854486439,3,5,6,30/04/2025,3,23:07,12,30.0,2,1,1.0,2.0,1,2,1
DEMO105028,55.9761931975297,-4.073373584853367,2,1,5,11/05/2025,7,13:57,3,50.0,8,1,3.0,1.0,1,4,12
DEMO105029,53.210804921576674,-2.2349591972499723,3,4,7,10/02/2025,1,09:15,2,70.0,2,1,6.0,1.0,1,2,12
DEMO105030,53.53733518698051,-1.4671198378190906,2,4,5,16/03/2025,7,00:40,2,40.0,1,1,4.0,5.0,1,6,29
DEMO105031,51.46449039363599,-3.3814208234544454,3,3,4,25/12/2025,4,13:21,9,30.0,9,1,1.0,2.0,1,4,32
DEMO105032,51.138448114750304,-2.7245212053070906,3,2,2,15/08/2025,5,14:29,7,30.0,9,6,2.0,1.0,1,2,8
DEMO105033,52.61279705911697,-2.0037362484316437,2,5,5,06/03/2025,4,22:59,9,,2,1,2.0,1.0,1,3,16
DEMO105034,51.53400794298055,-0.4591294119513285,1,3,5,26/06/2025,4,05:35,9,30.0,2,4,1.0,1.0,1,3,28
DEMO105035,53.83139670754234,-2.2086139309632484,3,3,3,12/03/2025,3,03:25,3,40.0,8,1,4.0,1.0,1,3,44
DEMO105036,51.54901780364243,-3.388739040234507,2,1,3,11/06/2025,3,23:24,3,40.0,2,7,,5.0,2,2,31
DEMO105037,53.07969458034239,-1.411480683849864,3,2,2,23/02/2025,7,13:13,9,50.0,9,1,1.0,1.0,1,2,43
DEMO105038,54.70151595401603,-5.408256957596359,2,3,4,14/08/2025,4,00:33,3,40.0,0,1,1.0,1.0,2,2,42
DEMO105039,53.49493140574978,-1.9600566316345223,3,3,4,28/07/2025,1,02:34,6,50.0,1,1,4.0,1.0,1,2,32
DEMO105040,51.47567236834499,-2.0884262959488598,2,4,5,20/08/2025,3,11:05,3,30.0,1,7,2.0,1.0,1,6,5
DEMO105041,52.476045391369915,-1.8984288978259911,3,3,3,11/06/2025,3,14:24,7,30.0,2,5,5.0,1.0,1,3,23
DEMO105042,51.024920290342,-2.6507420675842175,2,2,4,15/04/2025,2,05:38,12,60.0,9,4,1.0,1.0,1,4,39
DEMO105043,53.15679974564547,-1.0520803988443435,3,3,3,02/04/2025,3,08:03,2,60.0,7,1,1.0,2.0,1,3,20
DEMO105044,56.157093018125714,-3.0846755876979826,3,2,4,20/03/2025,4,17:58,6,30.0,1,1,4.0,2.0,2,4,27
DEMO105045,51.60998500232294,-2.6567428871414602,2,2,2,06/06/2025,5,23:51,12,20.0,0,7,9.0,3.0,1,6,20
DEMO105046,55.96927843710724,-3.3568322126148344,3,1,1,14/06/2025,6,11:38,3,50.0,2,1,1.0,1.0,1,3,4
DEMO105047,53.356788117009955,-1.3130345046863408,3,3,4,03/09/2025,3,09:00,9,30.0,7,5,,1.0,1,6,33
DEMO105048,53.59660012389294,-1.9146936325567552,3,1,1,20/01/2025,1,08:31,12,30.0,7,6,1.0,2.0,1,3,38
DEMO105049,51.256221019524176,-3.0247898155092985,3,1,1,13/04/2025,7,03:53,3,20.0,1,5,1.0,1.0,1,6,17
DEMO105050,53.30148163367015,-3.0489250314732237,3,2,4,08/11/2025,6,01:01,2,30.0,8,1,2.0,1.0,1,2,44
DEMO105051,52.52278480349367,-1.689094503784912,2,4,4,01/12/2025,1,20:47,2,30.0,7,1,1.0,6.0,1,6,44
DEMO105052,54.6645241594032,-5.65797391371903,3,2,2,06/12/2025,6,00:50,2,20.0,9,1,,2.0,1,6,17
DEMO105053,51.38889396623118,-3.0269978091818976,2,3,3,22/04/2025,2,19:04,3,30.0,7,7,1.0,3.0,1,4,28
DEMO105054,51.272746550092045,-0.3936204542044187,2,3,3,20/02/2025,4,05:13,2,60.0,2,6,2.0,1.0,1,2,40
DEMO105055,51.36161783666182,-3.5256148237011224,3,2,2,14/03/2025,5,16:43,3,60.0,1,1,1.0,1.0,2,3,32
DEMO105056,54.57582882282378,-6.295408532452937,2,1,3,18/02/2025,2,22:54,9,30.0,9,7,5.0,1.0,1,5,14
DEMO105057,55.67219753523571,-3.2956825520350925,2,4,4,15/12/2025,1,17:46,3,30.0,0,1,7.0,1.0,1,2,40
DEMO105058,53.83373267570925,-1.892843888512626,3,3,3,19/11/2025,3,17:31,6,20.0,2,1,2.0,1.0,1,3,19
DEMO105059,53.671277696261555,-1.4739654399358928,3,2,2,23/10/2025,4,06:36,2,60.0,7,1,2.0,2.0,2,5,38
DEMO105060,52.810211383931424,-1.366480005261096,3,3,4,24/09/2025,3,14:31,7,20.0,7,7,9.0,1.0,2,4,31
DEMO105061,53.762570918303346,-1.6016233767388137,3,3,5,06/05/2025,2,15:34,3,70.0,7,1,1.0,1.0,2,5,28
DEMO105062,53.254278250877405,-1.4674081411910278,3,3,5,23/06/2025,1,10:46,2,50.0,8,1,5.0,2.0,1,1,25
DEMO105063,53.34097515575673,-1.3720235022363025,2,3,3,04/11/2025,2,00:02,12,60.0,1,1,2.0,2.0,2,3,14
DEMO105064,53.04178276087566,-1.3463636455719072,2,2,2,25/10/2025,6,21:12,9,30.0,8,1,6.0,,1,4,32
DEMO105065,55.85586468425892,-4.351347617700334,3,1,2,09/07/2025,3,04:03,7,40.0,9,1,1.0,1.0,1,6,33
DEMO105066,52.64964283624241,-1.0705801922335987,3,2,7,02/11/2025,7,23:47,9,30.0,0,1,,1.0,1,1,10
DEMO105067,51.55245150951631,-0.15508796530093977,3,1,2,07/05/2025,3,22:43,3,50.0,0,6,1.0,1.0,1,1,22
DEMO105068,51.5213946747329,-0.1621603393274943,3,4,5,31/05/2025,6,00:03,3,40.0,9,7,1.0,1.0,1,6,40
DEMO105069,54.54998582114091,-5.764254603719729,3,1,2,03/11/2025,1,17:06,6,60.0,2,1,1.0,1.0,1,5,3
DEMO105070,51.494504005265235,-3.392562602990704,3,3,3,18/05/2025,7,15:15,9,50.0,3,7,9.0,2.0,1,3,23
DEMO105071,53.460704339670365,-1.2693961306963724,2,1,2,02/10/2025,4,05:14,12,,2,6,1.0,4.0,1,2,24
DEMO105072,53.3211822286938,-1.6928349535749654,3,4,4,15/06/2025,7,19:31,7,40.0,7,7,1.0,1.0,2,4,26
DEMO105073,56.04976176177897,-3.119323222325269,3,6,6,19/04/2025,6,02:29,3,40.0,8,1,,1.0,1,6,14
DEMO105074,52.376523770222335,-1.9965134596424952,2,3,3,21/03/2025,5,05:21,9,20.0,8,6,2.0,1.0,1,4,3
DEMO105075,51.73085968111626,-2.934054458401001,3,2,2,10/08/2025,7,22:09,7,30.0,2,4,2.0,6.0,1,4,6
DEMO105076,53.988026535010235,-1.667270817020468,3,1,1,25/06/2025,3,17:38,3,30.0,2,1,1.0,2.0,1,2,27
DEMO105077,51.328012561281945,-0.03987373578640288,2,1,2,15/05/2025,4,02:47,3,30.0,7,6,5.0,4.0,1,5,33
DEMO105078,56.17469415152529,-3.2156354608406117,3,3,3,29/09/2025,1,03:38,2,30.0,3,1,5.0,1.0,1,2,27
DEMO105079,53.02813879347152,-1.1705203970538,3,6,8,01/01/2025,3,06:48,3,30.0,7,6,,1.0,1,2,1
DEMO105080,53.89623345091518,,2,3,4,03/02/2025,1,01:54,9,30.0,7,5,5.0,1.0,2,4,15
DEMO105081,52.92214050518716,-1.276861057370255,3,2,3,18/12/2025,4,04:50,3,50.0,9,1,1.0,1.0,1,4,19
DEMO105082,51.44569077586609,-0.14130266899606791,3,2,3,31/08/2025,7,13:39,7,40.0,0,1,2.0,1.0,1,6,34
DEMO105083,53.359720431003296,-3.185434806887943,3,4,5,20/07/2025,7,00:02,3,70.0,1,7,8.0,1.0,1,4,5
DEMO105084,52.783242025404874,-1.1343394298576264,3,4,5,06/01/2025,1,06:20,2,30.0,8,1,7.0,1.0,2,4,33
DEMO105085,51.11772130140769,-2.55034273602136,2,3,4,07/08/2025,4,07:25,9,20.0,7,6,1.0,1.0,1,5,11
DEMO105086,55.83848342233382,-2.85278025905229,2,2,3,08/06/2025,7,23:42,7,60.0,0,5,2.0,4.0,1,6,7
DEMO105087,53.36511679571007,-2.4269781750277386,2,4,4,07/08/2025,4,23:50,9,60.0,9,1,1.0,2.0,1,5,2
DEMO105088,52.290023413895526,-1.714283767598886,3,1,1,15/01/2025,3,20:38,7,30.0,8,4,2.0,2.0,1,6,35
DEMO105089,53.05956737622027,-0.954796586693638,3,2,2,20/07/2025,7,08:21,9,20.0,6,7,4.0,1.0,1,2,27
DEMO105090,51.52553440378672,-3.2391553997453277,3,1,2,30/07/2025,3,12:47,3,60.0,8,7,1.0,2.0,1,2,26
DEMO105091,51.34785274008253,-2.747970208969734,3,1,1,16/04/2025,3,12:41,7,70.0,7,1,7.0,1.0,2,5,35
DEMO105092,51.451335082601794,0.19294431561554867,2,1,2,20/01/2025,1,20:47,3,70.0,3,1,4.0,1.0,1,1,13
DEMO105093,54.63745635980343,-6.242262702095854,3,1,1,21/12/2025,7,17:35,9,30.0,2,1,1.0,1.0,1,6,13
DEMO105094,53.27756279946349,-3.1867061482366656,3,3,3,16/09/2025,2,21:38,7,30.0,3,6,6.0,1.0,2,2,25
DEMO105095,53.02103251454779,-2.4999053020044264,3,3,4,15/08/2025,5,13:20,1,30.0,6,1,4.0,2.0,1,6,23
DEMO105096,53.596456901812026,-1.6322399921757371,3,3,3,07/10/2025,2,22:23,6,40.0,8,1,1.0,2.0,1,2,29
DEMO105097,53.78017195198708,-1.6056562900503175,3,3,4,02/09/2025,2,17:16,9,20.0,6,1,2.0,1.0,1,3,12
DEMO105098,54.645944296874184,-5.574097475038263,2,6,7,19/02/2025,3,17:15,3,30.0,0,7,6.0,1.0,1,2,9
DEMO105099,53.83176527379847,-1.6501784378732967,3,1,2,15/06/2025,7,15:39,7,70.0,8,1,8.0,1.0,1,3,30
DEMO105100,52.695065582959096,-0.65328320941708,3,1,2,21/11/2025,5,08:23,9,20.0,0,5,1.0,1.0,1,2,34
DEMO105101,52.83114497606294,-0.9420094669323842,3,3,3,16/04/2025,3,14:08,1,30.0,8,1,3.0,,1,2,29
DEMO105102,53.47839963684253,-2.363544195357096,2,1,3,21/12/2025,7,08:02,7,40.0,8,5,6.0,2.0,1,1,20
DEMO105103,53.372547884040216,-3.1098329635318533,3,2,2,24/01/2025,5,15:51,9,70.0,7,4,9.0,2.0,1,5,25
DEMO105104,52.281992850364844,-1.843340064642059,2,3,5,01/05/2025,4,06:26,2,70.0,3,7,1.0,1.0,1,3,10
DEMO105105,53.44276357944486,-1.4517835016664122,3,4,4,08/05/2025,4,19:34,3,30.0,1,5,2.0,1.0,1,3,7
DEMO105106,56.05576860592829,-3.467746759559152,3,1,2,14/08/2025,4,13:54,7,40.0,8,1,6.0,1.0,1,3,24
DEMO105107,54.52877684569597,-6.105397249069434,3,1,4,06/03/2025,4,17:06,7,70.0,1,1,1.0,1.0,1,1,7
DEMO105108,53.98124795642677,-1.92038769196731,3,3,3,25/03/2025,2,05:56,9,40.0,7,1,,1.0,1,6,41
DEMO105109,53.89671970397235,-1.1270473861834287,3,3,6,30/08/2025,6,19:42,7,30.0,1,1,3.0,1.0,2,5,17
DEMO105110,53.02437989808143,-1.1245569544168417,3,1,1,14/04/2025,1,19:38,7,50.0,7,7,2.0,1.0,1,6,17
DEMO105111,55.774297767427036,-4.326598248275777,3,1,1,17/11/2025,1,03:25,6,40.0,1,1,4.0,1.0,1,6,34
DEMO105112,54.56674888609638,-6.090781132530559,2,3,5,14/11/2025,5,08:42,2,40.0,0,6,1.0,2.0,1,3,15
DEMO105113,51.65738949612144,-0.2616461777570097,3,1,1,21/04/2025,1,16:12,7,40.0,6,1,5.0,1.0,1,5,13
DEMO105114,53.21992331883867,-2.594486632260078,3,3,5,24/07/2025,4,20:18,3,30.0,8,7,1.0,1.0,1,3,8
DEMO105115,53.5516095902463,-1.509967628898478,3,2,3,02/05/2025,5,17:57,12,60.0,2,7,5.0,4.0,1,1,28
DEMO105116,53.72739991405767,-1.362806140489857,3,3,3,06/05/2025,2,11:16,2,30.0,6,5,2.0,3.0,1,6,18
DEMO105117,53.404760442376876,-2.615425825461464,3,5,6,02/09/2025,2,07:43,2,30.0,8,1,1.0,1.0,1,1,43
DEMO105118,51.464048078176525,-2.9887964887785405,2,5,6,17/04/2025,4,21:55,9,30.0,7,7,8.0,1.0,2,4,23
DEMO105119,51.60137086040053,0.051812512524107485,3,1,2,24/02/2025,1,20:35,2,50.0,7,7,5.0,1.0,1,2,41
DEMO105120,55.996784061066705,-2.908432763212848,3,2,3,05/04/2025,6,21:17,3,40.0,2,1,1.0,4.0,1,5,10
DEMO105121,53.38485728782725,-1.5074988105187725,3,1,2,06/12/2025,6,07:50,12,60.0,1,7,1.0,1.0,1,3,15
DEMO105122,53.326780380043886,-1.791990358353384,2,6,6,05/04/2025,6,10:49,9,60.0,1,7,3.0,1.0,2,3,20
DEMO105123,56.01121166509305,-4.065089102372139,3,1,2,13/05/2025,2,05:32,3,40.0,9,1,9.0,2.0,1,6,16
DEMO105124,52.70222988557625,-2.0618310194503384,3,2,2,18/08/2025,1,22:06,3,40.0,0,1,1.0,2.0,1,1,14
DEMO105125,55.81090200730477,-4.273395878671414,2,4,5,06/02/2025,4,20:26,7,40.0,1,1,8.0,1.0,1,5,43
DEMO105126,53.55087768822855,-2.4853440877892927,3,5,6,08/04/2025,2,04:25,6,30.0,1,1,1.0,1.0,1,5,28
DEMO105127,52.90842123482571,-0.8812478259736903,3,3,4,05/03/2025,3,05:11,2,30.0,8,7,4.0,1.0,1,3,26
DEMO105128,55.646465226644914,-4.047789314063744,3,2,3,04/12/2025,4,13:24,3,40.0,3,7,1.0,1.0,1,3,34
DEMO105129,53.08101308344028,-1.806658620840656,3,3,4,07/12/2025,7,09:09,9,60.0,8,1,1.0,1.0,1,4,26
DEMO105130,54.01246773234677,-1.524710950657666,3,1,2,03/10/2025,5,11:41,3,50.0,3,4,8.0,2.0,2,4,26
DEMO105131,51.598445109515836,-2.3380987928328074,2,1,1,01/04/2025,2,08:25,9,30.0,8,4,1.0,2.0,1,5,20
DEMO105132,53.48083483445821,-3.0220105154168384,2,1,2,13/08/2025,3,16:43,3,70.0,9,1,8.0,2.0,2,3,5
DEMO105133,51.6870831997525,-0.13137822200717694,3,1,1,30/08/2025,6,21:27,7,70.0,3,5,1.0,2.0,1,5,5
DEMO105134,55.72004354448159,-4.019787242207465,2,1,1,14/11/2025,5,22:42,6,30.0,9,5,1.0,1.0,1,2,2
DEMO105135,52.64651851085717,-1.9539314053277246,3,3,5,27/02/2025,4,10:43,3,70.0,9,1,7.0,1.0,2,5,2
DEMO105136,53.47112638637775,-3.012180289795387,3,1,2,26/09/2025,5,19:09,7,40.0,0,1,3.0,2.0,2,6,39
DEMO105137,53.30354160455078,-1.2815274975145292,1,2,2,12/03/2025,3,16:26,2,30.0,7,7,1.0,1.0,1,1,25
DEMO105138,51.09262390060857,-0.36947098092405467,3,2,3,27/07/2025,7,04:44,9,50.0,8,1,3.0,1.0,1,4,37
DEMO105139,54.33991794590841,-6.094128945575312,3,1,1,17/11/2025,1,19:35,9,20.0,8,1,1.0,1.0,1,5,16
DEMO105140,51.76404241435806,-2.998485659474361,1,2,3,23/01/2025,4,08:13,3,50.0,8,7,6.0,2.0,2,1,30
DEMO105141,51.810763149315974,0.35408769291136943,2,3,3,24/02/2025,1,15:49,7,60.0,8,6,1.0,1.0,1,6,24
DEMO105142,53.125856416620785,-1.4418667925257789,3,2,2,24/10/2025,5,17:11,9,30.0,2,5,2.0,1.0,1,1,11
DEMO105143,52.59537453541932,-0.9060479462907779,2,1,1,07/01/2025,2,22:59,3,30.0,8,1,1.0,1.0,2,1,41
DEMO105144,53.61563690239064,-1.7563934362783937,3,5,5,08/09/2025,1,22:42,3,30.0,0,5,4.0,2.0,1,1,24
DEMO105145,55.93872174009499,-2.8908918617311827,3,2,5,02/07/2025,3,19:19,9,30.0,8,5,8.0,1.0,1,2,41
DEMO105146,53.2787238930935,-3.062256714226658,2,3,3,07/05/2025,3,12:11,1,40.0,1,1,6.0,1.0,1,1,19
DEMO105147,55.73120342226339,-2.857853792484659,3,3,3,11/11/2025,2,09:54,7,60.0,8,1,1.0,2.0,1,6,11
DEMO105148,51.230941204580354,-2.6362341822117723,3,3,3,06/11/2025,4,10:31,3,60.0,8,1,1.0,1.0,1,1,44
DEMO105149,53.18962123003279,-1.418259776718156,2,1,2,29/04/2025,2,22:48,7,40.0,1,1,1.0,1.0,1,3,41
DEMO105150,52.53107514843563,-1.6295969991138386,2,2,5,02/01/2025,4,04:49,3,30.0,8,7,6.0,1.0,1,1,41
DEMO105151,53.05848296376808,-1.4557989313819049,2,1,3,16/02/2025,7,12:04,1,30.0,8,5,1.0,4.0,2,3,2
DEMO105152,53.67442645767167,-1.830514318400402,3,4,4,09/02/2025,7,16:41,9,40.0,0,1,3.0,1.0,1,2,13
DEMO105153,56.14906882306886,-4.646593535494565,3,4,5,25/12/2025,4,00:20,6,30.0,3,1,1.0,3.0,1,4,31
DEMO105154,56.00757108300152,-3.0886735551069435,3,3,3,06/08/2025,3,15:54,3,30.0,1,4,9.0,2.0,1,5,20
DEMO105155,51.230144639501624,-3.1857418582252777,3,2,3,05/09/2025,5,06:13,7,40.0,1,1,2.0,3.0,1,4,11
DEMO105156,54.48035147023814,-5.880674371699394,3,3,4,26/03/2025,3,06:02,6,40.0,8,1,2.0,1.0,1,2,12
DEMO105157,52.46648562345879,-1.8342826714058202,3,1,2,07/11/2025,5,14:39,1,20.0,2,7,7.0,1.0,2,5,10
DEMO105158,52.657103374382956,-1.92461451422819,3,3,4,21/09/2025,7,00:33,7,30.0,7,7,8.0,1.0,1,4,24
DEMO105159,54.57956729148317,-5.838922144491248,2,2,4,02/10/2025,4,03:33,12,60.0,0,7,3.0,1.0,1,1,20
DEMO105160,51.70240879980485,-2.4148730534934186,3,3,3,20/06/2025,5,10:15,3,60.0,0,1,5.0,1.0,1,6,22
DEMO105161,51.55465435417376,-0.16346757679147247,3,2,3,12/09/2025,5,14:29,9,40.0,7,6,3.0,1.0,1,5,9
DEMO105162,53.388320215851785,-1.4244833966208743,1,3,4,18/07/2025,5,02:57,7,60.0,3,5,2.0,1.0,1,5,43
DEMO105163,51.57787257312885,-3.041692817742629,3,3,3,21/05/2025,3,08:45,2,60.0,9,1,,1.0,1,3,36
DEMO105164,51.42166536170463,-2.3311640358210886,3,2,2,05/08/2025,2,07:59,9,60.0,0,1,4.0,1.0,1,6,3
DEMO105165,51.4163954226888,-0.6635934590245823,2,5,7,29/04/2025,2,12:19,3,60.0,7,1,4.0,1.0,2,3,10
DEMO105166,55.935181809574125,-4.354949507943012,3,1,1,14/12/2025,7,07:52,9,50.0,8,1,1.0,1.0,1,4,42
DEMO105167,53.43603181021924,-2.1103597909361897,2,2,4,19/09/2025,5,00:22,7,60.0,7,7,1.0,2.0,1,3,44
DEMO105168,51.49072060270065,-2.0849404897847834,3,3,3,27/09/2025,6,12:56,1,20.0,8,5,4.0,1.0,1,2,25
DEMO105169,51.41319213444781,0.15569475381177397,3,4,4,19/09/2025,5,20:51,2,40.0,2,7,1.0,2.0,1,5,32
DEMO105170,53.27975858625533,-1.1815005057083992,3,2,4,13/06/2025,5,14:09,3,60.0,8,4,4.0,1.0,1,4,15
DEMO105171,53.60769527831143,-2.3538352131829496,3,1,2,13/12/2025,6,08:58,6,30.0,7,1,4.0,1.0,1,4,25
DEMO105172,51.50215140309621,-3.199544638848553,2,3,5,17/03/2025,1,11:36,12,30.0,8,1,1.0,2.0,1,6,38
DEMO105173,51.52821705393846,-2.0908082755918516,3,2,3,27/07/2025,7,03:46,9,30.0,1,1,1.0,1.0,1,2,8
DEMO105174,53.376807048501874,-2.0786438431265535,2,3,4,26/01/2025,7,05:34,9,40.0,1,7,1.0,1.0,1,3,13
DEMO105175,52.6777422954507,-2.1256093033860433,3,3,3,18/04/2025,5,10:13,6,50.0,3,1,1.0,3.0,1,2,35
DEMO105176,53.51785837586659,-2.6530133102661093,3,2,2,29/07/2025,2,14:59,2,40.0,3,1,3.0,1.0,1,4,22
DEMO105177,53.34759132028816,-3.045981587780732,3,1,2,28/06/2025,6,11:06,9,30.0,1,1,4.0,1.0,1,6,26
DEMO105178,52.71419190221184,-1.7316799669851755,3,2,2,10/12/2025,3,23:48,2,60.0,0,6,6.0,4.0,1,1,37
DEMO105179,51.393621563889106,-2.6515663811575108,3,4,4,13/08/2025,3,15:12,2,30.0,0,1,1.0,2.0,2,3,10
DEMO105180,51.51411723783466,-3.150850217072566,2,3,3,31/05/2025,6,00:47,3,60.0,0,1,4.0,1.0,1,6,44
DEMO105181,55.73684379599416,-2.728216757515404,3,1,1,05/06/2025,4,12:25,12,40.0,0,5,1.0,1.0,1,5,6
DEMO105182,53.2684887024082,-1.4591302678056859,3,3,3,12/08/2025,2,13:14,9,20.0,8,1,6.0,1.0,1,6,40
DEMO105183,51.621388204184605,-2.7076405351955684,2,1,1,16/10/2025,4,01:14,2,30.0,9,4,1.0,2.0,2,4,44
DEMO105184,55.94420905109269,-3.002610931182322,3,1,1,11/04/2025,5,09:19,12,50.0,3,4,2.0,2.0,1,3,29
DEMO105185,53.39768994984804,-1.214335796970767,2,3,3,02/08/2025,6,20:54,9,60.0,1,1,2.0,1.0,1,2,26
DEMO105186,51.46542573329223,-3.233126959220758,3,1,1,29/07/2025,2,08:46,7,40.0,2,1,1.0,1.0,2,6,2
DEMO105187,52.477395269658004,-1.908049921868266,3,2,2,04/01/2025,6,10:40,2,70.0,8,1,8.0,2.0,2,2,27
DEMO105188,55.85604945950412,-3.184194263809543,2,2,2,30/11/2025,7,05:37,3,,9,1,1.0,1.0,2,5,8
DEMO105189,53.71607414861567,-1.570142722249843,1,3,4,27/07/2025,7,01:25,3,30.0,2,4,1.0,5.0,1,5,14
DEMO105190,55.8112808675901,-4.09561247078094,3,5,5,30/03/2025,7,07:54,7,30.0,0,1,3.0,1.0,1,2,20
DEMO105191,51.42939640053264,-2.8693098701373465,3,2,2,20/08/2025,3,18:16,7,50.0,2,1,2.0,1.0,1,4,12
DEMO105192,53.491612113217805,-2.400568716861398,3,3,4,05/09/2025,5,23:56,3,20.0,3,5,1.0,1.0,1,3,13
DEMO105193,52.56342747655723,-2.05814849694837,3,5,7,01/12/2025,1,15:22,3,20.0,0,5,1.0,1.0,1,5,16
DEMO105194,51.69167973648749,-2.588240876727838,3,3,3,13/01/2025,1,19:20,6,40.0,8,6,1.0,1.0,1,1,4
DEMO105195,51.579167071633734,-2.3491538391374025,3,1,1,01/06/2025,7,15:28,9,30.0,1,7,6.0,1.0,1,5,8
DEMO105196,54.43781586960007,-5.915341714614078,3,1,3,07/03/2025,5,15:44,2,60.0,0,1,2.0,1.0,1,1,4
DEMO105197,54.4767242139529,-6.24107222816656,3,2,3,29/07/2025,2,10:42,9,30.0,8,1,1.0,1.0,2,3,31
DEMO105198,53.12229217183807,-0.9673353206076767,3,1,1,03/07/2025,4,01:46,12,30.0,8,4,1.0,2.0,1,6,37
DEMO105199,54.71611812613723,-6.1228545404610015,3,5,7,23/06/2025,1,09:05,9,40.0,1,6,7.0,1.0,1,6,36
DEMO105200,53.595445809157795,-2.9445142953423633,2,4,5,25/12/2025,4,20:09,3,70.0,8,1,6.0,1.0,1,2,12
DEMO105201,51.45377849709672,-2.174947930223974,2,3,4,14/07/2025,1,12:50,9,20.0,2,7,1.0,1.0,1,6,23
DEMO105202,51.434833114451436,-3.009741224003762,2,4,6,31/05/2025,6,18:58,9,30.0,2,5,3.0,1.0,1,6,16
DEMO105203,55.92584978009456,-4.100492121362224,3,6,6,25/01/2025,6,01:07,9,20.0,1,1,1.0,1.0,1,3,43
DEMO105204,52.7074503140089,-0.7997985327054473,3,1,2,16/04/2025,3,04:54,1,70.0,2,6,1.0,2.0,2,2,34
DEMO105205,53.37281231068942,-3.0214185268929934,2,4,7,24/11/2025,1,07:15,2,30.0,0,1,6.0,1.0,1,3,25
DEMO105206,56.21686071654381,-4.169650037397754,3,5,6,14/06/2025,6,08:58,2,60.0,8,7,7.0,1.0,1,2,12
DEMO105207,55.89388726082291,-3.231040866724106,3,4,5,29/11/2025,6,23:59,1,40.0,9,1,1.0,2.0,1,3,13
DEMO105208,53.405595132063404,-2.8030157108989244,2,3,5,14/07/2025,1,11:38,9,60.0,0,5,6.0,4.0,1,6,40
DEMO105209,51.470831139497015,-0.44736835944144115,3,2,3,20/07/2025,7,15:11,3,30.0,2,5,4.0,2.0,1,1,15
DEMO105210,52.75670469867562,-2.1033954657568157,2,3,3,06/06/2025,5,15:47,9,30.0,2,1,5.0,1.0,1,6,26
DEMO105211,52.27296476190494,-1.8824784793069713,3,7,7,23/07/2025,3,10:06,7,70.0,3,5,5.0,1.0,1,4,23
DEMO105212,53.52983077934713,-2.846806986502024,3,3,4,25/01/2025,6,23:20,6,20.0,8,1,2.0,1.0,1,5,20
DEMO105213,53.309154485958445,-1.0131937873108463,3,1,2,22/01/2025,3,05:38,1,40.0,0,1,8.0,1.0,1,6,37
DEMO105214,55.83631904485295,-3.402755687351129,3,4,4,23/06/2025,1,00:04,3,70.0,7,1,1.0,1.0,2,3,41
DEMO105215,53.17912727801346,-2.258037841888087,3,2,3,07/08/2025,4,17:23,1,30.0,7,6,2.0,2.0,1,2,44
DEMO105216,56.26190356846498,-3.1270149886810117,3,3,3,21/07/2025,1,15:47,12,60.0,8,6,1.0,1.0,1,3,15
DEMO105217,53.511325711541026,-1.7460724671465941,3,1,1,06/06/2025,5,06:05,3,30.0,2,1,5.0,3.0,1,5,2
DEMO105218,51.26856843156565,-0.30753123453405284,3,1,2,18/04/2025,5,20:22,2,30.0,1,6,1.0,6.0,1,3,25
DEMO105219,51.22784653521757,-3.018804960756126,3,3,5,16/09/2025,2,03:00,1,30.0,1,7,2.0,1.0,1,4,22
DEMO105220,53.68456551935387,-1.4161464887767612,3,2,4,09/08/2025,6,06:39,7,50.0,7,1,5.0,1.0,1,5,16
DEMO105221,51.57147292114541,-3.3722652965560416,2,4,4,18/01/2025,6,03:04,7,20.0,7,7,1.0,4.0,2,2,4
DEMO105222,54.57420366320756,-5.635526872444012,2,1,2,15/06/2025,7,04:16,12,30.0,7,1,1.0,1.0,1,4,1
DEMO105223,55.78893011008813,-3.087811802138404,2,2,3,17/09/2025,3,17:31,3,50.0,1,6,1.0,2.0,1,4,9
DEMO105224,52.94026206728677,-1.2042722884809822,3,2,6,14/10/2025,2,16:12,1,30.0,0,4,4.0,1.0,1,3,20
DEMO105225,53.636622171613816,-3.171673265227523,3,3,4,15/04/2025,2,15:13,9,,7,7,1.0,1.0,1,6,27
DEMO105226,53.90790273627561,-1.4569345654056964,3,3,4,04/12/2025,4,20:50,3,30.0,0,1,2.0,1.0,2,2,21
DEMO105227,55.62814370050093,-3.249386583533958,2,5,5,26/08/2025,2,01:46,3,20.0,9,1,2.0,1.0,1,2,3
DEMO105228,52.29684058678971,-1.7609553732940115,3,2,4,09/06/2025,1,14:04,9,30.0,8,6,8.0,3.0,1,4,35
DEMO105229,53.777242020280546,-1.271949161790035,3,2,4,17/08/2025,7,02:51,7,40.0,1,5,5.0,1.0,1,6,27
DEMO105230,52.51031739848834,-2.0726066718222653,3,3,3,15/11/2025,6,22:28,3,70.0,7,4,1.0,1.0,1,4,38
DEMO105231,53.64401939999753,-3.0956134309007726,3,3,3,24/03/2025,1,15:08,12,50.0,1,5,6.0,2.0,1,4,36
DEMO105232,53.79897907902625,-1.2420570557571629,2,5,5,24/02/2025,1,18:54,3,70.0,9,5,6.0,4.0,1,1,10
DEMO105233,53.577857718580624,-1.9088598557175616,3,1,1,10/06/2025,2,13:20,1,60.0,7,1,4.0,1.0,1,6,2
DEMO105234,51.06080542914864,-2.8195320730882822,3,4,5,31/01/2025,5,09:19,3,70.0,2,1,2.0,2.0,1,5,14
DEMO105235,51.41004224999398,-3.380469951452077,2,2,4,02/11/2025,7,16:08,1,30.0,8,1,1.0,1.0,1,6,14
DEMO105236,53.0805977139935,-1.3620189040652226,2,2,3,21/12/2025,7,20:53,3,30.0,0,1,4.0,2.0,1,2,26
DEMO105237,56.29322977441301,-3.1312241206092075,3,4,4,10/08/2025,7,04:17,9,30.0,2,6,2.0,2.0,1,3,16
DEMO105238,51.24046410419033,-3.5130193574655304,3,5,6,24/12/2025,3,20:35,12,40.0,2,1,1.0,3.0,1,6,15
DEMO105239,51.45070561866318,-3.1710466404480417,3,3,3,26/01/2025,7,17:14,7,60.0,2,1,1.0,1.0,1,5,10
DEMO105240,51.137407591725456,-2.5975218283970545,3,2,5,19/08/2025,2,02:53,12,40.0,0,1,1.0,4.0,1,5,22
DEMO105241,51.44490411037332,-3.3265218176246454,3,2,4,11/06/2025,3,22:47,3,70.0,9,7,3.0,1.0,1,4,31
DEMO105242,51.669102547899335,-3.15750839185732,3,5,6,12/04/2025,6,04:30,3,30.0,3,1,1.0,2.0,1,2,28
DEMO105243,54.763463108132676,-5.908900546498173,3,2,3,24/04/2025,4,14:20,3,40.0,9,1,3.0,2.0,1,4,27
DEMO105244,51.445722064081224,-2.673611365923478,2,4,4,18/07/2025,5,03:39,6,50.0,0,6,5.0,,1,1,18
DEMO105245,53.43428416049851,-1.8391323541957059,3,3,5,23/08/2025,6,04:29,3,30.0,8,1,1.0,4.0,1,2,19
DEMO105246,,-1.5679142111615947,3,2,3,01/03/2025,6,15:56,2,60.0,8,6,1.0,2.0,1,4,7
DEMO105247,54.55808667033742,-5.919999705339576,3,3,4,13/08/2025,3,16:40,12,50.0,8,1,1.0,3.0,1,4,12
DEMO105248,51.382432490347504,-3.323630071503518,3,1,2,05/12/2025,5,16:01,2,,8,6,1.0,1.0,2,3,32
DEMO105249,52.853310634658115,-0.9252872163784521,2,1,2,04/01/2025,6,08:49,9,30.0,6,1,,2.0,1,1,17
DEMO105250,52.221820790612654,-2.162570893928967,3,4,6,17/11/2025,1,19:11,1,,7,1,3.0,1.0,2,5,17
DEMO105251,53.48725293490315,-2.9559456323393194,3,2,2,10/08/2025,7,01:18,6,50.0,9,1,6.0,5.0,1,5,33
DEMO105252,55.98078584060538,-4.469482562875974,3,1,1,05/05/2025,1,20:26,7,30.0,1,5,9.0,1.0,2,3,1
DEMO105253,53.065053691128725,-1.5696740305379446,3,2,2,26/09/2025,5,07:12,3,50.0,0,6,1.0,1.0,2,6,38
DEMO105254,51.593722100968705,-2.748530619607192,3,3,3,14/08/2025,4,14:56,2,30.0,9,1,4.0,1.0,1,1,1
DEMO105255,51.347017204986884,-2.740308360913432,1,4,6,08/10/2025,3,21:58,7,30.0,9,5,2.0,2.0,1,2,13
DEMO105256,51.477538137178286,0.001170610843932246,3,2,4,30/01/2025,4,06:09,7,20.0,6,1,2.0,1.0,1,3,32
DEMO105257,54.00787277608134,-1.7521199077126677,2,4,6,22/01/2025,3,09:19,3,40.0,8,6,1.0,3.0,2,3,41
DEMO105258,55.77931470179504,-4.749759878567509,3,2,2,23/08/2025,6,19:22,3,30.0,9,7,1.0,3.0,1,2,30
DEMO105259,53.379401897818006,-2.7197556867919395,3,2,2,21/04/2025,1,20:40,1,40.0,3,1,,1.0,1,2,7
DEMO105260,54.77611045008202,-5.8910561041483,2,2,2,28/03/2025,5,05:35,3,70.0,0,1,3.0,2.0,1,2,12
DEMO105261,51.36383870964357,-0.015514306453543888,3,1,1,03/06/2025,2,12:40,9,70.0,6,6,1.0,2.0,2,3,6
DEMO105262,53.17484406020543,-1.4279617190150269,3,3,3,22/09/2025,1,07:01,3,30.0,2,7,1.0,,2,2,18
DEMO105263,53.21917925470365,-3.0936659049164916,3,2,2,07/03/2025,5,12:30,6,50.0,0,5,2.0,1.0,1,3,31
DEMO105264,56.439469976158826,-3.1123609549885223,2,1,3,22/12/2025,1,09:12,7,70.0,9,1,4.0,1.0,1,4,38
DEMO105265,51.66253999633849,-3.622564264390008,2,2,2,03/06/2025,2,00:13,9,40.0,8,6,2.0,1.0,1,6,17
DEMO105266,53.06646147145832,-1.641314503912683,3,1,2,24/02/2025,1,22:46,2,30.0,8,1,1.0,1.0,1,5,40
DEMO105267,53.21188449305195,-1.819957795747487,3,2,2,26/01/2025,7,15:08,7,30.0,7,7,1.0,1.0,2,1,13
DEMO105268,55.95376870808302,-4.2950646794652005,3,2,3,09/11/2025,7,11:01,7,30.0,2,6,5.0,1.0,1,3,31
DEMO105269,53.259633989596495,-0.970543182318613,1,2,2,11/02/2025,2,02:29,3,60.0,7,7,4.0,4.0,1,5,22
DEMO105270,53.545679084022595,-2.484238909228571,1,1,1,02/06/2025,1,01:44,1,30.0,8,6,1.0,1.0,1,4,23
DEMO105271,53.20924375661861,-3.2061364866793256,3,3,5,02/09/2025,2,11:30,9,30.0,7,7,2.0,2.0,2,5,38
DEMO105272,53.57689042952943,-2.0910658770126895,3,2,4,07/07/2025,1,15:09,3,50.0,1,1,2.0,2.0,1,3,44
DEMO105273,53.37949965344075,,3,4,4,06/04/2025,7,06:46,1,60.0,8,7,3.0,2.0,2,1,35
DEMO105274,53.40572515032873,-1.426677031016562,3,1,4,09/02/2025,7,17:22,7,30.0,2,1,1.0,1.0,1,2,20
DEMO105275,53.30689467373042,-2.2188899208265576,3,3,3,17/09/2025,3,09:42,3,50.0,3,1,3.0,1.0,1,4,34
DEMO105276,53.34362709991946,-2.541688154342601,3,1,2,28/06/2025,6,00:12,2,30.0,7,1,8.0,3.0,1,1,4
DEMO105277,55.86816779057735,-2.757768329106362,3,4,5,18/01/2025,6,12:54,3,30.0,9,1,1.0,2.0,1,2,28
DEMO105278,51.31445065422457,-2.799998723812273,3,2,4,08/03/2025,6,04:17,3,40.0,2,1,1.0,2.0,1,5,44
DEMO105279,53.4701686403508,-1.7870369258092902,3,1,1,25/07/2025,5,00:58,7,60.0,0,1,1.0,1.0,1,2,20
DEMO105280,55.74110601148277,-4.120665840660397,3,2,2,03/03/2025,1,03:22,3,20.0,9,1,1.0,1.0,1,6,25
DEMO105281,56.158820116600396,-4.186357803548242,3,4,7,23/05/2025,5,06:43,2,20.0,9,1,8.0,1.0,1,3,14
DEMO105282,56.041794081797676,-3.54595374811089,2,4,5,15/02/2025,6,12:30,7,70.0,1,1,8.0,1.0,2,2,15
DEMO105283,56.089770931362146,-3.1061929807969952,1,3,3,18/10/2025,6,23:04,9,70.0,8,5,1.0,2.0,2,1,26
DEMO105284,54.57227201299517,-5.949461013868675,2,4,4,19/08/2025,2,05:05,6,40.0,9,4,7.0,1.0,1,1,9
DEMO105285,52.59385641924786,-1.2126427222608072,3,1,2,14/10/2025,2,01:24,1,30.0,0,5,1.0,1.0,1,5,36
DEMO105286,53.951882132734085,-1.861663023564601,3,4,4,20/01/2025,1,04:11,2,20.0,8,6,2.0,1.0,1,1,4
DEMO105287,51.46187287901668,-2.9688999645368956,3,2,2,18/05/2025,7,07:36,12,,1,5,4.0,1.0,1,1,26
DEMO105288,53.87577472661316,-1.3280313706313474,2,3,3,08/04/2025,2,04:08,3,30.0,8,1,1.0,1.0,2,5,20
DEMO105289,53.7879673935581,-1.9598362434368717,2,5,5,16/08/2025,6,07:35,3,50.0,0,1,2.0,1.0,1,5,2
DEMO105290,55.552501810637814,-3.332290260652195,2,2,3,27/10/2025,1,23:12,7,30.0,8,1,3.0,1.0,2,1,8
DEMO105291,51.40412738134738,-3.247943393309991,3,4,4,25/03/2025,2,09:10,9,30.0,8,1,1.0,1.0,1,1,30
DEMO105292,51.30574901168153,-2.506387305550272,3,3,3,08/10/2025,3,15:22,12,50.0,0,7,9.0,2.0,1,4,9
DEMO105293,55.901572105009016,-4.217423329146148,3,3,5,31/07/2025,4,16:34,3,30.0,8,1,1.0,1.0,1,3,21
DEMO105294,54.67978116223985,-5.94727826226593,3,3,4,28/10/2025,2,03:23,12,30.0,1,7,1.0,1.0,1,1,16
DEMO105295,56.341143343802294,-3.0717010995902148,3,3,5,30/01/2025,4,05:20,2,40.0,0,1,8.0,2.0,2,2,29
DEMO105296,51.59141180395316,0.32025604164152865,3,2,2,28/12/2025,7,09:20,9,20.0,9,5,2.0,1.0,1,4,26
DEMO105297,53.280228605195006,-1.5409498072922017,3,3,4,08/06/2025,7,11:20,3,40.0,9,1,1.0,1.0,1,4,42
DEMO105298,53.40467176413355,-1.9948434156362544,3,2,3,13/04/2025,7,00:24,12,20.0,8,7,1.0,1.0,2,4,38
DEMO105299,51.57442220055167,-2.7583184777776277,2,4,4,08/03/2025,6,15:50,9,30.0,9,6,1.0,5.0,1,6,35
DEMO105300,51.659478187687334,0.238830936412418,3,1,4,26/12/2025,5,07:34,9,30.0,0,1,1.0,1.0,1,2,17
DEMO105301,54.373065655350985,-5.772121409771768,2,1,2,19/11/2025,3,07:25,7,,6,1,1.0,4.0,1,2,9
DEMO105302,53.436281287989125,-2.0855559542320514,3,3,3,17/02/2025,1,14:44,3,30.0,9,4,2.0,1.0,1,5,7
DEMO105303,53.380540161420626,-2.8883637035066547,3,1,1,12/06/2025,4,22:31,6,60.0,9,1,2.0,1.0,1,4,15
DEMO105304,53.190007811631915,-1.836674848027081,3,6,6,25/09/2025,4,20:56,1,70.0,2,1,6.0,1.0,1,5,16
DEMO105305,56.082931279858755,-3.281175916415772,2,3,6,04/08/2025,1,23:33,7,40.0,2,7,7.0,2.0,1,3,44
DEMO105306,51.49501930916834,-2.6777655589015708,3,2,3,10/03/2025,1,09:12,2,30.0,8,5,1.0,1.0,1,4,37
DEMO105307,55.82884811405725,-4.409963574290521,2,3,3,12/05/2025,1,02:33,3,30.0,0,1,8.0,1.0,2,5,3
DEMO105308,51.551220236532686,0.45770762567186707,1,1,2,15/05/2025,4,05:46,3,70.0,8,1,6.0,5.0,1,4,43
DEMO105309,53.526000757308665,-2.623335957850652,3,5,7,16/04/2025,3,08:12,9,30.0,2,1,7.0,1.0,1,4,2
DEMO105310,51.82972247483951,-3.323910267609524,3,4,4,17/12/2025,3,07:12,3,30.0,6,6,4.0,1.0,2,3,4
DEMO105311,54.71516601929021,-6.2192085454022905,3,3,3,16/03/2025,7,04:35,6,30.0,1,1,1.0,2.0,1,3,3
DEMO105312,53.274696196695054,-2.290226835105646,2,1,2,15/09/2025,1,03:53,3,30.0,8,1,1.0,1.0,1,3,11
DEMO105313,51.96210915940505,-2.5709004673936255,2,3,3,29/11/2025,6,04:20,3,20.0,9,1,7.0,1.0,2,5,34
DEMO105314,51.2524732300187,-2.5267278778618523,3,3,4,18/10/2025,6,15:30,6,30.0,7,7,2.0,2.0,1,2,22
DEMO105315,53.02494903874501,-1.527400850738262,2,5,6,19/10/2025,7,11:39,3,50.0,9,1,7.0,1.0,1,6,26
DEMO105316,52.91756018317865,-1.3355525788068459,1,4,4,27/02/2025,4,00:39,7,30.0,3,5,4.0,1.0,1,1,17
DEMO105317,52.46487110461783,-1.5987216710133616,2,4,5,18/02/2025,2,13:08,3,60.0,2,1,1.0,1.0,1,6,9
DEMO105318,56.021553435486595,-3.0413809884722003,3,3,3,13/10/2025,1,20:23,12,30.0,8,6,1.0,1.0,1,6,1
DEMO105319,53.56271134487836,-2.4102777059851936,3,2,3,30/09/2025,2,10:59,3,20.0,0,1,8.0,1.0,2,1,32
DEMO105320,54.049269363482466,-1.31693090781632,2,3,4,28/09/2025,7,07:53,3,60.0,2,6,1.0,1.0,1,5,26
DEMO105321,51.363116369331806,-2.944495155774994,2,1,2,02/06/2025,1,06:46,12,50.0,8,7,,1.0,1,6,34
DEMO105322,55.93614725547573,-3.7181048542135846,3,6,9,11/07/2025,5,09:01,9,40.0,1,1,8.0,1.0,2,2,7
DEMO105323,51.563899755349354,-2.639750164138836,2,1,4,06/01/2025,1,06:25,6,30.0,9,1,1.0,1.0,1,4,32
DEMO105324,51.90520912879494,-3.340825492725553,2,2,2,17/04/2025,4,22:03,2,40.0,6,7,1.0,1.0,1,5,31
DEMO105325,51.544438532813345,-2.623630194778975,1,2,3,12/07/2025,6,23:18,3,60.0,2,1,2.0,1.0,2,6,14
DEMO105326,52.747752089681185,-0.935815862687805,2,1,1,15/02/2025,6,08:51,7,70.0,3,6,6.0,6.0,1,6,19
DEMO105327,53.7281962785625,-2.5435116407098217,2,6,7,17/02/2025,1,22:23,3,50.0,2,6,2.0,1.0,1,5,12
DEMO105328,53.40102312929521,-2.2416186792443575,3,5,6,17/01/2025,5,20:10,3,30.0,8,1,1.0,1.0,2,2,20
DEMO105329,53.25341030974804,-2.9822825533147213,2,3,3,18/03/2025,2,01:43,6,60.0,1,1,,3.0,1,2,10
DEMO105330,53.19357368396398,-0.8392200213506943,3,1,1,29/12/2025,1,11:45,3,20.0,9,1,1.0,1.0,1,6,5
DEMO105331,55.977161260828495,-3.317267361110477,3,3,4,12/09/2025,5,15:39,9,30.0,1,4,1.0,3.0,2,5,17
DEMO105332,51.41861002068172,-2.6231473438663557,3,3,3,13/12/2025,6,10:48,2,50.0,2,1,1.0,1.0,1,2,39
DEMO105333,51.78506281970695,-3.0536553527963726,2,5,5,04/04/2025,5,10:42,12,30.0,7,5,6.0,1.0,2,1,4
DEMO105334,53.28882455441583,-1.6177084092888045,2,4,5,07/08/2025,4,11:38,6,20.0,2,4,1.0,1.0,1,1,29
DEMO105335,51.41382257945587,-0.3189829925077536,3,2,3,22/11/2025,6,16:53,12,30.0,6,6,5.0,1.0,2,3,26
DEMO105336,55.953581217425274,-3.8023860970424304,2,4,4,09/05/2025,5,07:19,9,30.0,7,1,7.0,2.0,1,3,12
DEMO105337,52.54853579797058,-1.024300242894637,3,1,1,28/08/2025,4,14:27,3,60.0,2,1,3.0,1.0,1,1,11
DEMO105338,51.483501716272116,-2.2961711439438726,3,3,3,10/09/2025,3,05:33,3,50.0,7,1,3.0,2.0,1,1,27
DEMO105339,53.422713268359566,-2.8172858364173425,3,2,3,31/10/2025,5,21:40,2,60.0,9,1,1.0,2.0,1,5,24
DEMO105340,53.64711754564556,-1.577231635010783,2,5,6,20/12/2025,6,02:28,9,60.0,0,1,2.0,2.0,1,2,25
DEMO105341,53.37802392385757,-1.6154262774935917,2,1,1,13/08/2025,3,01:26,3,30.0,7,7,1.0,1.0,1,3,2
DEMO105342,53.001494000092734,-1.2936027216890575,2,2,3,01/08/2025,5,00:09,9,50.0,2,1,1.0,2.0,2,2,29
DEMO105343,53.40060524557913,-3.1679142676952616,2,1,3,14/11/2025,5,08:38,9,30.0,9,1,3.0,2.0,1,6,12
DEMO105344,53.94773118208488,-1.724278605276075,2,4,4,07/09/2025,7,14:07,3,60.0,0,5,1.0,1.0,1,1,26
DEMO105345,51.50307911993877,-2.775121245528363,3,2,2,13/05/2025,2,23:28,7,50.0,0,5,1.0,3.0,1,5,2
DEMO105346,53.377911779199586,-2.80427138026254,2,3,3,19/08/2025,2,10:24,9,70.0,3,1,3.0,1.0,1,4,2
DEMO105347,53.53465301940826,-3.222129572191454,2,3,3,20/07/2025,7,04:46,9,60.0,8,1,2.0,5.0,1,6,14
DEMO105348,53.84910981747419,-1.214788329126312,3,3,4,25/03/2025,2,08:28,2,20.0,0,1,1.0,,1,1,31
DEMO105349,53.49505333411462,-0.9771560609322056,3,2,2,08/07/2025,2,03:00,3,50.0,8,1,1.0,1.0,1,6,16
DEMO105350,53.66499107639854,-2.0811178695379358,2,1,3,16/08/2025,6,11:30,6,30.0,2,1,1.0,2.0,1,3,39
DEMO105351,52.859490269943706,-1.1009567277758245,3,1,2,26/11/2025,3,17:12,3,40.0,9,1,2.0,1.0,1,6,20
DEMO105352,52.17670841232516,-1.7904113131549266,3,2,4,31/07/2025,4,00:22,6,30.0,9,5,2.0,1.0,1,1,33
DEMO105353,53.28636627864452,-3.093102711083873,2,1,2,02/03/2025,7,18:17,12,40.0,8,7,1.0,1.0,1,4,8
DEMO105354,55.585719641823296,-3.390683824404646,3,3,4,27/12/2025,6,05:09,6,60.0,8,1,3.0,2.0,1,6,27
DEMO105355,56.07301142826221,-3.2950544457905844,3,2,2,30/07/2025,3,16:56,3,30.0,7,1,9.0,1.0,1,4,38
DEMO105356,55.81183064546012,-4.566606047584283,2,3,3,15/04/2025,2,19:15,2,30.0,8,7,3.0,1.0,1,1,12
DEMO105357,55.725840360261444,-4.141814133793015,2,4,6,03/10/2025,5,18:30,9,30.0,1,4,2.0,1.0,1,4,35
DEMO105358,51.6150380675317,-0.3674755136054858,3,2,4,21/05/2025,3,16:49,3,30.0,8,5,3.0,1.0,1,1,2
DEMO105359,51.38801525616461,-2.43146121012332,2,1,2,16/05/2025,5,16:21,3,30.0,7,7,6.0,1.0,2,2,37
DEMO105360,53.45203992698569,-1.3068924927328598,3,1,1,03/11/2025,1,04:56,7,50.0,8,5,8.0,1.0,1,3,5
DEMO105361,55.90539278020948,-3.1259543523934417,3,1,2,13/11/2025,4,03:24,6,50.0,6,5,1.0,4.0,1,5,25
DEMO105362,52.96864977862357,-1.279657757410981,3,1,1,11/07/2025,5,09:56,3,40.0,7,1,1.0,2.0,1,1,8
DEMO105363,51.71386053884427,-3.3820965304145876,3,1,2,17/05/2025,6,14:27,7,30.0,2,7,1.0,4.0,1,2,28
DEMO105364,53.96548654273537,-1.7232934874229873,1,3,3,12/11/2025,3,14:00,7,40.0,3,5,5.0,2.0,1,4,23
DEMO105365,52.74412606880841,-2.112205896418994,3,3,6,05/03/2025,3,18:52,1,70.0,2,1,1.0,2.0,1,2,13
DEMO105366,52.54816609039345,-1.8931909458209166,2,2,3,30/09/2025,2,07:51,3,30.0,8,4,7.0,5.0,1,1,18
DEMO105367,52.62904566557841,-1.1844587153284325,3,4,4,02/08/2025,6,20:57,9,30.0,1,1,1.0,1.0,2,5,15
DEMO105368,53.25790836334645,-1.012569602857301,3,4,4,08/11/2025,6,10:07,3,40.0,9,4,3.0,3.0,1,4,5
DEMO105369,53.51002515173458,-1.1031949212427012,3,3,3,03/06/2025,2,05:50,12,30.0,8,1,1.0,1.0,1,4,35
DEMO105370,56.11865147920197,-2.8218157121945913,2,1,1,31/10/2025,5,17:20,3,30.0,9,5,2.0,1.0,1,1,14
DEMO105371,55.86697108445785,-4.299631869533814,2,4,5,06/01/2025,1,03:50,6,50.0,9,1,2.0,,2,5,25
DEMO105372,51.68120164105082,-2.9274435744062344,3,2,3,04/10/2025,6,09:57,7,30.0,3,4,4.0,1.0,2,5,1
DEMO105373,53.66761983666806,-2.198335646327598,3,2,3,26/01/2025,7,18:11,6,40.0,9,5,2.0,1.0,1,3,34
DEMO105374,55.841554029857924,-4.311172460827926,3,3,3,23/08/2025,6,18:22,1,30.0,3,1,2.0,1.0,1,6,20
DEMO105375,56.17844422210651,-4.242596393523394,3,2,3,13/03/2025,4,06:16,6,30.0,1,1,4.0,1.0,1,4,19
DEMO105376,53.65347450169154,-2.1389526445525906,2,3,4,18/12/2025,4,03:18,12,40.0,0,1,7.0,3.0,2,3,20
DEMO105377,53.81545985416949,-1.3802463823405209,3,1,1,08/10/2025,3,00:35,3,30.0,0,4,5.0,1.0,1,2,44
DEMO105378,53.486672748145224,-3.4183399205795824,3,3,4,08/02/2025,6,02:24,2,30.0,1,7,4.0,1.0,1,2,23
DEMO105379,53.209303113659885,-0.8471829856708473,3,1,1,22/11/2025,6,19:39,1,40.0,2,1,2.0,2.0,1,5,18
DEMO105380,52.566762868921096,-1.6605622198116377,3,4,5,02/04/2025,3,18:40,3,50.0,9,4,7.0,1.0,1,6,15
DEMO105381,54.47741133418739,-6.067763448272965,3,1,3,19/07/2025,6,12:12,3,60.0,2,7,2.0,2.0,1,3,37
DEMO105382,51.24271981582383,-2.3744020699212025,1,4,5,01/02/2025,6,13:02,9,60.0,9,5,8.0,1.0,1,4,33
DEMO105383,51.40686661195515,-2.6483139453278426,3,3,5,08/02/2025,6,07:44,12,40.0,8,1,5.0,1.0,1,1,8
DEMO105384,51.384861323031146,-0.11941982099063697,3,2,3,30/03/2025,7,04:10,12,20.0,9,1,1.0,4.0,1,1,14
DEMO105385,51.51835449406943,-3.214425157188664,3,2,4,15/07/2025,2,00:11,3,30.0,8,7,1.0,1.0,1,5,6
DEMO105386,53.38806374442175,-2.4163359120744405,3,3,5,18/07/2025,5,16:36,6,20.0,9,1,4.0,2.0,2,6,7
DEMO105387,54.528262930761976,-6.231345595750695,2,1,2,09/11/2025,7,00:15,3,30.0,1,1,4.0,1.0,2,1,35
DEMO105388,53.62666928548235,-2.3355488917680427,3,2,3,02/03/2025,7,02:11,2,20.0,6,4,3.0,1.0,2,4,44
DEMO105389,51.77967140282671,-3.0282657299760203,3,2,2,01/10/2025,3,19:18,7,50.0,2,1,8.0,2.0,1,2,22
DEMO105390,53.34086557019476,-2.2093542005778852,3,4,6,03/01/2025,5,13:31,3,40.0,2,4,2.0,1.0,1,5,23
DEMO105391,52.42155456689715,-1.4553811838618782,3,5,5,17/04/2025,4,11:50,1,20.0,3,7,1.0,1.0,1,5,4
DEMO105392,55.911922022552986,-3.5918569743899127,2,2,3,05/03/2025,3,05:59,9,40.0,6,7,2.0,2.0,1,5,11
DEMO105393,56.009780952640035,-3.2471487741708267,3,1,3,15/02/2025,6,03:43,9,60.0,9,4,1.0,1.0,2,2,5
DEMO105394,53.01673278861888,-1.3060423056789268,3,2,5,02/08/2025,6,11:53,12,20.0,2,7,2.0,1.0,1,1,37
DEMO105395,51.41603101238676,-0.24616139669942572,2,4,4,25/11/2025,2,08:31,3,30.0,9,6,7.0,1.0,2,2,22
DEMO105396,54.68906180288895,-5.922698680481668,3,2,2,01/09/2025,1,12:24,9,30.0,1,7,1.0,1.0,2,1,8
DEMO105397,51.37137276972164,-2.693004251391851,2,5,7,08/11/2025,6,03:49,3,20.0,8,7,6.0,1.0,1,2,34
DEMO105398,54.53009169660853,-6.357356019405521,2,1,2,04/08/2025,1,05:18,2,20.0,2,7,5.0,1.0,1,1,35
DEMO105399,51.317960665068775,-3.422705593778277,2,1,1,20/01/2025,1,02:48,6,40.0,9,1,1.0,1.0,2,2,1
DEMO105400,,-3.400010702900955,2,3,6,07/05/2025,3,10:59,7,40.0,7,1,6.0,1.0,1,2,6
DEMO105401,56.02780269144247,-4.358448703722104,2,3,4,28/10/2025,2,06:23,3,60.0,0,1,5.0,3.0,2,2,17
DEMO105402,55.926613849639125,-4.48066347233185,3,3,4,17/01/2025,5,05:38,9,20.0,9,5,2.0,1.0,1,5,43
DEMO105403,53.0741281928724,-1.200773184436645,3,1,1,05/02/2025,3,13:46,3,60.0,2,7,1.0,4.0,1,2,12
DEMO105404,51.706932579304926,-0.1630607217257705,2,3,4,01/11/2025,6,11:47,12,20.0,9,7,1.0,1.0,1,5,5
DEMO105405,51.5898623601271,-3.104991653198966,3,2,7,24/01/2025,5,05:12,2,30.0,0,6,3.0,1.0,1,6,22
DEMO105406,55.99520943708913,-4.50931167363477,2,3,3,17/12/2025,3,16:57,9,20.0,1,6,1.0,2.0,1,4,1
DEMO105407,55.876095534273,-3.136359717022698,3,2,3,04/10/2025,6,08:30,12,30.0,2,1,1.0,1.0,1,4,44
DEMO105408,52.68421758654088,-1.184747873831101,2,2,3,31/08/2025,7,08:02,7,60.0,8,1,8.0,1.0,1,5,11
DEMO105409,55.721908428894785,-4.673659563286283,3,1,1,15/07/2025,2,11:07,9,30.0,8,5,4.0,,1,1,17
DEMO105410,51.902489563747565,0.06539254856661678,2,1,1,02/02/2025,7,03:43,7,30.0,7,1,4.0,2.0,1,3,22
DEMO105411,53.3656714089447,-2.8459090271078127,3,2,4,01/06/2025,7,10:25,1,40.0,0,6,8.0,1.0,1,5,25
DEMO105412,53.24292438908931,-0.5989670160164945,3,2,2,22/10/2025,3,13:06,7,20.0,3,5,1.0,2.0,1,2,16
DEMO105413,51.5790727193852,-2.7558806712446007,3,1,1,26/11/2025,3,03:31,7,40.0,6,1,1.0,1.0,1,3,39
DEMO105414,53.795405389281505,-1.7538222995725445,3,1,2,13/06/2025,5,13:35,1,60.0,2,5,3.0,2.0,1,1,44
DEMO105415,53.318388234187445,-2.273205626182105,3,3,3,03/11/2025,1,00:04,3,20.0,3,4,,1.0,1,4,32
DEMO105416,51.32791294561604,-2.5802957723238555,3,1,1,11/10/2025,6,14:21,1,20.0,6,6,1.0,1.0,1,1,28
DEMO105417,53.457086011747855,-1.93652563460531,3,5,5,22/01/2025,3,00:27,3,30.0,7,6,5.0,,2,2,34
DEMO105418,52.93057031316656,-1.226701312854073,2,1,2,15/08/2025,5,04:46,12,60.0,7,1,1.0,1.0,1,1,15
DEMO105419,53.479448332023935,-1.14711812547175,2,2,3,13/08/2025,3,08:39,12,70.0,1,6,,,1,4,9
DEMO105420,55.831199305062455,-3.1202095491273876,3,2,4,18/07/2025,5,14:05,7,60.0,9,1,2.0,1.0,1,4,29
DEMO105421,54.481773953888684,-6.121717937486794,3,1,1,09/10/2025,4,17:36,3,50.0,8,1,3.0,1.0,1,4,23
DEMO105422,51.664438120303814,-0.4107727383485622,3,2,2,21/11/2025,5,11:54,3,30.0,8,1,1.0,1.0,1,5,8
DEMO105423,53.82254820760993,-1.9983899819084372,3,1,2,20/07/2025,7,03:03,1,60.0,8,6,1.0,1.0,1,3,42
DEMO105424,53.81618696863564,-1.3168571024938795,3,1,2,27/04/2025,7,09:59,3,60.0,6,7,6.0,4.0,1,2,5
DEMO105425,53.56062016509341,-1.9800788688291755,2,2,2,25/12/2025,4,18:05,9,30.0,9,1,7.0,1.0,1,6,14
DEMO105426,55.92688766147236,-3.8078281824368796,3,4,6,18/12/2025,4,02:37,6,50.0,2,5,2.0,1.0,2,5,31
DEMO105427,52.474641387246784,-1.9216335617476288,3,3,4,08/09/2025,1,17:21,6,60.0,3,7,1.0,1.0,1,5,14
DEMO105428,51.46928129007674,0.17302449290175245,3,4,4,22/08/2025,5,09:43,2,60.0,8,7,3.0,1.0,1,3,23
DEMO105429,51.418643765408675,-3.522428284398293,2,2,5,08/02/2025,6,00:50,12,50.0,9,1,1.0,,1,5,4
DEMO105430,54.69720870212569,-5.793666070360937,2,2,2,27/05/2025,2,16:51,3,50.0,3,1,1.0,2.0,1,3,22
DEMO105431,53.59185735479044,-2.3754663863804275,2,3,3,14/03/2025,5,00:52,3,60.0,8,1,1.0,1.0,1,1,26
DEMO105432,53.75689827668135,-1.7750044986917444,3,4,7,07/07/2025,1,08:48,3,30.0,7,7,1.0,4.0,1,1,34
DEMO105433,52.851437494699994,-1.3325867288920412,2,3,5,29/10/2025,3,04:18,3,40.0,3,1,1.0,1.0,2,3,23
DEMO105434,52.86889715958675,-0.7789013108246778,3,1,1,23/03/2025,7,14:27,7,60.0,9,1,1.0,2.0,1,2,16
DEMO105435,54.71460816754115,-5.7151619668708085,3,3,3,30/12/2025,2,01:43,7,50.0,6,7,6.0,1.0,1,1,39
DEMO105436,51.310066291940885,-2.6160672423353235,3,4,6,17/02/2025,1,02:10,7,70.0,8,1,2.0,1.0,1,3,44
DEMO105437,51.3243928317904,0.40038457326648746,1,4,5,05/02/2025,3,12:34,1,20.0,8,5,2.0,1.0,1,3,21
DEMO105438,53.45921884043993,-3.4215895775351743,3,1,3,22/12/2025,1,23:31,12,30.0,0,7,1.0,1.0,1,6,29
DEMO105439,52.94276087876073,-1.311661794531319,2,2,3,06/02/2025,4,00:59,9,30.0,9,1,6.0,1.0,1,3,27
DEMO105440,52.92977419583617,-0.7741195310711189,3,1,1,26/09/2025,5,11:02,9,20.0,1,1,1.0,1.0,1,5,41
DEMO105441,53.1048009693114,-1.2012473697081578,3,4,4,06/10/2025,1,19:05,3,40.0,8,1,1.0,1.0,1,2,30
DEMO105442,54.58799079607696,-5.979864329954189,2,1,3,01/05/2025,4,06:01,12,30.0,8,4,3.0,6.0,1,5,39
DEMO105443,55.83544583245686,-3.2173657903907222,3,2,3,24/01/2025,5,11:32,9,30.0,8,1,4.0,1.0,1,4,31
DEMO105444,53.83153530585321,-1.6589468977485529,3,5,6,23/04/2025,3,20:33,6,50.0,9,1,5.0,1.0,2,1,2
DEMO105445,51.33710731903027,-2.3650679743067027,3,2,4,26/01/2025,7,17:35,1,50.0,7,1,2.0,1.0,1,2,44
DEMO105446,56.02353013388721,-4.4499728777913505,3,3,3,03/09/2025,3,07:14,3,20.0,2,4,1.0,1.0,1,6,1
DEMO105447,51.45854696327153,-1.9425770800589144,2,2,2,21/11/2025,5,18:18,9,30.0,7,6,,1.0,1,6,9
DEMO105448,53.22324110767913,-3.3310772264651285,2,6,7,30/12/2025,2,16:25,3,50.0,8,4,2.0,1.0,2,2,38
DEMO105449,53.50880161668109,-1.8365324191396712,3,2,4,20/10/2025,1,12:02,7,30.0,2,6,1.0,1.0,1,2,14
DEMO105450,53.657689174972134,-1.3510140294452135,3,4,4,10/10/2025,5,10:45,9,60.0,2,7,1.0,2.0,1,4,16
DEMO105451,56.04914172922116,-4.415564375355855,3,1,2,18/11/2025,2,22:03,9,40.0,6,5,1.0,1.0,2,2,32
DEMO105452,51.463809874388616,-3.1173957108889967,2,3,3,09/10/2025,4,20:40,3,50.0,9,5,8.0,1.0,1,4,36
DEMO105453,56.06662562501101,-2.9855835945799223,2,1,2,26/08/2025,2,23:27,9,30.0,7,1,,2.0,1,1,25
DEMO105454,53.6895269342784,-1.3988421903688562,3,1,1,30/12/2025,2,16:59,3,50.0,9,1,1.0,1.0,1,1,25
DEMO105455,52.45138033563353,-2.346744300247104,2,4,6,28/04/2025,1,08:41,9,30.0,6,1,7.0,1.0,1,5,17
DEMO105456,52.56082585348355,-1.7976793359186067,3,3,4,31/05/2025,6,02:28,3,60.0,9,1,4.0,1.0,1,2,25
DEMO105457,51.42618106326404,-2.9211002451957353,3,1,1,27/11/2025,4,03:42,3,30.0,8,7,2.0,2.0,1,4,9
DEMO105458,52.794280945996995,-0.9065429708950266,3,4,5,24/04/2025,4,22:07,3,30.0,2,1,4.0,1.0,1,1,1
DEMO105459,51.61082951216191,-2.922318628931773,3,2,2,20/04/2025,7,08:10,9,50.0,3,1,1.0,3.0,2,2,15
DEMO105460,51.5324581914145,-3.5077285128048707,3,4,5,25/02/2025,2,02:29,7,30.0,9,6,5.0,1.0,2,5,43
DEMO105461,51.313883446588974,-0.6021064221717346,3,2,2,11/04/2025,5,05:51,2,30.0,9,7,1.0,6.0,1,2,42
DEMO105462,55.798909783626684,-4.3249846970762125,2,2,2,05/08/2025,2,00:49,2,20.0,3,6,8.0,1.0,1,3,5
DEMO105463,53.65321476822127,-1.6070153814008992,3,3,3,20/11/2025,4,12:22,7,,8,1,1.0,2.0,1,2,25
DEMO105464,53.39335629896755,-2.2407249916432495,2,5,6,19/02/2025,3,14:17,3,30.0,9,4,3.0,1.0,1,6,44
DEMO105465,52.873496684595075,-1.0570073720235933,3,4,6,06/09/2025,6,09:57,3,30.0,2,1,2.0,2.0,2,2,34
DEMO105466,51.46466910475208,-0.16497166772647284,2,2,3,07/10/2025,2,17:33,9,30.0,6,5,1.0,1.0,2,5,1
DEMO105467,51.19906216568739,-2.5629916531852723,2,2,2,23/11/2025,7,11:07,3,40.0,8,5,1.0,3.0,1,2,13
DEMO105468,52.87995305879373,-1.3581334249831118,2,4,5,01/10/2025,3,23:13,1,40.0,0,6,5.0,2.0,1,6,31
DEMO105469,53.97421167052114,-1.7956899749998632,3,2,3,26/02/2025,3,18:50,3,20.0,8,1,1.0,1.0,2,6,23
DEMO105470,53.69143873021386,-1.3252443369382383,3,4,7,28/06/2025,6,01:53,7,20.0,1,7,8.0,1.0,1,5,31
DEMO105471,53.20310633032014,-2.8668514831730763,3,6,7,14/12/2025,7,06:54,7,40.0,6,1,1.0,1.0,1,1,9
DEMO105472,56.14745155462526,-3.2741607066764207,3,2,3,28/11/2025,5,18:00,1,30.0,3,1,3.0,6.0,1,4,31
DEMO105473,53.88326321410289,-2.4952684721390517,3,3,4,12/08/2025,2,12:49,6,70.0,8,6,3.0,4.0,1,1,25
DEMO105474,51.472077529999076,0.24475810896348918,2,1,2,18/12/2025,4,18:06,3,30.0,2,1,2.0,1.0,1,3,41
DEMO105475,53.04674074891886,-0.7475474664545496,3,2,3,01/09/2025,1,08:48,3,30.0,3,1,3.0,1.0,1,1,7
DEMO105476,53.98345643846539,-1.2756674986333234,3,5,7,24/01/2025,5,00:52,1,20.0,2,1,4.0,1.0,1,2,26
DEMO105477,55.78575220053259,-4.099883969363146,2,2,2,30/11/2025,7,18:21,3,50.0,0,1,3.0,1.0,1,4,37
DEMO105478,52.65730102394463,-2.1519162211304996,3,1,1,03/03/2025,1,18:11,7,30.0,8,1,,1.0,1,6,31
DEMO105479,52.92041071544364,-0.8506262486258294,3,2,2,19/05/2025,1,15:42,2,30.0,2,6,3.0,2.0,1,6,6
DEMO105480,54.769711548047276,-5.791221535726686,2,4,4,28/03/2025,5,09:04,12,30.0,2,1,2.0,1.0,2,1,24
DEMO105481,52.75921684193263,-2.1362466932215636,3,3,3,20/09/2025,6,00:34,12,20.0,0,7,1.0,3.0,2,2,36
DEMO105482,54.027335039060645,-1.3797751618580283,2,2,3,11/01/2025,6,17:19,3,30.0,6,6,1.0,5.0,2,5,37
DEMO105483,51.425133405809916,-3.3016196436256817,3,2,4,22/08/2025,5,15:25,7,30.0,2,6,3.0,1.0,1,3,4
DEMO105484,53.062547717083824,-0.9591430967578882,3,3,3,12/11/2025,3,16:49,7,50.0,7,7,7.0,1.0,2,6,30
DEMO105485,53.39646248551382,-1.9679440204103016,2,3,5,15/10/2025,3,04:59,3,30.0,8,5,1.0,1.0,1,2,41
DEMO105486,53.27565074133173,-2.117835988851869,3,2,5,23/04/2025,3,17:24,3,30.0,0,1,2.0,1.0,1,5,26
DEMO105487,55.91350011350801,-3.38866878033876,3,4,4,24/11/2025,1,17:17,12,70.0,1,7,1.0,2.0,1,2,38
DEMO105488,51.628819812058964,-3.0308064020062964,3,1,2,13/05/2025,2,20:50,2,50.0,3,1,2.0,1.0,2,3,25
DEMO105489,51.40553532248556,-2.4531449809093275,2,1,1,06/09/2025,6,13:24,7,70.0,9,1,4.0,1.0,1,3,31
DEMO105490,53.67044922121007,-3.1599475269688586,2,3,4,04/07/2025,5,17:11,7,20.0,1,4,4.0,3.0,1,5,30
DEMO105491,55.967277776265504,-3.2701472354890173,3,2,2,25/01/2025,6,09:54,3,30.0,8,1,4.0,1.0,1,6,30
DEMO105492,53.288161319895785,-1.7854107347118857,3,3,3,02/01/2025,4,16:59,6,30.0,9,5,5.0,1.0,1,1,43
DEMO105493,53.43147648959585,-1.8450839496821938,2,3,4,08/03/2025,6,16:17,12,70.0,0,7,1.0,6.0,2,5,18
DEMO105494,55.83814984215882,-3.319691385080236,2,2,4,08/12/2025,1,18:09,2,60.0,2,5,2.0,1.0,1,5,28
DEMO105495,53.71795572282827,-2.7277827033608206,2,3,4,15/12/2025,1,20:09,3,40.0,8,1,1.0,1.0,1,4,44
DEMO105496,56.04423924148326,-2.8325166069533987,2,2,3,30/05/2025,5,00:35,3,30.0,9,1,7.0,1.0,1,2,44
DEMO105497,53.39728374599808,-2.4827678163515716,3,4,5,20/12/2025,6,18:18,9,40.0,2,1,5.0,1.0,1,4,1
DEMO105498,54.73137082545406,-5.552414955699222,2,2,3,19/01/2025,7,19:37,7,60.0,7,1,1.0,1.0,1,5,14
DEMO105499,51.36830237128767,-0.21292315219452845,2,2,3,20/12/2025,6,13:45,6,40.0,8,4,1.0,2.0,2,4,3
DEMO105500,54.39292393960645,-5.769142624913249,3,4,5,26/03/2025,3,12:00,9,60.0,3,6,2.0,1.0,1,2,30
DEMO105501,53.2546816654997,-2.464531020366907,3,3,5,14/01/2025,2,17:51,12,50.0,8,5,8.0,1.0,1,3,32
DEMO105502,51.1783419325186,0.13166409681181054,3,1,1,04/10/2025,6,10:01,3,20.0,7,4,1.0,1.0,1,6,28
DEMO105503,55.67321262881188,-4.391543869020784,3,3,3,20/05/2025,2,09:06,9,60.0,9,1,2.0,1.0,1,3,27
DEMO105504,53.05642563557305,-1.3105586638079025,3,2,3,17/04/2025,4,19:43,3,30.0,7,1,1.0,4.0,1,2,5
DEMO105505,51.61307238795275,-3.1995863932107738,3,1,4,05/10/2025,7,18:37,2,60.0,6,5,3.0,2.0,1,4,12
DEMO105506,52.32993880506635,-2.0248550854071525,2,2,3,02/05/2025,5,04:58,3,30.0,8,1,3.0,2.0,1,5,9
DEMO105507,,0.04857019536010235,3,6,6,02/10/2025,4,19:34,3,40.0,1,1,1.0,1.0,1,1,18
DEMO105508,52.881937398208315,-1.3630755039163298,3,1,1,13/03/2025,4,07:25,9,30.0,7,5,5.0,1.0,1,5,27
DEMO105509,51.57154168049027,-2.5581341341272834,3,2,2,01/02/2025,6,03:40,6,20.0,0,1,1.0,2.0,1,6,27
DEMO105510,51.60455054242515,-2.45577369603438,2,3,4,29/04/2025,2,21:45,7,60.0,7,1,5.0,3.0,1,5,28
DEMO105511,55.99710715082085,-3.2722594850556286,3,2,4,11/08/2025,1,05:40,1,50.0,7,1,1.0,2.0,2,4,19
DEMO105512,51.30043485854806,-3.4134952486977204,3,1,1,24/03/2025,1,04:22,1,70.0,8,1,3.0,1.0,1,6,1
DEMO105513,51.61265758502317,-3.2536238447067554,1,3,3,22/02/2025,6,06:57,12,40.0,8,5,1.0,1.0,1,4,3
DEMO105514,,-1.208072110322012,3,1,2,01/10/2025,3,11:18,9,30.0,3,1,3.0,1.0,1,2,3
DEMO105515,55.99732814203297,-4.3169264622551875,3,1,1,30/06/2025,1,03:20,6,30.0,8,6,1.0,1.0,1,3,2
DEMO105516,52.79445265890386,-1.2769426282891547,2,4,6,07/06/2025,6,03:16,3,30.0,2,1,2.0,1.0,1,6,13
DEMO105517,55.95661300869665,-4.44929987427183,2,2,2,29/03/2025,6,09:17,1,30.0,3,1,1.0,1.0,1,6,20
DEMO105518,53.111113640390855,-0.9404482563738261,2,1,3,07/01/2025,2,05:12,12,30.0,0,1,1.0,1.0,2,3,13
DEMO105519,52.71164273412413,-0.8189706332241737,2,3,4,20/01/2025,1,04:34,1,30.0,1,7,5.0,1.0,2,1,21
DEMO105520,53.29758525128211,-3.1985161567849985,3,3,4,06/09/2025,6,21:43,3,70.0,8,4,2.0,1.0,1,4,43
DEMO105521,53.10730049166726,-1.4819643926457424,3,1,1,30/01/2025,4,14:25,7,20.0,9,6,2.0,1.0,1,4,30
DEMO105522,55.80708206025208,-3.6201104806569164,3,3,3,01/04/2025,2,00:55,12,50.0,6,7,,1.0,2,6,30
DEMO105523,54.57865269846567,-6.061073049115638,3,3,4,29/11/2025,6,02:28,2,40.0,1,1,2.0,1.0,2,2,44
DEMO105524,53.120540171215836,-0.9974688670277037,2,2,3,06/05/2025,2,19:28,9,40.0,0,4,6.0,5.0,1,5,23
DEMO105525,52.68639937976014,-1.6024390068587944,2,3,4,29/09/2025,1,06:04,3,40.0,0,5,2.0,1.0,2,2,4
DEMO105526,53.58390259248577,-1.3215723048641688,2,3,5,06/05/2025,2,03:54,7,60.0,9,6,8.0,3.0,1,2,36
DEMO105527,53.77733049909332,-1.8266037637121129,2,3,4,07/12/2025,7,15:08,2,50.0,3,1,6.0,1.0,1,5,13
DEMO105528,51.38917833279291,-0.29506267597486757,2,2,2,27/10/2025,1,20:09,9,30.0,9,7,2.0,1.0,1,4,35
DEMO105529,51.49950234360162,-0.2516280567326562,3,3,3,21/06/2025,6,09:56,7,30.0,2,4,1.0,1.0,1,5,26
DEMO105530,53.6437375234731,-1.224919926123324,2,2,3,07/09/2025,7,17:31,12,60.0,7,7,4.0,2.0,2,6,30
DEMO105531,54.70975320612149,-5.617811499647899,3,4,4,31/05/2025,6,10:04,6,30.0,8,1,4.0,3.0,1,5,16
DEMO105532,52.63092838820093,-1.156014185945174,2,3,3,11/12/2025,4,02:26,9,50.0,0,1,1.0,1.0,1,4,7
DEMO105533,53.002721048723345,-2.773473637809865,3,2,2,11/05/2025,7,19:35,6,30.0,8,1,1.0,2.0,1,2,14
DEMO105534,52.32312678789516,-2.064788743711298,3,1,1,02/11/2025,7,22:00,6,50.0,8,7,1.0,3.0,1,5,37
DEMO105535,55.85644194442093,-4.172423958805942,3,2,2,13/08/2025,3,23:45,2,30.0,0,1,5.0,2.0,1,5,14
DEMO105536,51.20096511647074,0.1264832539654703,2,4,5,23/08/2025,6,02:40,9,40.0,0,5,4.0,1.0,2,1,6
DEMO105537,51.44450960713004,-2.793647247606754,2,4,4,09/05/2025,5,13:00,3,70.0,6,1,1.0,1.0,1,3,10
DEMO105538,55.65155437092595,-3.4638978843771535,3,1,2,31/10/2025,5,14:37,7,40.0,9,1,2.0,3.0,1,4,36
DEMO105539,54.59874021087343,-5.578902366653206,2,2,4,30/09/2025,2,01:13,7,30.0,9,1,5.0,2.0,1,4,28
DEMO105540,53.83995657920254,-0.9672046125933743,2,3,3,25/10/2025,6,22:44,9,40.0,1,6,8.0,4.0,1,3,43
DEMO105541,52.792954699352016,-2.227491861526623,3,4,4,20/10/2025,1,02:22,7,20.0,8,1,1.0,1.0,2,4,28
DEMO105542,53.77701676199082,-1.9253512422059949,3,3,6,27/02/2025,4,06:12,7,30.0,8,6,1.0,2.0,1,3,16
DEMO105543,55.889367753843295,-2.7928637874604085,2,2,2,16/11/2025,7,23:30,6,40.0,9,6,1.0,2.0,1,2,32
DEMO105544,53.720848742592736,-2.3273937552485853,3,3,4,04/11/2025,2,13:26,7,20.0,0,7,3.0,2.0,1,4,6
DEMO105545,51.59917095482285,-3.21563286657003,3,1,2,30/03/2025,7,16:20,3,30.0,9,5,1.0,2.0,1,3,6
DEMO105546,52.49387628702797,-1.5886459083020579,3,1,2,25/12/2025,4,11:52,9,40.0,8,5,1.0,1.0,1,6,34
DEMO105547,51.452640568978765,-0.32301657422640806,2,1,4,12/07/2025,6,18:38,9,30.0,7,4,5.0,2.0,2,3,8
DEMO105548,53.786958769565715,-2.159920766928465,3,6,7,28/04/2025,1,01:29,6,30.0,0,1,2.0,1.0,1,5,19
DEMO105549,55.821514107600265,-3.496851404000273,2,3,4,23/03/2025,7,16:13,2,50.0,2,1,1.0,1.0,1,4,44
DEMO105550,53.11518641418761,-1.2415940622575705,3,2,2,14/05/2025,3,01:34,3,70.0,2,6,1.0,1.0,1,2,39
DEMO105551,51.41999638295256,-2.3606438736847313,2,4,4,14/01/2025,2,04:01,9,30.0,9,1,1.0,3.0,1,5,11
DEMO105552,53.32416398298715,-1.4074655867292274,3,5,6,10/09/2025,3,12:53,12,30.0,8,1,1.0,1.0,2,3,22
DEMO105553,53.598088144729495,-1.4454659077261214,2,3,5,16/09/2025,2,10:00,3,70.0,9,4,2.0,1.0,1,3,27
DEMO105554,52.98282136689574,-1.1399074863680276,2,3,3,01/09/2025,1,03:41,12,60.0,3,6,1.0,1.0,1,4,32
DEMO105555,53.1195317804484,-1.1775566972870848,3,3,3,20/07/2025,7,19:20,3,70.0,9,1,1.0,5.0,1,6,4
DEMO105556,52.025327045321504,-1.886460514211474,3,1,2,13/05/2025,2,07:43,12,20.0,9,7,6.0,1.0,1,1,14
DEMO105557,53.74064046736511,-1.318166201336922,2,6,6,22/09/2025,1,20:21,12,70.0,0,1,6.0,1.0,1,3,33
DEMO105558,53.2204369079434,-1.5649759897233986,3,2,3,15/11/2025,6,00:01,6,60.0,2,1,1.0,1.0,1,3,6
DEMO105559,52.29199872324722,-1.4284645540258691,2,3,3,01/02/2025,6,05:56,12,30.0,8,7,,1.0,2,5,7
DEMO105560,53.35814425037998,-2.9249424131107005,3,4,4,20/05/2025,2,07:45,6,40.0,8,1,1.0,1.0,1,3,37
DEMO105561,52.63723234034801,-1.3283003015239205,3,2,3,30/12/2025,2,14:02,3,30.0,2,4,5.0,2.0,2,3,18
DEMO105562,55.86245050766786,-3.10638666744141,2,2,4,11/11/2025,2,09:01,9,30.0,8,7,6.0,1.0,2,3,44
DEMO105563,52.6270391965099,-1.8662973485939895,3,4,4,29/12/2025,1,03:31,2,40.0,2,1,3.0,1.0,2,4,10
DEMO105564,52.37745679794545,-1.718494998410079,2,4,5,08/03/2025,6,13:57,3,30.0,7,1,3.0,3.0,1,1,19
DEMO105565,53.37437286824102,-1.7484116305664026,3,2,2,19/06/2025,4,22:34,3,70.0,9,7,1.0,1.0,2,2,19
DEMO105566,53.60158336461137,-2.477424729859807,1,8,8,17/02/2025,1,03:00,7,70.0,2,4,1.0,1.0,1,1,22
DEMO105567,51.257993428344776,-2.6145887386702564,1,1,3,13/11/2025,4,06:41,7,60.0,0,7,2.0,1.0,1,6,41
DEMO105568,53.65426208296367,-1.509520964304445,2,2,2,09/07/2025,3,11:25,9,30.0,8,6,1.0,1.0,1,6,12
DEMO105569,53.645363841713525,-1.9735921546715836,3,4,6,30/03/2025,7,17:38,9,50.0,8,4,4.0,1.0,1,3,12
DEMO105570,55.811485323830965,-3.1482532105332233,2,2,4,02/02/2025,7,03:21,9,60.0,2,1,2.0,6.0,1,3,19
DEMO105571,55.88695252827607,-3.881889343459932,3,4,4,27/09/2025,6,05:00,7,30.0,3,1,1.0,2.0,1,2,8
DEMO105572,53.65609316735106,-2.863609323761615,3,5,5,24/10/2025,5,05:01,12,50.0,6,1,3.0,2.0,1,5,27
DEMO105573,55.88078466933218,-3.796581702026249,3,1,2,17/11/2025,1,14:37,3,30.0,8,1,5.0,1.0,1,4,4
DEMO105574,55.91330745633124,-4.328931343942407,3,1,1,21/12/2025,7,01:38,9,50.0,8,6,3.0,1.0,2,6,3
DEMO105575,53.233713290373956,-0.972897326584399,2,4,4,25/10/2025,6,15:19,2,50.0,2,7,2.0,2.0,1,5,9
DEMO105576,53.36892398550252,-0.848835266238299,2,7,8,15/10/2025,3,10:04,2,60.0,2,7,6.0,1.0,1,1,15
DEMO105577,54.62180685224142,-6.224630636481928,3,1,1,24/10/2025,5,07:46,3,40.0,2,7,1.0,1.0,1,5,35
DEMO105578,53.332070215979144,-2.623456737512769,3,2,3,31/12/2025,3,20:09,2,60.0,1,1,3.0,1.0,1,1,13
DEMO105579,51.60449429693518,-2.3857428454766896,2,3,3,19/06/2025,4,19:11,12,30.0,1,1,2.0,1.0,1,1,10
DEMO105580,52.8149716525134,-0.7108798233171105,3,2,5,04/10/2025,6,19:27,6,50.0,8,1,1.0,1.0,1,3,24
DEMO105581,51.71794864402111,-3.1393569589893264,2,4,5,27/10/2025,1,21:42,9,60.0,8,4,8.0,1.0,2,1,42
DEMO105582,55.765702265980586,-4.231322498412219,3,1,3,12/02/2025,3,05:59,6,50.0,2,7,2.0,1.0,2,4,9
DEMO105583,51.43119912955832,-0.28451609370844866,2,2,5,10/09/2025,3,20:37,7,60.0,9,7,1.0,1.0,1,2,13
DEMO105584,53.22370921883203,-3.1394867815975838,3,1,1,04/05/2025,7,04:57,3,40.0,7,6,1.0,1.0,1,2,29
DEMO105585,55.71134368025341,-4.246016595594472,2,1,1,18/02/2025,2,07:39,12,40.0,8,1,9.0,1.0,2,4,11
DEMO105586,53.69326970697307,-2.0812685643487194,2,2,3,04/03/2025,2,13:50,1,70.0,9,1,6.0,1.0,1,1,17
DEMO105587,54.65894396051789,-5.728621836044509,3,1,3,11/02/2025,2,17:10,7,30.0,2,1,1.0,1.0,1,3,37
DEMO105588,55.94382716830292,-3.4096050697460347,3,5,6,24/11/2025,1,13:03,12,50.0,8,4,2.0,1.0,1,5,13
DEMO105589,51.8506620825393,-3.1822833600197145,3,4,5,09/10/2025,4,13:40,9,50.0,2,1,1.0,1.0,1,6,27
DEMO105590,51.528699315544024,-0.05255548858479979,3,2,2,07/02/2025,5,09:58,9,60.0,9,6,4.0,1.0,2,5,20
DEMO105591,52.95163184017326,-1.6540649921125752,3,1,2,17/08/2025,7,14:44,3,40.0,2,1,2.0,1.0,2,6,21
DEMO105592,52.75449772046805,-0.9307992322103211,2,4,5,30/08/2025,6,11:20,6,40.0,7,5,1.0,1.0,2,6,40
DEMO105593,53.23545995042412,-1.5119715904800135,3,3,3,09/07/2025,3,11:29,2,20.0,1,7,2.0,1.0,1,1,8
DEMO105594,51.31318716671004,-3.155593551339508,3,1,2,10/08/2025,7,14:06,3,70.0,2,1,7.0,2.0,2,1,19
DEMO105595,51.33108242006693,-2.2183755697797847,3,5,5,28/11/2025,5,14:20,1,30.0,2,5,1.0,1.0,1,1,32
DEMO105596,52.87057384853248,-1.377050142483542,3,2,2,09/07/2025,3,07:40,9,40.0,8,6,1.0,1.0,1,5,18
DEMO105597,55.812873175841894,-4.4410289530922515,3,2,4,29/08/2025,5,03:09,12,30.0,2,7,8.0,1.0,1,5,28
DEMO105598,56.07920665785948,-3.7180585731257283,3,2,3,28/07/2025,1,07:28,7,40.0,2,1,1.0,2.0,2,3,19
DEMO105599,55.948772586359496,-3.1876023590391105,2,2,2,25/05/2025,7,09:17,9,30.0,0,5,2.0,1.0,1,5,42
DEMO105600,51.776367879539315,-2.307941023988384,3,4,4,22/11/2025,6,03:29,6,40.0,2,1,2.0,4.0,1,2,14
DEMO105601,54.710753352553816,-6.419344269527793,3,3,3,01/06/2025,7,04:45,3,50.0,2,1,1.0,1.0,1,5,43
DEMO105602,51.38022536843436,-0.35939015081063513,2,2,2,19/10/2025,7,22:53,9,40.0,7,1,1.0,1.0,1,6,25
DEMO105603,53.48978892877418,-2.935855391687382,2,3,3,09/08/2025,6,06:24,3,20.0,3,4,1.0,1.0,1,5,27
DEMO105604,53.40832227414015,-1.5647255946065204,2,5,6,08/09/2025,1,17:49,6,60.0,9,1,1.0,1.0,1,3,12
DEMO105605,51.75877015225032,-0.22017742590286718,3,2,3,05/10/2025,7,03:42,9,,7,5,2.0,1.0,1,5,13
DEMO105606,53.556226405362644,-2.9386417610871125,3,1,1,26/09/2025,5,23:55,3,30.0,0,1,6.0,1.0,1,4,32
DEMO105607,53.39329589865253,-1.0132695321298244,3,2,3,25/07/2025,5,05:44,3,30.0,8,1,1.0,1.0,1,3,40
DEMO105608,53.695845799184944,-1.4440486182600085,3,1,1,13/08/2025,3,09:33,1,60.0,0,6,4.0,1.0,1,5,25
DEMO105609,52.58651501035036,-1.8166537910410774,3,3,5,05/07/2025,6,18:40,7,70.0,8,1,2.0,,1,3,8
DEMO105610,53.90901473421851,-1.4173696134106044,3,4,4,04/05/2025,7,04:19,3,60.0,3,1,1.0,4.0,2,1,35
DEMO105611,53.75136533134338,-2.6939938481758277,2,2,2,23/09/2025,2,13:40,7,60.0,0,1,2.0,1.0,2,6,27
DEMO105612,53.53532222816218,-1.3760761459823134,3,2,2,17/11/2025,1,18:42,3,40.0,9,1,1.0,3.0,1,3,40
DEMO105613,53.839670719819175,-1.9030073515121053,3,1,2,15/09/2025,1,00:36,9,30.0,6,1,3.0,2.0,1,5,8
DEMO105614,52.9407729610174,-1.1353677559752196,3,5,6,09/10/2025,4,00:06,9,60.0,9,6,1.0,3.0,1,6,5
DEMO105615,55.50076725438673,-3.973094910418624,2,2,2,31/10/2025,5,18:31,3,30.0,3,5,4.0,2.0,1,1,21
DEMO105616,55.6210727902033,-3.2722659860320213,1,4,4,15/05/2025,4,06:42,9,50.0,3,1,7.0,1.0,1,3,18
DEMO105617,53.45966786957822,-1.9687521340584073,2,4,5,23/01/2025,4,21:11,3,40.0,2,1,1.0,3.0,1,3,7
DEMO105618,51.38165448359547,-3.577523091452731,3,5,6,04/05/2025,7,22:47,2,30.0,2,6,8.0,1.0,1,2,28
DEMO105619,52.48958806859516,-1.807957974054778,3,3,4,03/10/2025,5,21:50,3,30.0,8,1,1.0,2.0,1,1,44
DEMO105620,51.69047084216002,-0.041566762073557265,3,4,5,25/10/2025,6,23:32,3,30.0,0,1,1.0,1.0,1,3,31
DEMO105621,51.3683317275975,-0.7589733655211306,3,2,2,07/07/2025,1,19:57,12,30.0,6,1,1.0,1.0,1,2,8
DEMO105622,53.19705857423081,-2.103560582820443,3,2,3,12/10/2025,7,09:51,9,30.0,2,6,5.0,1.0,1,2,24
DEMO105623,51.24775462094099,-3.879966439529816,2,1,1,28/01/2025,2,23:27,9,30.0,7,5,4.0,1.0,1,5,27
DEMO105624,53.30364800265797,-2.1861785526776556,3,2,3,24/08/2025,7,08:53,2,20.0,1,1,8.0,1.0,1,6,35
DEMO105625,55.65897223101276,-4.12943808464384,3,3,4,05/09/2025,5,14:55,9,30.0,2,1,4.0,3.0,1,2,13
DEMO105626,53.416175823662705,-3.0789468181436543,1,2,2,05/07/2025,6,00:06,7,40.0,7,6,2.0,1.0,1,5,25
DEMO105627,51.7844204923668,-0.07270957829496105,3,1,1,19/09/2025,5,23:59,2,60.0,8,1,7.0,1.0,1,1,41
DEMO105628,53.51906864089893,-2.433211205954853,3,3,5,29/06/2025,7,14:00,9,30.0,9,1,8.0,1.0,1,6,15
DEMO105629,51.6313813745644,-0.2445726715016571,3,4,4,11/07/2025,5,22:29,9,40.0,2,6,5.0,1.0,1,1,41
DEMO105630,53.44784487042031,-3.257797267247497,3,2,5,09/08/2025,6,08:56,12,50.0,6,1,2.0,1.0,1,5,5
DEMO105631,52.731819341315045,-0.6534753718359201,3,5,6,17/10/2025,5,07:43,12,50.0,2,1,5.0,2.0,2,1,38
DEMO105632,53.35811941921546,-1.097445477661166,3,2,3,01/04/2025,2,12:16,2,70.0,7,5,1.0,6.0,1,2,19
DEMO105633,53.74356773362282,-1.2576276295856985,3,3,3,20/04/2025,7,20:38,9,40.0,2,5,7.0,1.0,1,2,27
DEMO105634,56.09296982317315,-3.569027158768393,1,3,3,02/06/2025,1,13:12,12,40.0,0,1,9.0,1.0,1,2,21
DEMO105635,52.97827220747535,-2.052162581415289,3,3,3,15/03/2025,6,19:14,7,60.0,7,1,4.0,2.0,1,4,17
DEMO105636,53.78477513579311,-1.7491739514342926,3,3,3,02/05/2025,5,05:54,3,40.0,0,1,1.0,1.0,1,3,23
DEMO105637,53.37746154874018,-3.0263617636197817,3,4,5,09/05/2025,5,18:02,3,30.0,0,1,1.0,2.0,1,1,29
DEMO105638,52.438118657114615,-2.0083174849415557,3,1,2,25/04/2025,5,17:57,2,50.0,9,1,8.0,1.0,1,6,6
DEMO105639,54.34503256236545,-6.048463214142098,2,1,1,30/05/2025,5,21:27,1,30.0,9,1,6.0,2.0,1,5,4
DEMO105640,55.988999086912024,-3.6305180828915296,3,1,1,04/07/2025,5,01:03,12,50.0,7,1,4.0,1.0,1,3,15
DEMO105641,54.02037414784075,-1.4892936838804187,2,2,2,12/09/2025,5,09:47,12,60.0,0,1,8.0,5.0,1,1,1
DEMO105642,56.24216700410144,-4.308108726800858,2,2,3,21/04/2025,1,02:02,12,50.0,2,1,2.0,5.0,2,2,44
DEMO105643,56.16099143013978,-4.773799754926884,2,4,4,05/11/2025,3,09:19,3,30.0,2,4,6.0,1.0,1,6,22
DEMO105644,53.60872940869256,-1.5382827730963462,3,3,4,24/06/2025,2,18:14,7,40.0,8,5,1.0,1.0,1,2,9
DEMO105645,51.81499516586087,-0.15382765123925712,2,3,3,21/09/2025,7,15:47,6,60.0,8,7,1.0,1.0,1,6,17
DEMO105646,51.81028137539531,-2.9189383097863058,3,2,2,11/02/2025,2,18:23,6,30.0,2,4,2.0,1.0,2,1,37
DEMO105647,54.431037042353246,-6.053345247125637,2,4,6,05/03/2025,3,17:39,3,70.0,3,5,1.0,5.0,1,3,39
DEMO105648,54.64259296868456,-5.691125715563313,3,1,2,15/06/2025,7,23:04,12,20.0,2,1,2.0,1.0,1,2,21
DEMO105649,54.3675388505858,-5.718053513161101,3,2,3,14/05/2025,3,21:41,9,50.0,8,6,5.0,1.0,1,3,32
DEMO105650,54.69425460972407,-6.122253370077144,1,3,3,01/07/2025,2,14:42,9,30.0,2,1,1.0,1.0,1,4,29
DEMO105651,55.81990498209706,,3,5,6,27/02/2025,4,21:17,1,50.0,8,6,4.0,1.0,2,3,41
DEMO105652,51.479573769244254,0.1515616605572577,2,2,3,22/06/2025,7,01:52,3,70.0,8,7,1.0,3.0,1,1,40
DEMO105653,53.359150199310065,-2.724283917959747,3,4,5,08/09/2025,1,17:28,7,40.0,1,1,6.0,1.0,1,3,4
DEMO105654,53.031586792616736,-2.153754617418785,3,3,3,23/09/2025,2,12:40,7,30.0,9,7,1.0,1.0,1,5,38
DEMO105655,53.13720029598383,-2.26433562641089,2,4,5,01/04/2025,2,22:10,9,60.0,8,5,4.0,1.0,1,2,32
DEMO105656,56.10735151458871,-3.512705661711011,2,3,4,06/05/2025,2,12:55,3,30.0,7,5,3.0,2.0,1,6,4
DEMO105657,55.8320149159803,-2.900155047347486,3,2,2,11/07/2025,5,04:14,2,40.0,0,1,1.0,1.0,1,4,24
DEMO105658,53.138921577314385,-1.5061989507099753,3,2,3,09/07/2025,3,17:37,9,30.0,1,1,1.0,1.0,1,4,44
DEMO105659,55.83517786440892,-4.288737353094519,2,2,3,17/10/2025,5,22:05,6,40.0,0,6,1.0,1.0,1,5,1
DEMO105660,52.20069394925463,-1.6273146677512282,2,2,3,23/05/2025,5,00:02,6,50.0,3,1,1.0,5.0,1,5,14
DEMO105661,53.22869659543268,-2.4802029904548437,3,5,6,02/09/2025,2,01:07,9,40.0,2,4,1.0,2.0,1,2,3
DEMO105662,51.360706198368405,-3.1789729190808695,3,2,3,19/11/2025,3,15:56,9,30.0,8,1,1.0,2.0,1,6,26
DEMO105663,53.24141884918274,-3.3685928434363945,3,5,6,19/04/2025,6,13:12,9,20.0,3,1,4.0,1.0,2,3,44
DEMO105664,52.93888095732687,-1.243703882813112,3,1,2,28/10/2025,2,13:52,3,30.0,3,5,1.0,1.0,2,2,38
DEMO105665,53.45377840810429,-3.229933698128794,2,2,3,02/05/2025,5,02:34,7,60.0,9,6,1.0,1.0,1,5,11
DEMO105666,53.54202088098216,-2.430174725048764,2,2,2,03/05/2025,6,13:05,6,70.0,7,7,1.0,1.0,1,3,28
DEMO105667,55.99437423757269,-3.0498792390186,3,1,1,27/08/2025,3,13:26,7,40.0,3,5,2.0,2.0,1,3,6
DEMO105668,56.11242558597717,,3,3,3,15/08/2025,5,20:28,7,60.0,9,5,2.0,1.0,1,2,32
DEMO105669,56.0446929653911,-4.388238771921604,3,5,6,20/07/2025,7,09:16,1,20.0,3,7,4.0,1.0,2,3,26
DEMO105670,51.287180593718205,-2.5205810344462343,2,2,2,26/03/2025,3,08:36,3,60.0,7,4,3.0,1.0,1,3,42
DEMO105671,53.04545064825261,-1.5788554811469684,3,1,2,05/02/2025,3,01:51,6,30.0,3,5,2.0,,1,4,6
DEMO105672,54.47516677862049,-6.013526338415365,3,4,4,28/11/2025,5,13:53,6,30.0,8,6,1.0,2.0,1,6,17
DEMO105673,53.396111583639694,-1.7457805453833277,1,2,3,16/11/2025,7,15:31,2,30.0,8,6,1.0,5.0,2,3,29
DEMO105674,53.313816297188175,-3.1150147268990263,3,1,1,20/11/2025,4,06:53,9,40.0,7,6,4.0,1.0,1,4,25
DEMO105675,53.914741392423174,-2.0203715342462543,2,1,2,07/07/2025,1,17:55,3,40.0,2,4,1.0,1.0,2,5,17
DEMO105676,52.71501208622732,-0.6508111403261975,2,4,4,19/11/2025,3,22:05,6,20.0,9,4,6.0,2.0,2,3,21
DEMO105677,51.73896385085012,-2.2976190232725564,2,3,3,22/06/2025,7,04:38,7,30.0,6,5,3.0,1.0,1,5,34
DEMO105678,53.522286026037804,-0.8803641001734039,3,4,4,28/01/2025,2,13:46,9,50.0,8,5,3.0,1.0,1,2,19
DEMO105679,51.43805981951705,0.1457475527433608,2,3,4,14/03/2025,5,16:00,3,60.0,0,4,2.0,1.0,1,2,20
DEMO105680,53.34335262631143,-2.1665588599067074,2,4,4,10/04/2025,4,00:36,2,30.0,6,1,7.0,4.0,1,2,12
DEMO105681,55.92595077249185,-3.71095319625471,2,4,4,18/05/2025,7,04:54,3,30.0,9,1,2.0,1.0,1,5,35
DEMO105682,51.66109860008985,-2.3361274289459466,3,3,8,09/12/2025,2,09:16,3,50.0,8,1,2.0,1.0,2,5,29
DEMO105683,53.336553421070654,-2.6651218494819977,2,3,4,02/05/2025,5,03:51,3,40.0,1,1,7.0,1.0,1,2,28
DEMO105684,52.850120207687965,-1.4282111990916344,3,2,2,12/08/2025,2,08:56,7,40.0,8,1,3.0,1.0,1,4,8
DEMO105685,53.407509754860236,-2.8542562890538883,2,5,6,09/04/2025,3,03:38,6,40.0,0,1,2.0,1.0,1,4,33
DEMO105686,55.727330927005575,-3.148384325021093,3,3,4,23/08/2025,6,21:37,3,40.0,2,1,1.0,,1,4,10
DEMO105687,53.67440716516109,-2.256123758515216,2,6,6,27/07/2025,7,14:32,7,30.0,2,6,1.0,1.0,1,5,40
DEMO105688,56.0651510158908,-3.052967447534229,3,2,3,24/02/2025,1,07:24,1,60.0,2,4,5.0,4.0,1,2,6
DEMO105689,53.643829602047376,-2.1271558940226343,3,2,3,18/06/2025,3,18:27,9,60.0,0,6,1.0,1.0,1,6,26
DEMO105690,51.70389178284211,-2.8233231005649078,3,3,3,08/02/2025,6,00:31,7,50.0,7,1,1.0,1.0,1,6,7
DEMO105691,53.23878257766845,-1.234024130874198,3,3,3,21/11/2025,5,14:28,7,30.0,8,1,1.0,2.0,1,4,15
DEMO105692,51.48438771204639,-3.5259374784284256,3,5,5,15/09/2025,1,16:49,3,70.0,2,1,8.0,1.0,1,5,31
DEMO105693,53.46376572760528,-2.12241712872922,3,1,2,10/12/2025,3,19:46,6,20.0,7,1,2.0,1.0,1,1,29
DEMO105694,53.666272555148566,-1.3961351144793699,1,2,2,16/11/2025,7,05:20,3,70.0,6,1,2.0,2.0,2,3,18
DEMO105695,51.432808720354934,-0.30509387138968513,3,1,1,22/03/2025,6,14:30,12,40.0,9,4,7.0,1.0,1,4,13
DEMO105696,51.18517170928524,0.1748180997119024,3,2,2,16/09/2025,2,18:12,2,50.0,8,1,1.0,1.0,1,1,36
DEMO105697,55.87049220025073,-3.6395037118408666,2,4,5,06/02/2025,4,19:10,6,30.0,9,6,5.0,2.0,2,5,19
DEMO105698,56.02368047487658,-4.184180325421328,3,4,5,17/12/2025,3,04:22,9,30.0,8,1,4.0,1.0,1,1,28
DEMO105699,51.55043807140569,-2.538108766262282,3,1,1,14/10/2025,2,23:03,6,,8,1,2.0,1.0,1,6,11
DEMO105700,53.364260082032544,-1.087668741455801,3,3,3,06/09/2025,6,06:51,7,,0,6,5.0,1.0,1,6,39
DEMO105701,51.38607760752064,-2.4272339013921784,3,4,4,30/12/2025,2,09:07,12,30.0,9,1,8.0,1.0,1,1,26
DEMO105702,53.86217561807622,-2.0802829260348936,3,5,7,06/11/2025,4,04:19,3,30.0,8,1,1.0,1.0,1,1,31
DEMO105703,53.51031343432428,-3.1008635875618245,3,5,5,12/11/2025,3,03:15,1,40.0,2,4,1.0,1.0,2,4,16
DEMO105704,53.8398666228863,-1.1590414273583183,3,2,2,06/02/2025,4,06:12,12,60.0,2,5,5.0,1.0,1,3,11
DEMO105705,55.890492809924254,-3.225183671321086,2,4,6,09/01/2025,4,03:22,1,20.0,6,4,2.0,2.0,1,3,7
DEMO105706,51.4489213174781,-2.8540917898721148,3,2,3,17/12/2025,3,17:43,9,50.0,2,7,2.0,1.0,1,5,12
DEMO105707,53.70236537023814,-1.5611759609078626,3,2,2,02/04/2025,3,14:53,2,30.0,9,1,1.0,1.0,1,5,28
DEMO105708,53.140905870575224,-0.7553723808482604,2,2,3,05/06/2025,4,09:11,1,50.0,1,1,6.0,2.0,1,1,10
DEMO105709,55.92960190546111,-3.391818258804866,3,1,2,16/01/2025,4,13:14,3,40.0,1,6,4.0,2.0,2,2,41
DEMO105710,53.63250726537583,-1.8005856230944248,3,3,4,16/08/2025,6,14:28,9,50.0,0,5,8.0,2.0,1,3,33
DEMO105711,55.00399577605653,-5.9847389117875105,2,1,3,27/10/2025,1,04:19,1,20.0,7,7,2.0,1.0,1,6,5
DEMO105712,53.27728822215084,-3.1474127048380325,1,3,6,04/11/2025,2,07:47,3,20.0,8,6,,1.0,1,1,39
DEMO105713,53.22032010251856,-1.2931605542951095,3,1,1,01/08/2025,5,21:13,3,30.0,7,1,2.0,4.0,1,4,44
DEMO105714,54.38066511401841,-6.01464124271809,2,3,4,30/08/2025,6,00:24,2,70.0,1,5,3.0,1.0,1,1,40
DEMO105715,53.28471826153889,-2.907190082383655,3,3,3,07/07/2025,1,22:32,2,30.0,9,1,4.0,1.0,1,2,34
DEMO105716,53.61512092718774,-1.8515482234884415,2,2,2,12/06/2025,4,23:22,9,40.0,3,1,2.0,1.0,1,2,10
DEMO105717,55.579610577529905,-4.479368183303079,3,3,4,22/07/2025,2,06:37,7,30.0,1,1,2.0,3.0,1,2,18
DEMO105718,51.53639106870299,0.12106224238653773,1,3,4,08/12/2025,1,07:47,3,40.0,1,1,1.0,1.0,1,6,38
DEMO105719,53.3034787046307,-2.7743537851917766,3,1,1,03/04/2025,4,04:31,3,30.0,3,5,,1.0,1,4,33
DEMO105720,54.451229013842365,-6.228005661818532,3,5,6,21/06/2025,6,13:27,1,30.0,7,5,4.0,1.0,1,5,4
DEMO105721,51.141493952009355,-2.2574755829127118,3,3,6,08/08/2025,5,05:57,3,30.0,7,7,1.0,5.0,1,2,44
DEMO105722,55.85623023457271,-4.546994107726165,2,3,3,28/07/2025,1,18:58,3,30.0,0,1,4.0,1.0,1,3,17
DEMO105723,52.64633990309494,-1.5075176437426352,3,2,3,12/01/2025,7,09:59,12,30.0,9,1,1.0,1.0,1,2,21
DEMO105724,53.430285289211156,-2.4443090370252736,3,1,1,15/04/2025,2,23:00,3,30.0,2,1,1.0,4.0,1,5,11
DEMO105725,53.86225046352927,-1.7421347999942525,3,4,7,24/08/2025,7,20:50,3,60.0,2,4,4.0,1.0,2,6,9
DEMO105726,52.54818495246282,-1.2411860969645048,3,4,7,11/09/2025,4,09:53,7,30.0,8,1,1.0,1.0,1,6,27
DEMO105727,52.61109678633645,-2.1563977972529678,1,4,5,26/09/2025,5,14:48,3,30.0,7,1,8.0,1.0,2,2,6
DEMO105728,51.09858344319847,-2.451388334333692,3,2,2,28/12/2025,7,00:44,9,30.0,9,5,9.0,1.0,2,1,17
DEMO105729,51.78136587871618,-2.6190818296073743,2,2,4,03/09/2025,3,01:21,9,60.0,3,1,2.0,1.0,1,1,40
DEMO105730,51.446641789340816,-3.134943052683311,3,2,2,31/07/2025,4,12:43,1,30.0,1,5,2.0,1.0,1,2,10
DEMO105731,52.33086255268309,-1.7275879316329967,3,5,9,02/05/2025,5,11:34,9,60.0,9,1,1.0,1.0,1,1,40
DEMO105732,51.51847905414222,-2.813413744284689,3,2,2,16/05/2025,5,09:49,3,30.0,6,1,,2.0,1,6,30
DEMO105733,51.29229836593948,-2.69202339184256,3,5,5,29/10/2025,3,02:21,2,30.0,8,7,1.0,1.0,2,5,30
DEMO105734,52.94384225145637,-1.617599146709386,2,1,1,21/06/2025,6,20:44,7,30.0,0,1,8.0,1.0,1,4,10
DEMO105735,53.159711453650786,-0.9660786586695216,2,3,5,19/09/2025,5,09:47,9,30.0,2,1,9.0,,1,4,40
DEMO105736,53.738284118556145,-1.2479502671872187,3,1,2,15/02/2025,6,11:50,2,30.0,9,7,1.0,4.0,1,1,29
DEMO105737,54.6109273898219,-5.910980276123957,3,6,6,16/02/2025,7,09:10,3,30.0,9,1,4.0,1.0,1,6,42
DEMO105738,53.45104580537059,-2.225695338018042,3,3,3,20/03/2025,4,11:51,9,70.0,9,1,2.0,1.0,1,3,35
DEMO105739,51.35791174453544,-0.1781365667588032,3,3,3,13/03/2025,4,15:13,7,50.0,8,1,2.0,,1,6,30
DEMO105740,55.75224333087394,-3.3362793208478125,3,2,5,10/08/2025,7,18:56,6,60.0,6,5,1.0,2.0,1,1,19
DEMO105741,53.51240617177194,-1.5647025338567218,2,6,6,21/08/2025,4,13:02,6,60.0,7,4,4.0,2.0,1,5,1
DEMO105742,51.57382295828318,-3.1984702310429185,3,3,3,23/07/2025,3,03:13,7,30.0,0,5,1.0,1.0,1,3,17
DEMO105743,53.400600445676965,-2.8327539750601973,3,2,4,16/04/2025,3,20:36,7,60.0,8,7,6.0,1.0,1,3,15
DEMO105744,51.69130939860405,0.07331270965124903,3,2,2,30/07/2025,3,06:32,1,30.0,8,1,2.0,1.0,1,6,2
DEMO105745,51.4940079366513,-0.347652527598172,3,2,2,13/02/2025,4,00:41,3,40.0,8,1,3.0,1.0,1,3,9
DEMO105746,53.60957811235904,-2.9763608855556556,2,2,3,22/06/2025,7,00:24,6,50.0,3,7,7.0,1.0,1,1,33
DEMO105747,53.746470014859085,-2.414790258551202,3,3,5,26/02/2025,3,18:00,9,40.0,2,1,4.0,1.0,1,2,25
DEMO105748,54.792159017176516,-5.991748615621192,3,3,5,29/01/2025,3,09:37,9,,8,7,2.0,1.0,1,3,29
DEMO105749,52.56008406200294,-1.8592348355853117,2,1,2,02/03/2025,7,00:30,7,20.0,9,7,2.0,2.0,1,5,28
DEMO105750,51.299856727646144,-2.948829187454651,3,3,3,10/02/2025,1,19:30,7,70.0,3,7,2.0,5.0,1,6,13
DEMO105751,53.56062202990179,-2.276224791920452,3,2,2,24/06/2025,2,07:22,3,20.0,0,1,1.0,1.0,1,1,42
DEMO105752,52.40087569407208,-1.7837747133245594,3,2,4,19/07/2025,6,23:53,9,30.0,9,4,8.0,3.0,1,1,5
DEMO105753,53.930429782865176,-1.8055543671615406,3,3,3,10/08/2025,7,21:47,12,20.0,8,6,1.0,1.0,1,6,42
DEMO105754,52.77695358177212,-2.162802892813189,3,3,5,10/06/2025,2,01:10,9,40.0,8,1,2.0,1.0,1,6,32
DEMO105755,51.43827148897993,-2.6500592639693337,3,3,5,06/03/2025,4,16:02,9,30.0,9,4,5.0,,1,6,3
DEMO105756,53.59925020611074,-0.7483053466585023,3,3,3,08/01/2025,3,14:10,9,60.0,8,1,1.0,1.0,2,1,22
DEMO105757,53.08105036496745,-1.3468441792535097,2,3,3,18/09/2025,4,04:02,3,40.0,7,1,6.0,1.0,2,4,34
DEMO105758,52.953300625651536,-1.1213240961359736,3,4,5,25/12/2025,4,08:42,6,60.0,8,6,1.0,1.0,2,5,17
DEMO105759,51.7839434847053,-0.029853283210442533,3,2,2,13/04/2025,7,11:37,6,30.0,6,7,1.0,2.0,1,4,21
DEMO105760,52.49594175479906,-1.8826561067935015,3,3,3,16/03/2025,7,03:27,6,30.0,2,1,3.0,1.0,1,6,19
DEMO105761,52.4735469906357,-2.0338726984259097,3,2,3,24/04/2025,4,17:35,9,40.0,2,1,2.0,1.0,2,2,39
DEMO105762,53.49806059495285,-2.1092104803750535,3,1,2,20/03/2025,4,06:48,3,30.0,8,4,8.0,1.0,1,4,32
DEMO105763,52.54164660692877,-2.1090156367188126,3,3,3,23/03/2025,7,22:49,3,30.0,2,1,2.0,1.0,2,4,1
DEMO105764,53.44410144015897,-1.4578740749581758,3,2,2,30/06/2025,1,19:26,3,60.0,9,5,1.0,1.0,1,3,26
DEMO105765,52.80871017134388,-1.2979586942555486,3,2,2,14/10/2025,2,15:35,2,50.0,3,5,1.0,2.0,1,3,22
DEMO105766,54.000063977343025,-1.3100312029994754,3,3,4,17/09/2025,3,02:34,3,60.0,7,1,1.0,1.0,1,4,23
DEMO105767,53.68342840278881,-1.9783041375405337,2,2,2,17/12/2025,3,00:56,2,40.0,0,6,3.0,,1,1,16
DEMO105768,53.403162072157194,-3.017994048340811,2,3,4,11/05/2025,7,03:45,2,30.0,3,1,1.0,1.0,1,1,11
DEMO105769,52.913555246632725,-1.426532911848549,3,3,3,29/06/2025,7,11:18,6,60.0,3,1,2.0,4.0,2,5,22
DEMO105770,53.67716878654255,-1.350704381858396,2,2,2,19/05/2025,1,18:53,7,70.0,8,6,7.0,1.0,1,2,35
DEMO105771,53.45180626911041,-2.04098858377751,3,2,3,16/01/2025,4,03:23,7,40.0,0,1,2.0,1.0,1,1,33
DEMO105772,51.27059210200168,-3.2182660026094307,3,2,3,22/05/2025,4,16:45,2,20.0,3,1,3.0,1.0,1,4,20
DEMO105773,51.240829826074275,-0.42607036777790586,3,3,5,06/04/2025,7,01:58,12,30.0,9,5,1.0,1.0,1,2,32
DEMO105774,53.445490388412665,-2.768010718006993,1,3,4,24/06/2025,2,06:48,2,60.0,8,1,5.0,1.0,2,6,30
DEMO105775,54.887416804682665,-5.9622156282572165,3,3,3,27/02/2025,4,14:06,7,20.0,8,1,1.0,1.0,1,3,11
DEMO105776,51.58898581207192,-2.4414438578990447,2,3,4,28/09/2025,7,19:12,9,30.0,8,6,2.0,1.0,1,1,38
DEMO105777,52.62444540085596,-1.89458256034495,3,2,2,04/11/2025,2,18:47,9,30.0,8,1,1.0,1.0,1,5,7
DEMO105778,56.05398120210194,-4.2133580725100295,3,4,5,17/12/2025,3,12:07,6,60.0,3,1,1.0,1.0,1,4,37
DEMO105779,52.52319852849562,-1.6530989386287582,3,4,7,31/01/2025,5,00:00,3,30.0,3,1,1.0,1.0,1,6,24
DEMO105780,53.485054769808926,-2.5286114431226965,3,1,3,12/02/2025,3,07:15,9,40.0,0,5,1.0,2.0,1,1,30
DEMO105781,52.331538656718585,-1.996558454661789,3,1,3,19/12/2025,5,18:29,7,50.0,1,1,7.0,1.0,2,4,34
DEMO105782,51.62347331230402,-3.4276795055937,3,2,4,06/11/2025,4,01:07,9,60.0,7,6,1.0,1.0,1,6,17
DEMO105783,54.647177125534405,-5.86488241338668,2,2,2,03/08/2025,7,16:09,3,30.0,9,1,8.0,6.0,1,5,44
DEMO105784,52.830922093029876,-1.4718346700762202,2,4,5,28/04/2025,1,16:20,12,30.0,7,6,2.0,1.0,1,3,5
DEMO105785,53.32441121069266,-1.2485421123488076,2,6,6,08/07/2025,2,18:35,12,30.0,3,6,1.0,1.0,1,2,1
DEMO105786,53.17832719104494,-1.5984591534597157,2,2,3,15/07/2025,2,05:32,9,30.0,8,6,1.0,1.0,1,6,34
DEMO105787,53.47564611665495,-1.3473419766855361,3,3,5,06/11/2025,4,05:47,12,30.0,3,5,1.0,5.0,1,1,13
DEMO105788,53.232865095327604,-1.3359089050478987,3,3,4,13/07/2025,7,04:58,6,30.0,2,1,6.0,1.0,1,2,5
DEMO105789,54.393974246925424,-5.736232157244801,3,4,5,11/01/2025,6,09:01,3,30.0,0,1,1.0,1.0,1,3,37
DEMO105790,56.0523044401692,-3.9668179178040592,2,2,3,13/09/2025,6,12:41,7,60.0,8,1,6.0,2.0,1,6,5
DEMO105791,52.70384290706432,-1.7076169667323462,3,3,3,11/10/2025,6,02:09,7,20.0,7,1,1.0,1.0,1,6,23
DEMO105792,51.24517245848881,-2.799687861129733,2,3,7,19/04/2025,6,13:21,6,70.0,7,1,1.0,1.0,1,4,7
DEMO105793,54.225156565529616,-5.57977636009376,3,1,2,12/02/2025,3,05:20,3,20.0,8,5,1.0,1.0,1,2,5
DEMO105794,51.46582276429909,,2,1,2,21/02/2025,5,13:42,7,30.0,7,1,4.0,1.0,1,3,25
DEMO105795,53.44953074641176,-2.3950878740320727,2,3,4,03/11/2025,1,07:15,3,60.0,2,7,2.0,1.0,2,6,10
DEMO105796,51.44195835792017,-3.112169495635477,3,5,5,13/06/2025,5,22:53,9,60.0,7,5,8.0,1.0,1,2,11
DEMO105797,53.5838985942942,-1.1013019832759006,3,3,4,13/07/2025,7,07:22,9,20.0,1,1,1.0,1.0,1,5,17
DEMO105798,52.891443331611505,-1.3730803119411485,3,3,3,17/12/2025,3,20:48,3,60.0,2,1,1.0,1.0,1,4,12
DEMO105799,53.843878888588215,-3.213396517431082,1,3,3,23/01/2025,4,04:57,9,60.0,7,4,5.0,1.0,1,1,44
DEMO105800,52.20975637887424,-1.9213325236486334,3,4,6,17/03/2025,1,02:30,3,30.0,0,1,2.0,2.0,1,3,18
DEMO105801,51.29837364746712,-2.9240900276474333,3,3,4,01/11/2025,6,04:06,6,40.0,8,1,5.0,1.0,2,5,25
DEMO105802,53.25134038223305,-2.9654908223577015,3,2,3,17/07/2025,4,10:42,12,30.0,0,4,2.0,1.0,1,4,39
DEMO105803,54.5635851322002,-5.75481871361706,2,1,3,10/01/2025,5,21:25,2,30.0,3,5,4.0,1.0,1,3,19
DEMO105804,54.0564710144763,-1.5081287155090142,2,1,1,14/09/2025,7,04:20,2,20.0,3,1,1.0,1.0,2,6,43
DEMO105805,52.28516965363295,-2.06451580597221,2,2,3,20/02/2025,4,18:27,12,20.0,8,1,9.0,1.0,1,1,31
DEMO105806,53.24576681616493,-2.7736959799531267,3,2,3,13/10/2025,1,16:17,3,40.0,1,1,1.0,2.0,2,6,27
DEMO105807,54.48305362139793,-5.971084146461461,2,1,2,19/10/2025,7,08:16,3,20.0,8,1,5.0,1.0,2,6,15
DEMO105808,53.392239241900256,-3.1812109756250453,2,2,2,28/10/2025,2,08:59,6,,3,1,1.0,1.0,1,5,7
DEMO105809,51.48358785803841,-2.5258463375533013,3,4,5,19/06/2025,4,22:16,1,20.0,2,6,5.0,5.0,2,6,15
DEMO105810,55.793961890310186,,3,3,4,08/04/2025,2,17:27,3,50.0,0,5,6.0,,2,4,23
DEMO105811,53.149106033289286,-1.6091764548886327,2,1,2,18/11/2025,2,05:42,9,50.0,9,1,6.0,2.0,1,6,6
DEMO105812,53.783292529888726,-1.1650262431276328,3,2,2,23/07/2025,3,21:13,6,60.0,3,7,2.0,1.0,1,2,34
DEMO105813,54.85533776311736,-5.911448880573188,3,5,6,20/08/2025,3,09:37,3,70.0,3,5,2.0,1.0,1,5,25
DEMO105814,53.545881522212724,-1.4395326193430513,2,2,2,19/02/2025,3,01:53,7,70.0,1,1,6.0,1.0,1,3,33
DEMO105815,51.42515559069173,-0.1002429153823206,2,4,6,16/08/2025,6,19:48,3,30.0,6,6,2.0,1.0,1,4,37
DEMO105816,51.467361936706375,-2.7207606217292777,3,5,7,31/07/2025,4,20:01,3,30.0,2,6,3.0,2.0,1,1,43
DEMO105817,54.6871745984036,-6.234207816581019,3,2,2,17/04/2025,4,10:24,12,40.0,1,1,1.0,1.0,1,5,23
DEMO105818,51.613796010711866,,3,6,7,07/10/2025,2,16:00,9,20.0,8,1,2.0,,1,4,26
DEMO105819,53.231016603239055,-1.441280530754205,2,1,1,18/02/2025,2,05:36,7,30.0,9,6,1.0,2.0,1,5,44
DEMO105820,53.42944829288241,-1.1718171085228448,3,2,3,20/09/2025,6,20:19,6,60.0,2,1,4.0,1.0,1,6,11
DEMO105821,55.653138571803616,-3.836755896572702,3,4,5,17/12/2025,3,08:53,9,30.0,2,1,1.0,1.0,1,3,29
DEMO105822,51.20610753872029,-3.350373976226045,3,3,4,27/07/2025,7,06:10,7,40.0,3,6,2.0,1.0,2,3,5
DEMO105823,52.594715416947636,-1.7419007755875582,2,2,3,08/02/2025,6,12:51,3,50.0,9,6,6.0,1.0,1,4,24
DEMO105824,52.69425631595703,-0.9923953120829565,3,1,1,21/07/2025,1,06:20,3,60.0,7,5,2.0,3.0,2,1,44
DEMO105825,53.10163366220765,-0.9918701458413204,3,2,2,13/07/2025,7,14:55,3,60.0,1,1,7.0,1.0,1,2,23
DEMO105826,52.37886149652413,-2.0418365211594622,3,4,7,21/07/2025,1,17:11,12,60.0,7,1,1.0,1.0,1,3,42
DEMO105827,55.64546316354033,-4.344787139062691,3,2,2,10/04/2025,4,09:16,7,30.0,3,6,2.0,1.0,1,1,4
DEMO105828,52.57858645032302,-1.6973757709926311,3,2,3,17/08/2025,7,18:21,3,50.0,0,5,2.0,,2,5,4
DEMO105829,53.224265350417376,-3.3850896765919245,3,1,3,07/04/2025,1,10:59,3,30.0,9,6,2.0,1.0,1,5,44
DEMO105830,53.88578134142124,-2.0293989778566193,2,4,5,23/07/2025,3,23:44,9,70.0,1,1,4.0,1.0,2,4,2
DEMO105831,52.51907379945978,-1.86541167753773,2,3,3,06/08/2025,3,06:48,3,30.0,3,7,1.0,1.0,1,4,38
DEMO105832,55.61104166261998,-3.219289793680912,3,2,2,24/08/2025,7,16:33,9,30.0,8,1,2.0,1.0,1,3,19
DEMO105833,53.735704482513924,-2.2048173889088507,3,1,5,19/10/2025,7,12:47,9,70.0,7,1,1.0,1.0,2,3,7
DEMO105834,54.033662857348766,-1.7224414240124188,3,1,4,19/11/2025,3,22:37,9,50.0,0,6,3.0,1.0,1,1,26
DEMO105835,51.65288303054748,-2.9907013851371738,3,2,2,11/10/2025,6,05:40,3,30.0,7,1,6.0,1.0,1,6,44
DEMO105836,51.656717935372406,-2.975448519091115,3,1,1,18/10/2025,6,04:50,9,20.0,8,5,1.0,1.0,1,4,37
DEMO105837,51.37623334615436,-0.08850286156207648,3,3,3,14/11/2025,5,20:58,3,40.0,8,4,2.0,2.0,1,5,8
DEMO105838,54.009447827046266,-1.8664788777137364,3,3,4,30/03/2025,7,21:34,12,40.0,1,6,2.0,1.0,1,3,14
DEMO105839,56.00063886672522,-4.001839919026402,2,2,2,17/04/2025,4,17:26,1,50.0,0,1,4.0,1.0,1,2,4
DEMO105840,55.57671829877473,-3.6099281742334406,3,3,3,14/07/2025,1,11:39,7,30.0,9,1,1.0,2.0,1,2,5
DEMO105841,54.423520706464586,-6.232981872495602,3,2,2,19/06/2025,4,09:44,6,50.0,8,5,,1.0,1,1,21
DEMO105842,52.818363387813264,-0.9758654699856775,2,1,1,14/09/2025,7,15:59,9,30.0,3,6,5.0,1.0,1,2,25
DEMO105843,51.77340112272695,-0.3980206460986915,2,3,5,04/01/2025,6,17:41,3,70.0,8,7,2.0,,1,3,10
DEMO105844,51.30775348921,-3.3558578930763256,3,2,2,20/02/2025,4,06:57,2,50.0,1,1,4.0,1.0,1,5,13
DEMO105845,52.38060675880229,-1.858387409544905,3,4,4,30/09/2025,2,00:43,9,70.0,9,5,1.0,1.0,1,3,4
DEMO105846,52.25507978066748,-1.6693250561615154,3,2,3,28/10/2025,2,01:57,3,,8,1,7.0,1.0,1,4,36
DEMO105847,55.77824635948156,-4.112408863019789,3,1,3,21/04/2025,1,08:45,3,60.0,9,1,1.0,1.0,1,2,12
DEMO105848,53.56729090671009,-1.152984843844863,3,1,1,24/04/2025,4,16:53,2,60.0,7,1,1.0,1.0,1,6,22
DEMO105849,51.251194199686026,-0.23580110888607486,3,2,2,24/07/2025,4,10:11,12,40.0,8,1,2.0,1.0,1,2,17
DEMO105850,53.56573211024549,-2.4505508334862474,2,2,3,24/06/2025,2,14:59,7,70.0,2,1,2.0,1.0,1,2,9
DEMO105851,53.2232493572961,-1.7778064494981085,3,2,2,03/03/2025,1,11:20,7,50.0,1,1,3.0,1.0,1,6,24
DEMO105852,54.1398404452982,-1.5222690847053602,2,1,1,02/07/2025,3,06:47,9,70.0,2,1,1.0,1.0,1,5,33
DEMO105853,55.884883208272285,-4.185972930494687,3,2,5,27/10/2025,1,17:23,9,60.0,9,6,1.0,1.0,1,1,41
DEMO105854,51.43936782450126,-2.000293538950415,3,1,2,24/09/2025,3,17:27,6,70.0,8,1,4.0,1.0,1,5,6
DEMO105855,53.27653654763749,-1.3229709411953554,2,3,5,26/10/2025,7,23:44,3,30.0,3,6,1.0,1.0,1,6,23
DEMO105856,53.447091199724596,-3.4028498945426535,3,1,1,23/08/2025,6,19:32,7,30.0,2,6,4.0,1.0,1,5,23
DEMO105857,51.18973453348401,-2.311908799127543,1,3,3,17/11/2025,1,09:42,7,40.0,7,1,3.0,1.0,1,1,44
DEMO105858,51.47202644160085,-2.790688719696563,3,4,5,02/04/2025,3,16:04,1,50.0,7,5,1.0,2.0,1,6,20
DEMO105859,55.75857915828777,-4.566827705913997,2,4,6,17/01/2025,5,08:50,9,30.0,7,1,4.0,6.0,1,5,27
DEMO105860,52.841379772608384,-0.9097432909618038,3,4,5,11/02/2025,2,20:24,3,30.0,8,1,6.0,1.0,1,6,38
DEMO105861,53.75185151076787,-1.2682720026843057,1,5,6,29/12/2025,1,14:47,3,30.0,2,5,5.0,1.0,1,4,38
DEMO105862,53.20750751099276,-0.8965404262991877,2,3,3,22/08/2025,5,20:17,6,70.0,6,4,1.0,2.0,1,4,38
DEMO105863,53.7436453174294,-2.3924116827777806,3,2,3,01/04/2025,2,06:35,12,50.0,2,1,2.0,1.0,1,1,24
DEMO105864,51.63464733904176,-2.6454929773880513,2,5,6,08/11/2025,6,00:35,3,20.0,1,7,7.0,6.0,1,6,18
DEMO105865,53.028244774515755,-0.9382227379505865,3,3,3,23/04/2025,3,03:08,3,20.0,2,5,3.0,2.0,2,4,14
DEMO105866,56.12839663228233,-4.479855129204487,1,4,4,07/08/2025,4,12:28,6,70.0,8,1,1.0,2.0,1,6,39
DEMO105867,51.54066013114852,-2.64675491281527,3,1,1,02/04/2025,3,23:38,12,30.0,1,1,1.0,1.0,2,4,44
DEMO105868,54.70859199046,-5.79145038840231,2,4,5,04/02/2025,2,15:50,3,40.0,2,7,4.0,1.0,1,1,4
DEMO105869,56.113829429554016,-4.25586054834188,3,5,7,08/04/2025,2,19:53,3,70.0,7,7,,1.0,1,6,30
DEMO105870,56.10020286194703,-3.3223974772334905,2,2,2,25/03/2025,2,11:23,12,70.0,3,5,7.0,1.0,1,5,23
DEMO105871,53.48821545501407,-3.7630927670313916,2,2,2,21/07/2025,1,23:38,7,20.0,8,6,7.0,2.0,1,4,43
DEMO105872,56.00741538433408,-4.068249395328488,3,2,3,08/01/2025,3,22:10,3,50.0,8,1,1.0,6.0,1,3,19
DEMO105873,53.820780493207415,-1.6979452013963492,3,5,5,29/03/2025,6,05:53,3,70.0,8,1,3.0,1.0,2,3,29
DEMO105874,55.95561720985486,-4.308308060537161,3,3,3,27/07/2025,7,20:52,7,30.0,2,7,1.0,1.0,1,4,13
DEMO105875,52.59493715434461,-1.913955866941249,3,6,7,24/05/2025,6,00:59,6,50.0,0,5,1.0,3.0,1,2,1
DEMO105876,51.25939540986808,-3.38620788224001,3,4,4,21/08/2025,4,14:29,1,60.0,2,4,1.0,2.0,1,4,14
DEMO105877,53.3482598584873,-2.11839047545458,2,6,7,28/08/2025,4,10:21,3,20.0,7,5,7.0,2.0,1,1,32
DEMO105878,53.512124325651065,-1.672018737802328,3,5,6,19/12/2025,5,07:45,12,30.0,1,1,1.0,1.0,2,2,12
DEMO105879,51.53112717164536,-0.5124120694169076,2,2,2,02/11/2025,7,22:43,9,30.0,8,1,2.0,6.0,1,3,44
DEMO105880,52.48301855270802,-1.8747642170682224,2,2,2,25/03/2025,2,15:12,7,20.0,9,5,2.0,1.0,2,3,16
DEMO105881,54.650136446100774,-6.069447792777927,3,4,5,10/09/2025,3,03:32,3,20.0,8,1,1.0,1.0,1,3,27
DEMO105882,51.124710332030574,-3.649208130586429,3,5,7,17/08/2025,7,03:38,3,,3,1,2.0,1.0,1,2,7
DEMO105883,53.45030386527738,-2.537467275246503,2,2,2,05/08/2025,2,02:27,12,40.0,8,1,1.0,1.0,1,5,29
DEMO105884,52.457250702803734,-1.8502527697971582,3,2,3,19/10/2025,7,07:22,7,70.0,2,1,1.0,2.0,1,5,1
DEMO105885,55.98570076728074,-3.154748042912716,2,3,3,23/02/2025,7,01:14,3,70.0,9,7,2.0,1.0,2,3,10
DEMO105886,54.75119085849029,-5.596195602053475,3,4,4,17/05/2025,6,06:24,9,60.0,2,1,5.0,1.0,1,1,15
DEMO105887,53.415060253450456,-1.9607154810854721,2,3,3,25/10/2025,6,18:14,2,60.0,8,1,4.0,1.0,1,1,37
DEMO105888,53.62307468588503,-1.364647252334295,3,4,4,22/11/2025,6,20:18,3,20.0,0,6,6.0,2.0,1,3,31
DEMO105889,53.62557888271527,-1.7183856100783412,2,3,3,14/01/2025,2,18:11,3,30.0,7,6,1.0,1.0,1,3,1
DEMO105890,55.98907712111852,-4.382834933094564,3,2,3,22/06/2025,7,11:22,9,60.0,2,5,1.0,1.0,1,6,41
DEMO105891,53.31496952242258,-2.886507122780387,3,3,3,07/04/2025,1,16:37,9,70.0,1,7,2.0,1.0,1,4,34
DEMO105892,52.6964075853452,-1.6519915391429092,2,5,7,03/03/2025,1,22:22,6,30.0,3,5,8.0,1.0,1,1,10
DEMO105893,53.84055507982598,-1.418473826554278,3,3,3,21/01/2025,2,01:08,3,50.0,1,5,1.0,1.0,1,4,12
DEMO105894,52.73770242829052,-1.270663724563518,3,3,5,16/07/2025,3,21:48,9,70.0,1,1,1.0,1.0,2,5,41
DEMO105895,55.971886145983184,-3.1383529235011314,2,2,4,01/09/2025,1,17:25,3,40.0,9,1,8.0,1.0,1,1,11
DEMO105896,51.57950435838483,-0.18949856336473095,3,3,3,13/07/2025,7,09:35,2,60.0,0,1,8.0,5.0,1,2,29
DEMO105897,54.63787765034456,-6.437318516911109,3,3,3,15/05/2025,4,10:31,9,70.0,7,6,1.0,3.0,1,3,36
DEMO105898,53.44029604448161,-1.5211336968168507,3,3,3,09/10/2025,4,10:30,9,50.0,0,5,5.0,1.0,1,4,44
DEMO105899,51.441118318518434,,2,3,5,26/08/2025,2,03:26,3,30.0,8,6,,1.0,1,1,15
DEMO105900,54.49665657921059,-5.739215768920556,3,2,4,28/11/2025,5,05:45,3,70.0,9,5,2.0,1.0,1,3,18
DEMO105901,52.19029997382222,-2.1553038675220275,2,2,2,07/05/2025,3,07:51,9,60.0,3,5,2.0,1.0,1,4,18
DEMO105902,52.59113707520569,-2.127620703896335,3,5,6,29/03/2025,6,00:54,2,30.0,9,1,8.0,1.0,1,4,41
DEMO105903,56.04468342902992,-2.9345821367791265,2,4,4,16/06/2025,1,12:26,7,70.0,7,1,1.0,3.0,1,4,17
DEMO105904,53.82460847761163,-2.4635784037748776,3,4,6,05/07/2025,6,11:20,7,20.0,7,4,5.0,4.0,1,1,26
DEMO105905,52.47873994540289,-2.0558207576861913,2,1,3,17/06/2025,2,07:04,7,70.0,1,1,1.0,1.0,1,4,28
DEMO105906,53.45835309523827,-2.8723732734838476,3,1,1,31/10/2025,5,04:26,3,60.0,9,7,3.0,2.0,1,3,16
DEMO105907,51.50877644974079,-3.00790208581109,3,2,3,17/01/2025,5,23:59,9,30.0,9,1,3.0,2.0,1,2,40
DEMO105908,,-2.8531418272001767,2,2,2,12/07/2025,6,16:15,12,60.0,1,1,4.0,1.0,1,2,30
DEMO105909,52.86221254076424,-1.243131529482633,3,6,6,07/06/2025,6,11:50,7,20.0,0,5,7.0,3.0,1,2,37
DEMO105910,53.507911091927255,-2.3140370605935554,3,2,2,18/03/2025,2,17:45,3,70.0,2,1,4.0,6.0,1,6,25
DEMO105911,51.45940085790514,-2.6270740456839956,3,1,2,22/08/2025,5,08:39,12,40.0,1,4,4.0,5.0,1,1,31
DEMO105912,55.99804079200961,-4.396497723125891,3,3,3,20/10/2025,1,05:33,3,40.0,2,1,1.0,2.0,1,3,8
DEMO105913,52.88611625280506,-1.7862463209705477,3,2,3,19/07/2025,6,16:45,2,70.0,9,1,9.0,1.0,2,4,34
DEMO105914,53.01437538961556,-1.2370994838747884,3,5,5,01/02/2025,6,18:05,3,20.0,9,5,2.0,1.0,2,3,33
DEMO105915,51.247349431627434,-0.42106572157986366,2,2,2,28/01/2025,2,15:07,3,40.0,3,1,2.0,6.0,2,1,5
DEMO105916,53.58981803256838,-1.9731343113467508,3,3,3,03/06/2025,2,13:11,3,50.0,2,4,2.0,1.0,1,5,41
DEMO105917,53.670729073439595,-2.2728390629306743,1,5,5,01/09/2025,1,00:45,9,30.0,7,1,1.0,1.0,2,5,43
DEMO105918,55.56469941138966,-4.102864627629069,2,1,2,25/04/2025,5,15:25,1,20.0,9,4,3.0,1.0,1,6,6
DEMO105919,51.53856791892503,-3.3438104806095725,3,3,7,23/04/2025,3,14:12,3,40.0,8,1,1.0,1.0,2,2,14
DEMO105920,52.35468455571439,-2.203866927482224,3,2,3,10/11/2025,1,09:02,9,30.0,9,1,1.0,1.0,1,4,7
DEMO105921,56.438938785500646,-2.820031386340742,3,2,2,06/01/2025,1,05:29,2,40.0,8,5,7.0,2.0,1,6,6
DEMO105922,53.16289508675143,-1.5551485562080503,3,2,3,30/01/2025,4,23:23,7,40.0,6,4,7.0,1.0,1,3,9
DEMO105923,54.47815080313801,-5.714179037722642,3,3,3,26/02/2025,3,09:10,12,30.0,1,7,2.0,1.0,1,1,41
DEMO105924,51.622241408039464,-2.9264720461736604,3,2,5,26/12/2025,5,06:01,2,30.0,8,6,8.0,1.0,1,4,37
DEMO105925,52.44447596783133,-1.5279217225677897,3,4,4,01/07/2025,2,16:45,3,30.0,8,4,2.0,1.0,1,1,12
DEMO105926,55.73474465906912,-4.265480601366015,2,2,2,27/02/2025,4,11:46,1,30.0,8,1,1.0,2.0,1,4,6
DEMO105927,53.20730946236468,-1.8131943740570085,2,2,3,24/04/2025,4,13:14,7,50.0,8,6,7.0,3.0,2,1,7
DEMO105928,52.3679571711537,-2.349290359222029,2,3,4,20/12/2025,6,15:29,3,30.0,2,4,3.0,2.0,2,4,6
DEMO105929,53.63767677328192,-1.6127439714848293,3,1,1,11/09/2025,4,08:15,12,70.0,2,6,5.0,1.0,1,4,44
DEMO105930,54.59501632218521,-5.522906923990636,3,3,5,23/03/2025,7,03:24,7,20.0,9,4,2.0,2.0,1,3,31
DEMO105931,53.30131946813696,-1.1403612018963551,2,3,4,29/03/2025,6,04:06,7,30.0,3,1,2.0,1.0,1,1,1
DEMO105932,51.82574876587492,-2.262105493446853,2,4,4,28/01/2025,2,22:56,12,60.0,1,6,,1.0,1,6,3
DEMO105933,54.16894104919901,-1.7822592850743668,3,2,2,10/10/2025,5,12:43,2,20.0,7,6,8.0,1.0,2,5,31
DEMO105934,51.45816641564165,-2.8304584166735847,3,1,2,20/02/2025,4,10:54,9,40.0,2,1,1.0,1.0,1,4,42
DEMO105935,53.929652995007444,-1.3871767992650061,3,4,5,15/04/2025,2,07:17,9,30.0,7,5,2.0,1.0,2,3,18
DEMO105936,52.50905505509469,-1.8591064839999785,1,2,5,08/05/2025,4,17:52,7,70.0,7,4,1.0,2.0,1,4,5
DEMO105937,52.80709681613648,-0.9327714255265411,2,3,4,15/08/2025,5,21:31,7,30.0,8,4,3.0,1.0,2,4,36
DEMO105938,54.27254365118614,-6.066619397837111,3,2,3,10/08/2025,7,18:11,2,20.0,9,7,1.0,2.0,1,2,42
DEMO105939,53.16362436737314,-2.1315207900163644,3,1,2,19/10/2025,7,12:19,9,40.0,2,1,5.0,1.0,1,2,3
DEMO105940,53.82871873943649,-1.7519822461774621,3,2,3,19/04/2025,6,11:48,7,30.0,9,1,2.0,1.0,1,1,36
DEMO105941,,-3.1381510983854177,3,6,10,21/05/2025,3,20:46,9,60.0,8,1,1.0,2.0,1,6,14
DEMO105942,53.337617330360295,-2.462816579243694,2,2,2,22/05/2025,4,20:43,9,70.0,9,7,,1.0,1,2,15
DEMO105943,53.447519993204864,-1.6845854823856192,3,5,5,18/01/2025,6,09:13,6,60.0,8,1,1.0,1.0,1,6,11
DEMO105944,53.3809950972338,-1.96597206438876,3,4,4,27/09/2025,6,23:38,12,30.0,0,5,4.0,1.0,1,3,18
DEMO105945,52.750414362727874,-1.3443781187337964,3,1,1,15/07/2025,2,19:56,2,50.0,6,6,5.0,1.0,1,1,6
DEMO105946,53.81031450990493,-1.8376210318364135,3,6,8,23/06/2025,1,20:02,1,20.0,1,6,1.0,1.0,1,3,6
DEMO105947,54.52954358356483,-5.6820830230901,3,5,5,30/12/2025,2,01:19,3,20.0,8,1,2.0,2.0,1,3,26
DEMO105948,54.48239166976799,-6.335243971429257,3,3,4,07/03/2025,5,03:04,3,30.0,0,1,1.0,1.0,1,1,40
DEMO105949,53.039923320618385,-1.2967241541035555,3,5,6,20/12/2025,6,07:06,7,40.0,0,7,6.0,1.0,1,1,14
DEMO105950,51.280847342943765,-2.6738286362055845,3,4,4,06/09/2025,6,18:59,3,30.0,9,4,8.0,1.0,1,3,39
DEMO105951,56.1910286048793,-2.8470092956162785,2,2,5,22/03/2025,6,01:14,7,60.0,9,1,4.0,1.0,1,5,18
DEMO105952,53.636964194939885,-2.1631641959347556,3,1,1,05/09/2025,5,01:10,12,40.0,7,1,1.0,1.0,1,4,20
DEMO105953,53.25069477217698,-1.7274468904745974,2,4,7,03/10/2025,5,00:04,9,30.0,3,6,2.0,5.0,1,1,29
DEMO105954,55.82889244703586,-4.310479819727854,3,3,5,13/05/2025,2,04:58,3,30.0,8,7,9.0,1.0,1,5,36
DEMO105955,56.08253829559499,-3.9670646445708866,2,5,5,06/05/2025,2,22:28,12,40.0,9,4,1.0,1.0,2,1,4
DEMO105956,53.5538370271356,-1.9905372529973973,3,2,2,01/11/2025,6,17:47,9,50.0,0,1,4.0,1.0,1,4,6
DEMO105957,55.82348336024697,-4.412229494718133,3,4,4,28/02/2025,5,17:15,9,30.0,1,5,8.0,1.0,1,3,36
DEMO105958,53.24710475096952,-1.8229455645582013,3,2,2,05/01/2025,7,07:38,3,50.0,9,1,5.0,1.0,1,3,18
DEMO105959,51.46137617423803,-3.333242430316236,2,4,6,01/09/2025,1,15:53,7,60.0,0,7,3.0,1.0,1,1,18
DEMO105960,53.40636325467995,-2.0796407058273156,3,3,4,27/11/2025,4,18:40,2,30.0,8,1,2.0,1.0,1,1,35
DEMO105961,53.43672757055458,-1.891346618194988,1,2,3,02/07/2025,3,12:31,3,60.0,7,1,7.0,1.0,1,4,12
DEMO105962,55.89680333221063,-3.2298969921795964,3,1,2,19/02/2025,3,20:12,1,70.0,6,1,1.0,1.0,1,2,35
DEMO105963,53.6266611232729,-1.841698154731183,2,1,2,16/07/2025,3,13:14,7,70.0,0,1,7.0,2.0,1,3,36
DEMO105964,56.06174855604705,-4.368470262976266,3,2,2,02/04/2025,3,07:35,1,30.0,8,1,2.0,1.0,2,4,42
DEMO105965,52.584017485936634,-1.7676923380320553,2,3,5,29/10/2025,3,15:27,3,20.0,7,5,4.0,2.0,2,3,11
DEMO105966,55.68463188055064,-4.2673267749541415,3,3,3,12/08/2025,2,22:02,7,50.0,9,1,7.0,1.0,1,5,27
DEMO105967,53.27496096870587,-1.3032332317204296,3,2,2,03/05/2025,6,19:11,3,30.0,6,5,2.0,1.0,1,6,28
DEMO105968,53.608576099268376,-1.948665620088243,3,2,3,16/08/2025,6,11:25,3,30.0,9,1,1.0,1.0,1,2,20
DEMO105969,51.35642464113925,0.7675127278883284,3,2,4,01/09/2025,1,14:10,9,30.0,1,1,1.0,1.0,1,2,9
DEMO105970,55.83356847755548,-4.03398579709019,3,3,4,05/09/2025,5,23:33,9,40.0,1,1,5.0,4.0,1,3,17
DEMO105971,53.42845413844392,-2.0981428668220476,3,2,3,14/05/2025,3,17:18,9,30.0,9,4,3.0,1.0,1,4,25
DEMO105972,53.278199080418396,-3.148876170092737,2,4,4,28/07/2025,1,12:17,9,20.0,0,1,1.0,1.0,1,3,23
DEMO105973,51.31631296938019,0.08684793868579385,3,3,3,16/01/2025,4,06:06,3,60.0,2,6,6.0,1.0,1,2,18
DEMO105974,54.587438560085864,-5.5546843697865995,3,1,1,28/05/2025,3,21:30,2,30.0,1,1,7.0,2.0,1,6,26
DEMO105975,52.787323939761166,-1.3201861055124169,3,2,4,18/05/2025,7,23:11,6,30.0,8,1,6.0,1.0,1,3,38
DEMO105976,54.48993903932254,-6.064568916897201,3,3,5,15/07/2025,2,01:37,12,70.0,8,1,3.0,3.0,2,3,31
DEMO105977,52.63909996901579,-2.0459584153139474,3,2,3,13/12/2025,6,00:56,3,60.0,9,5,8.0,1.0,1,4,18
DEMO105978,53.351721913327594,-2.560111016357098,3,2,3,15/12/2025,1,02:54,3,30.0,1,1,6.0,1.0,1,3,32
DEMO105979,53.463422744637526,-1.4739166474422964,3,1,1,26/06/2025,4,09:40,9,30.0,2,1,1.0,3.0,1,4,31
DEMO105980,53.553408048971,-1.793615753198044,3,2,2,24/08/2025,7,03:48,7,50.0,2,1,9.0,1.0,1,1,14
DEMO105981,55.93401917977664,-3.212144891665179,3,3,3,09/02/2025,7,21:55,3,50.0,9,1,2.0,1.0,2,4,44
DEMO105982,54.68907102251567,-5.853335845571682,2,3,4,26/06/2025,4,21:40,9,60.0,7,1,7.0,1.0,1,2,6
DEMO105983,55.79904784597614,-3.1204473718116894,3,2,2,09/09/2025,2,04:15,7,20.0,2,5,5.0,4.0,1,6,1
DEMO105984,52.61961321012107,-2.0093837587444514,2,4,5,07/09/2025,7,19:30,12,40.0,2,5,3.0,2.0,1,6,24
DEMO105985,53.91691152368476,-1.920873431180214,3,3,3,18/12/2025,4,03:51,3,30.0,2,1,1.0,1.0,1,4,4
DEMO105986,51.74349993729214,-2.8866048492368743,2,2,3,20/06/2025,5,18:40,3,70.0,8,1,1.0,2.0,1,3,30
DEMO105987,53.16574804856002,-1.5823506962625666,2,3,3,28/11/2025,5,08:21,2,20.0,7,1,1.0,1.0,2,4,26
DEMO105988,51.529200752395425,-3.150899838991689,3,2,3,24/12/2025,3,00:10,3,40.0,7,7,4.0,1.0,2,4,14
DEMO105989,53.451663267430156,-0.8015386129829685,3,2,3,28/07/2025,1,10:08,3,50.0,6,6,6.0,2.0,1,5,11
DEMO105990,51.666478514253605,-0.10577509873972246,2,2,2,03/02/2025,1,19:22,1,60.0,0,1,1.0,2.0,1,4,41
DEMO105991,53.63751993257952,-2.6847294068474974,3,1,2,18/05/2025,7,22:48,3,50.0,8,7,1.0,1.0,1,4,1
DEMO105992,55.87030462574252,-3.065942237264333,3,2,2,07/10/2025,2,02:33,6,30.0,8,1,4.0,2.0,1,4,20
DEMO105993,53.31472574304223,-1.8045124358865943,3,3,3,31/07/2025,4,20:03,3,60.0,1,1,1.0,1.0,2,6,42
DEMO105994,52.49921758835668,-1.5756333535990767,3,1,3,08/12/2025,1,07:55,2,40.0,7,7,1.0,4.0,2,2,34
DEMO105995,53.30037630111545,-2.3840370133803184,2,2,3,25/10/2025,6,11:24,6,40.0,9,5,1.0,1.0,1,6,13
DEMO105996,51.488412925137084,-3.281975797722021,3,5,5,24/01/2025,5,02:23,2,60.0,7,4,3.0,1.0,1,4,24
DEMO105997,54.5902306606419,-5.765976188956048,2,2,3,11/11/2025,2,23:49,2,30.0,8,4,3.0,2.0,1,6,44
DEMO105998,56.150259660087755,-3.415786047476964,2,4,4,11/05/2025,7,18:22,12,40.0,8,7,6.0,1.0,1,5,9
DEMO105999,52.696296530070235,-1.6648206437890005,3,2,3,26/10/2025,7,15:37,6,30.0,2,1,1.0,1.0,2,6,10
DEMO100000,52.6529441604021,-1.8613442905753383,2,2,2,15/08/2025,5,12:43,3,60.0,8,6,2.0,1.0,1,3,1
DEMO100001,56.085475439488306,-3.2777537153928127,2,2,3,30/10/2025,4,10:52,3,40.0,1,4,1.0,2.0,1,5,5
DEMO100002,53.100369382352966,-1.0403790814503622,2,3,4,22/08/2025,5,01:08,12,30.0,3,1,1.0,6.0,1,4,42
DEMO100003,53.58820406372743,-3.3564930120307963,3,2,3,05/08/2025,2,02:14,2,50.0,0,1,9.0,1.0,1,4,7
DEMO100004,53.71595979025626,-3.3640256329498883,3,1,2,20/06/2025,5,14:02,2,70.0,3,1,1.0,3.0,1,1,29
DEMO100005,51.70031129131907,-3.0637336082793545,3,1,1,31/03/2025,1,13:29,3,30.0,8,1,1.0,2.0,1,5,13
DEMO100006,52.2647301822139,-1.9070442209534642,3,6,9,13/04/2025,7,13:29,3,20.0,9,1,1.0,3.0,2,4,8
DEMO100007,55.668804486285616,-4.325534342477436,3,3,3,30/09/2025,2,03:01,7,30.0,6,6,7.0,1.0,2,6,35
DEMO100008,53.49449806361517,-2.681614351654517,3,3,4,26/01/2025,7,12:39,3,40.0,2,1,5.0,1.0,1,5,3
DEMO100009,52.59159056707429,-2.1011860635339525,3,3,3,31/01/2025,5,01:00,9,30.0,8,6,2.0,1.0,1,4,35
DEMO100010,53.111565496693835,-0.8033865468115935,3,2,2,25/05/2025,7,03:47,9,40.0,7,7,8.0,2.0,1,6,18
DEMO100011,54.45475969026038,-5.616314499015036,3,4,4,10/10/2025,5,11:42,6,30.0,6,1,1.0,3.0,2,2,16
DEMO100012,55.850810729490675,-4.06205230103925,2,2,3,28/08/2025,4,14:48,9,70.0,6,7,7.0,1.0,1,2,15
DEMO100013,55.80602086197386,-3.384174258847558,3,2,3,04/08/2025,1,15:07,2,30.0,6,1,1.0,1.0,1,2,19
DEMO100014,55.68298806477643,-4.331748142485018,2,2,2,14/07/2025,1,23:52,7,60.0,2,5,1.0,1.0,2,2,32
DEMO100015,56.026446517572566,-3.2848875555641444,2,4,5,10/02/2025,1,20:32,7,70.0,6,7,1.0,1.0,1,2,13
DEMO100016,52.9415839666756,-1.3205435477281213,3,1,2,02/05/2025,5,09:51,3,40.0,0,6,9.0,3.0,2,5,30
DEMO100017,52.568178886193124,-2.0209951644111186,3,3,4,30/01/2025,4,18:41,1,30.0,7,1,7.0,1.0,1,1,22
DEMO100018,51.378694460565676,-3.2033181569206324,1,3,6,04/10/2025,6,02:39,6,60.0,6,1,3.0,,1,4,12
DEMO100019,53.528941176690886,-3.345761043745804,3,7,7,02/10/2025,4,20:01,6,30.0,3,1,1.0,1.0,1,6,2
DEMO100020,52.75184433664231,-0.8747032310769219,2,3,4,05/04/2025,6,09:41,7,40.0,2,7,1.0,3.0,2,4,21
DEMO100021,51.37252359455816,-2.6204275176554277,3,1,1,17/04/2025,4,18:26,3,20.0,7,1,,2.0,1,1,16
DEMO100022,53.2815908382923,-2.3631222126622777,3,2,2,26/04/2025,6,23:50,3,30.0,6,1,1.0,1.0,1,6,21
DEMO100023,54.64851325300758,-6.308416404536125,3,3,5,21/11/2025,5,16:41,12,40.0,1,1,1.0,1.0,2,1,39
DEMO100024,56.27954950281195,-3.0004354788139613,3,1,3,28/06/2025,6,22:04,2,50.0,3,1,3.0,2.0,1,3,18
DEMO100025,53.44745919243306,-1.7202010166908481,2,2,3,06/10/2025,1,00:53,12,70.0,0,1,3.0,4.0,1,1,17
DEMO100026,51.43619377260942,-2.472233463867598,3,2,4,13/06/2025,5,04:03,9,40.0,3,1,7.0,1.0,1,2,32
DEMO100027,55.91775665547981,-3.3997106556956918,3,2,2,12/09/2025,5,15:17,7,30.0,7,4,2.0,1.0,1,3,19
DEMO100028,52.85039574430177,-1.1307216694190225,3,2,5,12/07/2025,6,12:13,3,40.0,3,1,1.0,1.0,1,3,38
DEMO100029,53.60733102792173,-3.2993749130511754,2,4,7,12/04/2025,6,02:58,9,20.0,2,1,2.0,1.0,2,6,28
DEMO100030,53.4825471038831,-3.032466296275654,3,1,2,16/11/2025,7,17:09,12,30.0,2,1,1.0,1.0,1,3,6
DEMO100031,53.179565174092744,-2.2612432676439598,2,2,2,16/09/2025,2,01:50,9,30.0,3,1,3.0,5.0,1,1,39
DEMO100032,52.68209325449192,-1.851612491291095,3,2,2,08/10/2025,3,23:13,7,20.0,0,6,5.0,1.0,1,1,14
DEMO100033,52.798099608634026,-0.9460780687746608,3,3,3,13/12/2025,6,03:39,6,20.0,9,1,1.0,3.0,1,6,41
DEMO100034,51.363531609200926,-3.055143421192356,3,3,3,01/04/2025,2,10:05,2,20.0,7,1,1.0,1.0,1,4,13
DEMO100035,51.57981212271137,0.24732415641215946,3,3,3,03/02/2025,1,19:23,12,30.0,7,1,6.0,1.0,1,6,12
DEMO100036,51.37391640578988,-3.522410884907646,2,1,1,01/08/2025,5,12:37,1,60.0,1,1,2.0,1.0,2,2,7
DEMO100037,56.35700855557893,-2.686381451441804,3,3,3,30/04/2025,3,17:42,6,30.0,9,6,2.0,1.0,2,3,4
DEMO100038,53.757866870194796,-1.3234527097004714,3,4,4,09/06/2025,1,16:52,3,60.0,7,6,4.0,3.0,1,2,36
DEMO100039,53.495068174549814,-1.5762740988501718,2,2,4,27/03/2025,4,22:48,9,60.0,3,1,2.0,1.0,1,5,34
